url,bro,bypassed_bro,browserless,bypassed_browserless,browserbase,bypassed_browserbase,browseruse,bypassed_browseruse,firecrawl,bypassed_firecrawl,hyperbrowser,bypassed_hyperbrowser,obscura,bypassed_obscura,playwright,bypassed_playwright,selenium,bypassed_selenium,checked
https://www.autohotkey.com/v2/,https://jsonify.hel1.your-objectstorage.com/screenshots/195b0a0b-4a4e-4fa9-add6-dee73327159d.png,TRUE,https://jsonify.hel1.your-objectstorage.com/screenshots/evals/results-2026-08-11-full/bless/001_www.autohotkey.com_v2.png,FALSE,https://jsonify.hel1.your-objectstorage.com/screenshots/evals/results-2026-08-11-full/bbase/001_www.autohotkey.com_v2.png,FALSE,https://jsonify.hel1.your-objectstorage.com/screenshots/evals/results-2026-08-11-full/browseruse/001_www.autohotkey.com_v2.png,TRUE,https://jsonify.hel1.your-objectstorage.com/screenshots/evals/results-2026-08-11-full/firecrawl_browser/001_www.autohotkey.com_v2.png,FALSE,https://jsonify.hel1.your-objectstorage.com/screenshots/evals/results-2026-08-11-full/hyperbrowser/001_www.autohotkey.com_v2.png,FALSE,https://jsonify.hel1.your-objectstorage.com/screenshots/evals/results-2026-08-11-full/obscura/001_www.autohotkey.com_v2.png,FALSE,https://jsonify.hel1.your-objectstorage.com/screenshots/evals/results-2026-08-11-full/playwright/001_www.autohotkey.com_v2.png,FALSE,https://jsonify.hel1.your-objectstorage.com/screenshots/evals/results-2026-08-11-full/selenium/001_www.autohotkey.com_v2.png,FALSE,TRUE
https://www.pokemon.com/us/,https://jsonify.hel1.your-objectstorage.com/screenshots/c3e25f41-7d31-4b73-9463-7694ca8ed8a0.png,TRUE,https://jsonify.hel1.your-objectstorage.com/screenshots/evals/results-2026-08-11-full/bless/002_www.pokemon.com_us.png,TRUE,https://jsonify.hel1.your-objectstorage.com/screenshots/evals/results-2026-08-11-full/bbase/002_www.pokemon.com_us.png,TRUE,https://jsonify.hel1.your-objectstorage.com/screenshots/evals/results-2026-08-11-full/browseruse/002_www.pokemon.com_us.png,TRUE,https://jsonify.hel1.your-objectstorage.com/screenshots/evals/results-2026-08-11-full/firecrawl_browser/002_www.pokemon.com_us.png,TRUE,https://jsonify.hel1.your-objectstorage.com/screenshots/evals/results-2026-08-11-full/hyperbrowser/002_www.pokemon.com_us.png,TRUE,https://jsonify.hel1.your-objectstorage.com/screenshots/evals/results-2026-08-11-full/obscura/002_www.pokemon.com_us.png,FALSE,https://jsonify.hel1.your-objectstorage.com/screenshots/evals/results-2026-08-11-full/playwright/002_www.pokemon.com_us.png,FALSE,https://jsonify.hel1.your-objectstorage.com/screenshots/evals/results-2026-08-11-full/selenium/002_www.pokemon.com_us.png,FALSE,TRUE
https://www.bestwestern.com,https://jsonify.hel1.your-objectstorage.com/screenshots/cd79779d-6c44-4563-87bc-c46e5223e24a.png,FALSE,https://jsonify.hel1.your-objectstorage.com/screenshots/evals/results-2026-08-11-full/bless/003_www.bestwestern.com_home.png,TRUE,https://jsonify.hel1.your-objectstorage.com/screenshots/evals/results-2026-08-11-full/bbase/003_www.bestwestern.com_home.png,FALSE,https://jsonify.hel1.your-objectstorage.com/screenshots/evals/results-2026-08-11-full/browseruse/003_www.bestwestern.com_home.png,TRUE,https://jsonify.hel1.your-objectstorage.com/screenshots/evals/results-2026-08-11-full/firecrawl_browser/003_www.bestwestern.com_home.png,TRUE,https://jsonify.hel1.your-objectstorage.com/screenshots/evals/results-2026-08-11-full/hyperbrowser/003_www.bestwestern.com_home.png,FALSE,https://jsonify.hel1.your-objectstorage.com/screenshots/evals/results-2026-08-11-full/obscura/003_www.bestwestern.com_home.png,FALSE,https://jsonify.hel1.your-objectstorage.com/screenshots/evals/results-2026-08-11-full/playwright/003_www.bestwestern.com_home.png,FALSE,https://jsonify.hel1.your-objectstorage.com/screenshots/evals/results-2026-08-11-full/selenium/003_www.bestwestern.com_home.png,FALSE,TRUE
https://www.walmart.com/search?q=laptop,https://jsonify.hel1.your-objectstorage.com/screenshots/ea933365-8f6c-4c6a-86a2-ce4dc6ba8596.png,TRUE,https://jsonify.hel1.your-objectstorage.com/screenshots/evals/results-2026-08-11-full/bless/004_www.walmart.com_search_q_laptop.png,TRUE,https://jsonify.hel1.your-objectstorage.com/screenshots/evals/results-2026-08-11-full/bbase/004_www.walmart.com_search_q_laptop.png,FALSE,https://jsonify.hel1.your-objectstorage.com/screenshots/evals/results-2026-08-11-full/browseruse/004_www.walmart.com_search_q_laptop.png,FALSE,https://jsonify.hel1.your-objectstorage.com/screenshots/evals/results-2026-08-11-full/firecrawl_browser/004_www.walmart.com_search_q_laptop.png,FALSE,https://jsonify.hel1.your-objectstorage.com/screenshots/evals/results-2026-08-11-full/hyperbrowser/004_www.walmart.com_search_q_laptop.png,FALSE,https://jsonify.hel1.your-objectstorage.com/screenshots/evals/results-2026-08-11-full/obscura/004_www.walmart.com_search_q_laptop.png,TRUE,https://jsonify.hel1.your-objectstorage.com/screenshots/evals/results-2026-08-11-full/playwright/004_www.walmart.com_search_q_laptop.png,FALSE,https://jsonify.hel1.your-objectstorage.com/screenshots/evals/results-2026-08-11-full/selenium/004_www.walmart.com_search_q_laptop.png,FALSE,TRUE
https://www.smzdm.com/,https://jsonify.hel1.your-objectstorage.com/screenshots/8381235a-7195-40c6-9fff-23158d2260d1.png,TRUE,https://jsonify.hel1.your-objectstorage.com/screenshots/evals/results-2026-08-11-full/bless/005_www.smzdm.com_home.png,TRUE,https://jsonify.hel1.your-objectstorage.com/screenshots/evals/results-2026-08-11-full/bbase/005_www.smzdm.com_home.png,FALSE,https://jsonify.hel1.your-objectstorage.com/screenshots/evals/results-2026-08-11-full/browseruse/005_www.smzdm.com_home.png,FALSE,https://jsonify.hel1.your-objectstorage.com/screenshots/evals/results-2026-08-11-full/firecrawl_browser/005_www.smzdm.com_home.png,TRUE,https://jsonify.hel1.your-objectstorage.com/screenshots/evals/results-2026-08-11-full/hyperbrowser/005_www.smzdm.com_home.png,TRUE,https://jsonify.hel1.your-objectstorage.com/screenshots/evals/results-2026-08-11-full/obscura/005_www.smzdm.com_home.png,FALSE,https://jsonify.hel1.your-objectstorage.com/screenshots/evals/results-2026-08-11-full/playwright/005_www.smzdm.com_home.png,FALSE,https://jsonify.hel1.your-objectstorage.com/screenshots/evals/results-2026-08-11-full/selenium/005_www.smzdm.com_home.png,FALSE,TRUE
https://yybanzou.com/,https://jsonify.hel1.your-objectstorage.com/screenshots/ce6a3474-7973-422a-8e94-fd1772bad2da.png,FALSE,https://jsonify.hel1.your-objectstorage.com/screenshots/evals/results-2026-08-11-full/bless/006_yybanzou.com_home.png,FALSE,https://jsonify.hel1.your-objectstorage.com/screenshots/evals/results-2026-08-11-full/bbase/006_yybanzou.com_home.png,FALSE,https://jsonify.hel1.your-objectstorage.com/screenshots/evals/results-2026-08-11-full/browseruse/006_yybanzou.com_home.png,TRUE,https://jsonify.hel1.your-objectstorage.com/screenshots/evals/results-2026-08-11-full/firecrawl_browser/006_yybanzou.com_home.png,FALSE,https://jsonify.hel1.your-objectstorage.com/screenshots/evals/results-2026-08-11-full/hyperbrowser/006_yybanzou.com_home.png,FALSE,https://jsonify.hel1.your-objectstorage.com/screenshots/evals/results-2026-08-11-full/obscura/006_yybanzou.com_home.png,FALSE,https://jsonify.hel1.your-objectstorage.com/screenshots/evals/results-2026-08-11-full/playwright/006_yybanzou.com_home.png,FALSE,https://jsonify.hel1.your-objectstorage.com/screenshots/evals/results-2026-08-11-full/selenium/006_yybanzou.com_home.png,FALSE,TRUE
https://officeworks.com.au/,https://jsonify.hel1.your-objectstorage.com/screenshots/c68228a0-12c3-418d-b15d-5148068a5b8e.png,TRUE,https://jsonify.hel1.your-objectstorage.com/screenshots/evals/results-2026-08-11-full/bless/007_officeworks.com.au_home.png,TRUE,https://jsonify.hel1.your-objectstorage.com/screenshots/evals/results-2026-08-11-full/bbase/007_officeworks.com.au_home.png,TRUE,https://jsonify.hel1.your-objectstorage.com/screenshots/evals/results-2026-08-11-full/browseruse/007_officeworks.com.au_home.png,TRUE,https://jsonify.hel1.your-objectstorage.com/screenshots/evals/results-2026-08-11-full/firecrawl_browser/007_officeworks.com.au_home.png,TRUE,https://jsonify.hel1.your-objectstorage.com/screenshots/evals/results-2026-08-11-full/hyperbrowser/007_officeworks.com.au_home.png,TRUE,https://jsonify.hel1.your-objectstorage.com/screenshots/evals/results-2026-08-11-full/obscura/007_officeworks.com.au_home.png,TRUE,https://jsonify.hel1.your-objectstorage.com/screenshots/evals/results-2026-08-11-full/playwright/007_officeworks.com.au_home.png,FALSE,https://jsonify.hel1.your-objectstorage.com/screenshots/evals/results-2026-08-11-full/selenium/007_officeworks.com.au_home.png,FALSE,TRUE
https://theceshop.com/,https://jsonify.hel1.your-objectstorage.com/screenshots/5261ddaf-e5f0-48de-bc20-3f9b7e427d7f.png,TRUE,https://jsonify.hel1.your-objectstorage.com/screenshots/evals/results-2026-08-11-full/bless/008_theceshop.com_home.png,FALSE,https://jsonify.hel1.your-objectstorage.com/screenshots/evals/results-2026-08-11-full/bbase/008_theceshop.com_home.png,TRUE,https://jsonify.hel1.your-objectstorage.com/screenshots/evals/results-2026-08-11-full/browseruse/008_theceshop.com_home.png,TRUE,https://jsonify.hel1.your-objectstorage.com/screenshots/evals/results-2026-08-11-full/firecrawl_browser/008_theceshop.com_home.png,TRUE,https://jsonify.hel1.your-objectstorage.com/screenshots/evals/results-2026-08-11-full/hyperbrowser/008_theceshop.com_home.png,TRUE,https://jsonify.hel1.your-objectstorage.com/screenshots/evals/results-2026-08-11-full/obscura/008_theceshop.com_home.png,FALSE,https://jsonify.hel1.your-objectstorage.com/screenshots/evals/results-2026-08-11-full/playwright/008_theceshop.com_home.png,TRUE,https://jsonify.hel1.your-objectstorage.com/screenshots/evals/results-2026-08-11-full/selenium/008_theceshop.com_home.png,TRUE,TRUE
https://www.idealista.com/en/venta-viviendas/las-palmas/gran-canaria/,https://jsonify.hel1.your-objectstorage.com/screenshots/24cf2ca3-fda5-426a-9f72-f6d833afdb67.png,FALSE,https://jsonify.hel1.your-objectstorage.com/screenshots/evals/results-2026-08-11-full/bless/009_www.idealista.com_en_venta-viviendas_las-palmas_gran-canaria.png,FALSE,https://jsonify.hel1.your-objectstorage.com/screenshots/evals/results-2026-08-11-full/bbase/009_www.idealista.com_en_venta-viviendas_las-palmas_gran-canaria.png,FALSE,https://jsonify.hel1.your-objectstorage.com/screenshots/evals/results-2026-08-11-full/browseruse/009_www.idealista.com_en_venta-viviendas_las-palmas_gran-canaria.png,FALSE,https://jsonify.hel1.your-objectstorage.com/screenshots/evals/results-2026-08-11-full/firecrawl_browser/009_www.idealista.com_en_venta-viviendas_las-palmas_gran-canaria.png,FALSE,https://jsonify.hel1.your-objectstorage.com/screenshots/evals/results-2026-08-11-full/hyperbrowser/009_www.idealista.com_en_venta-viviendas_las-palmas_gran-canaria.png,FALSE,https://jsonify.hel1.your-objectstorage.com/screenshots/evals/results-2026-08-11-full/obscura/009_www.idealista.com_en_venta-viviendas_las-palmas_gran-canaria.png,FALSE,https://jsonify.hel1.your-objectstorage.com/screenshots/evals/results-2026-08-11-full/playwright/009_www.idealista.com_en_venta-viviendas_las-palmas_gran-canaria.png,FALSE,https://jsonify.hel1.your-objectstorage.com/screenshots/evals/results-2026-08-11-full/selenium/009_www.idealista.com_en_venta-viviendas_las-palmas_gran-canaria.png,FALSE,TRUE
https://www.carrefour.fr/,https://jsonify.hel1.your-objectstorage.com/screenshots/87ba85f9-f1be-457d-87a0-1a6ca0a62c31.png,TRUE,https://jsonify.hel1.your-objectstorage.com/screenshots/evals/results-2026-08-11-full/bless/010_www.carrefour.fr_home.png,FALSE,https://jsonify.hel1.your-objectstorage.com/screenshots/evals/results-2026-08-11-full/bbase/010_www.carrefour.fr_home.png,TRUE,https://jsonify.hel1.your-objectstorage.com/screenshots/evals/results-2026-08-11-full/browseruse/010_www.carrefour.fr_home.png,FALSE,https://jsonify.hel1.your-objectstorage.com/screenshots/evals/results-2026-08-11-full/firecrawl_browser/010_www.carrefour.fr_home.png,FALSE,https://jsonify.hel1.your-objectstorage.com/screenshots/evals/results-2026-08-11-full/hyperbrowser/010_www.carrefour.fr_home.png,FALSE,https://jsonify.hel1.your-objectstorage.com/screenshots/evals/results-2026-08-11-full/obscura/010_www.carrefour.fr_home.png,FALSE,https://jsonify.hel1.your-objectstorage.com/screenshots/evals/results-2026-08-11-full/playwright/010_www.carrefour.fr_home.png,FALSE,https://jsonify.hel1.your-objectstorage.com/screenshots/evals/results-2026-08-11-full/selenium/010_www.carrefour.fr_home.png,FALSE,TRUE
https://intermarche.pl/,https://jsonify.hel1.your-objectstorage.com/screenshots/e6fa9735-c7ab-493c-8b40-807936c14397.png,TRUE,https://jsonify.hel1.your-objectstorage.com/screenshots/evals/results-2026-08-11-full/bless/011_intermarche.pl_home.png,FALSE,https://jsonify.hel1.your-objectstorage.com/screenshots/evals/results-2026-08-11-full/bbase/011_intermarche.pl_home.png,TRUE,https://jsonify.hel1.your-objectstorage.com/screenshots/evals/results-2026-08-11-full/browseruse/011_intermarche.pl_home.png,TRUE,https://jsonify.hel1.your-objectstorage.com/screenshots/evals/results-2026-08-11-full/firecrawl_browser/011_intermarche.pl_home.png,TRUE,https://jsonify.hel1.your-objectstorage.com/screenshots/evals/results-2026-08-11-full/hyperbrowser/011_intermarche.pl_home.png,TRUE,https://jsonify.hel1.your-objectstorage.com/screenshots/evals/results-2026-08-11-full/obscura/011_intermarche.pl_home.png,TRUE,https://jsonify.hel1.your-objectstorage.com/screenshots/evals/results-2026-08-11-full/playwright/011_intermarche.pl_home.png,FALSE,https://jsonify.hel1.your-objectstorage.com/screenshots/evals/results-2026-08-11-full/selenium/011_intermarche.pl_home.png,FALSE,TRUE
https://www.grainger.com/,https://jsonify.hel1.your-objectstorage.com/screenshots/346def68-61c2-407c-b6f6-7ab3b8f3514e.png,FALSE,https://jsonify.hel1.your-objectstorage.com/screenshots/evals/results-2026-08-11-full/bless/012_www.grainger.com_home.png,TRUE,https://jsonify.hel1.your-objectstorage.com/screenshots/evals/results-2026-08-11-full/bbase/012_www.grainger.com_home.png,FALSE,https://jsonify.hel1.your-objectstorage.com/screenshots/evals/results-2026-08-11-full/browseruse/012_www.grainger.com_home.png,FALSE,https://jsonify.hel1.your-objectstorage.com/screenshots/evals/results-2026-08-11-full/firecrawl_browser/012_www.grainger.com_home.png,FALSE,https://jsonify.hel1.your-objectstorage.com/screenshots/evals/results-2026-08-11-full/hyperbrowser/012_www.grainger.com_home.png,FALSE,https://jsonify.hel1.your-objectstorage.com/screenshots/evals/results-2026-08-11-full/obscura/012_www.grainger.com_home.png,FALSE,https://jsonify.hel1.your-objectstorage.com/screenshots/evals/results-2026-08-11-full/playwright/012_www.grainger.com_home.png,FALSE,https://jsonify.hel1.your-objectstorage.com/screenshots/evals/results-2026-08-11-full/selenium/012_www.grainger.com_home.png,FALSE,TRUE
https://caterermiddleeast.com/,https://jsonify.hel1.your-objectstorage.com/screenshots/1528abdb-c51f-40af-ac0e-342fd7bd57fe.png,TRUE,https://jsonify.hel1.your-objectstorage.com/screenshots/evals/results-2026-08-11-full/bless/013_caterermiddleeast.com_home.png,TRUE,https://jsonify.hel1.your-objectstorage.com/screenshots/evals/results-2026-08-11-full/bbase/013_caterermiddleeast.com_home.png,TRUE,https://jsonify.hel1.your-objectstorage.com/screenshots/evals/results-2026-08-11-full/browseruse/013_caterermiddleeast.com_home.png,TRUE,https://jsonify.hel1.your-objectstorage.com/screenshots/evals/results-2026-08-11-full/firecrawl_browser/013_caterermiddleeast.com_home.png,TRUE,https://jsonify.hel1.your-objectstorage.com/screenshots/evals/results-2026-08-11-full/hyperbrowser/013_caterermiddleeast.com_home.png,TRUE,https://jsonify.hel1.your-objectstorage.com/screenshots/evals/results-2026-08-11-full/obscura/013_caterermiddleeast.com_home.png,FALSE,https://jsonify.hel1.your-objectstorage.com/screenshots/evals/results-2026-08-11-full/playwright/013_caterermiddleeast.com_home.png,FALSE,https://jsonify.hel1.your-objectstorage.com/screenshots/evals/results-2026-08-11-full/selenium/013_caterermiddleeast.com_home.png,FALSE,TRUE
https://www.timeoutdubai.com/things-to-do/night-swimming-in-dubai,https://jsonify.hel1.your-objectstorage.com/screenshots/fdd0dfb5-33db-4889-84a4-d1a6a2af698a.png,TRUE,https://jsonify.hel1.your-objectstorage.com/screenshots/evals/results-2026-08-11-full/bless/014_www.timeoutdubai.com_things-to-do_night-swimming-in-dubai.png,TRUE,https://jsonify.hel1.your-objectstorage.com/screenshots/evals/results-2026-08-11-full/bbase/014_www.timeoutdubai.com_things-to-do_night-swimming-in-dubai.png,FALSE,https://jsonify.hel1.your-objectstorage.com/screenshots/evals/results-2026-08-11-full/browseruse/014_www.timeoutdubai.com_things-to-do_night-swimming-in-dubai.png,TRUE,https://jsonify.hel1.your-objectstorage.com/screenshots/evals/results-2026-08-11-full/firecrawl_browser/014_www.timeoutdubai.com_things-to-do_night-swimming-in-dubai.png,TRUE,https://jsonify.hel1.your-objectstorage.com/screenshots/evals/results-2026-08-11-full/hyperbrowser/014_www.timeoutdubai.com_things-to-do_night-swimming-in-dubai.png,TRUE,https://jsonify.hel1.your-objectstorage.com/screenshots/evals/results-2026-08-11-full/obscura/014_www.timeoutdubai.com_things-to-do_night-swimming-in-dubai.png,FALSE,https://jsonify.hel1.your-objectstorage.com/screenshots/evals/results-2026-08-11-full/playwright/014_www.timeoutdubai.com_things-to-do_night-swimming-in-dubai.png,FALSE,https://jsonify.hel1.your-objectstorage.com/screenshots/evals/results-2026-08-11-full/selenium/014_www.timeoutdubai.com_things-to-do_night-swimming-in-dubai.png,FALSE,TRUE
https://whosampled.com/,https://jsonify.hel1.your-objectstorage.com/screenshots/f58b1d90-0ef6-421c-a561-c71316ff634f.png,TRUE,https://jsonify.hel1.your-objectstorage.com/screenshots/evals/results-2026-08-11-full/bless/015_whosampled.com_home.png,TRUE,https://jsonify.hel1.your-objectstorage.com/screenshots/evals/results-2026-08-11-full/bbase/015_whosampled.com_home.png,TRUE,https://jsonify.hel1.your-objectstorage.com/screenshots/evals/results-2026-08-11-full/browseruse/015_whosampled.com_home.png,TRUE,https://jsonify.hel1.your-objectstorage.com/screenshots/evals/results-2026-08-11-full/firecrawl_browser/015_whosampled.com_home.png,TRUE,https://jsonify.hel1.your-objectstorage.com/screenshots/evals/results-2026-08-11-full/hyperbrowser/015_whosampled.com_home.png,FALSE,https://jsonify.hel1.your-objectstorage.com/screenshots/evals/results-2026-08-11-full/obscura/015_whosampled.com_home.png,FALSE,https://jsonify.hel1.your-objectstorage.com/screenshots/evals/results-2026-08-11-full/playwright/015_whosampled.com_home.png,FALSE,https://jsonify.hel1.your-objectstorage.com/screenshots/evals/results-2026-08-11-full/selenium/015_whosampled.com_home.png,FALSE,TRUE
https://www.ziprecruiter.ie/,https://jsonify.hel1.your-objectstorage.com/screenshots/0e3ab1e4-1c89-4242-a28e-d8620361f7f3.png,TRUE,https://jsonify.hel1.your-objectstorage.com/screenshots/evals/results-2026-08-11-full/bless/016_www.ziprecruiter.ie_home.png,TRUE,https://jsonify.hel1.your-objectstorage.com/screenshots/evals/results-2026-08-11-full/bbase/016_www.ziprecruiter.ie_home.png,TRUE,https://jsonify.hel1.your-objectstorage.com/screenshots/evals/results-2026-08-11-full/browseruse/016_www.ziprecruiter.ie_home.png,TRUE,https://jsonify.hel1.your-objectstorage.com/screenshots/evals/results-2026-08-11-full/firecrawl_browser/016_www.ziprecruiter.ie_home.png,TRUE,https://jsonify.hel1.your-objectstorage.com/screenshots/evals/results-2026-08-11-full/hyperbrowser/016_www.ziprecruiter.ie_home.png,TRUE,https://jsonify.hel1.your-objectstorage.com/screenshots/evals/results-2026-08-11-full/obscura/016_www.ziprecruiter.ie_home.png,TRUE,https://jsonify.hel1.your-objectstorage.com/screenshots/evals/results-2026-08-11-full/playwright/016_www.ziprecruiter.ie_home.png,FALSE,https://jsonify.hel1.your-objectstorage.com/screenshots/evals/results-2026-08-11-full/selenium/016_www.ziprecruiter.ie_home.png,FALSE,TRUE
https://www.indeed.com/jobs?q=software+engineer,https://jsonify.hel1.your-objectstorage.com/screenshots/71a85f0a-7676-4a12-8c3e-113641ec0468.png,TRUE,https://jsonify.hel1.your-objectstorage.com/screenshots/evals/results-2026-08-11-full/bless/017_www.indeed.com_jobs_q_software_engineer.png,TRUE,https://jsonify.hel1.your-objectstorage.com/screenshots/evals/results-2026-08-11-full/bbase/017_www.indeed.com_jobs_q_software_engineer.png,TRUE,https://jsonify.hel1.your-objectstorage.com/screenshots/evals/results-2026-08-11-full/browseruse/017_www.indeed.com_jobs_q_software_engineer.png,TRUE,https://jsonify.hel1.your-objectstorage.com/screenshots/evals/results-2026-08-11-full/firecrawl_browser/017_www.indeed.com_jobs_q_software_engineer.png,FALSE,https://jsonify.hel1.your-objectstorage.com/screenshots/evals/results-2026-08-11-full/hyperbrowser/017_www.indeed.com_jobs_q_software_engineer.png,FALSE,https://jsonify.hel1.your-objectstorage.com/screenshots/evals/results-2026-08-11-full/obscura/017_www.indeed.com_jobs_q_software_engineer.png,FALSE,https://jsonify.hel1.your-objectstorage.com/screenshots/evals/results-2026-08-11-full/playwright/017_www.indeed.com_jobs_q_software_engineer.png,FALSE,https://jsonify.hel1.your-objectstorage.com/screenshots/evals/results-2026-08-11-full/selenium/017_www.indeed.com_jobs_q_software_engineer.png,FALSE,TRUE
https://www.bloomberg.com/search?query=stocks,https://jsonify.hel1.your-objectstorage.com/screenshots/aab94154-b0c3-4b21-9c4c-1189348c2e68.png,TRUE,https://jsonify.hel1.your-objectstorage.com/screenshots/evals/results-2026-08-11-full/bless/018_www.bloomberg.com_search_query_stocks.png,TRUE,https://jsonify.hel1.your-objectstorage.com/screenshots/evals/results-2026-08-11-full/bbase/018_www.bloomberg.com_search_query_stocks.png,TRUE,https://jsonify.hel1.your-objectstorage.com/screenshots/evals/results-2026-08-11-full/browseruse/018_www.bloomberg.com_search_query_stocks.png,TRUE,https://jsonify.hel1.your-objectstorage.com/screenshots/evals/results-2026-08-11-full/firecrawl_browser/018_www.bloomberg.com_search_query_stocks.png,TRUE,https://jsonify.hel1.your-objectstorage.com/screenshots/evals/results-2026-08-11-full/hyperbrowser/018_www.bloomberg.com_search_query_stocks.png,TRUE,https://jsonify.hel1.your-objectstorage.com/screenshots/evals/results-2026-08-11-full/obscura/018_www.bloomberg.com_search_query_stocks.png,FALSE,https://jsonify.hel1.your-objectstorage.com/screenshots/evals/results-2026-08-11-full/playwright/018_www.bloomberg.com_search_query_stocks.png,FALSE,https://jsonify.hel1.your-objectstorage.com/screenshots/evals/results-2026-08-11-full/selenium/018_www.bloomberg.com_search_query_stocks.png,FALSE,TRUE
https://www.wsj.com/search?query=economy,https://jsonify.hel1.your-objectstorage.com/screenshots/df4debbb-3f74-4a18-96e7-f2b5862286bd.png,TRUE,https://jsonify.hel1.your-objectstorage.com/screenshots/evals/results-2026-08-11-full/bless/019_www.wsj.com_search_query_economy.png,TRUE,https://jsonify.hel1.your-objectstorage.com/screenshots/evals/results-2026-08-11-full/bbase/019_www.wsj.com_search_query_economy.png,FALSE,https://jsonify.hel1.your-objectstorage.com/screenshots/evals/results-2026-08-11-full/browseruse/019_www.wsj.com_search_query_economy.png,TRUE,https://jsonify.hel1.your-objectstorage.com/screenshots/evals/results-2026-08-11-full/firecrawl_browser/019_www.wsj.com_search_query_economy.png,FALSE,https://jsonify.hel1.your-objectstorage.com/screenshots/evals/results-2026-08-11-full/hyperbrowser/019_www.wsj.com_search_query_economy.png,FALSE,https://jsonify.hel1.your-objectstorage.com/screenshots/evals/results-2026-08-11-full/obscura/019_www.wsj.com_search_query_economy.png,FALSE,https://jsonify.hel1.your-objectstorage.com/screenshots/evals/results-2026-08-11-full/playwright/019_www.wsj.com_search_query_economy.png,FALSE,https://jsonify.hel1.your-objectstorage.com/screenshots/evals/results-2026-08-11-full/selenium/019_www.wsj.com_search_query_economy.png,FALSE,TRUE
https://octopart.com/search?q=resistor,https://jsonify.hel1.your-objectstorage.com/screenshots/26c9c431-b2f2-45a4-89af-7646102315f2.png,FALSE,https://jsonify.hel1.your-objectstorage.com/screenshots/evals/results-2026-08-11-full/bless/020_octopart.com_search_q_resistor.png,FALSE,https://jsonify.hel1.your-objectstorage.com/screenshots/evals/results-2026-08-11-full/bbase/020_octopart.com_search_q_resistor.png,FALSE,https://jsonify.hel1.your-objectstorage.com/screenshots/evals/results-2026-08-11-full/browseruse/020_octopart.com_search_q_resistor.png,TRUE,https://jsonify.hel1.your-objectstorage.com/screenshots/evals/results-2026-08-11-full/firecrawl_browser/020_octopart.com_search_q_resistor.png,FALSE,https://jsonify.hel1.your-objectstorage.com/screenshots/evals/results-2026-08-11-full/hyperbrowser/020_octopart.com_search_q_resistor.png,TRUE,https://jsonify.hel1.your-objectstorage.com/screenshots/evals/results-2026-08-11-full/obscura/020_octopart.com_search_q_resistor.png,FALSE,https://jsonify.hel1.your-objectstorage.com/screenshots/evals/results-2026-08-11-full/playwright/020_octopart.com_search_q_resistor.png,FALSE,https://jsonify.hel1.your-objectstorage.com/screenshots/evals/results-2026-08-11-full/selenium/020_octopart.com_search_q_resistor.png,FALSE,TRUE
https://www.nj.bet365.com/#/HO/,https://jsonify.hel1.your-objectstorage.com/screenshots/eab70bfa-8388-4583-a129-65c42c8ff164.png,TRUE,https://jsonify.hel1.your-objectstorage.com/screenshots/evals/results-2026-08-11-full/bless/021_www.nj.bet365.com_home.png,TRUE,https://jsonify.hel1.your-objectstorage.com/screenshots/evals/results-2026-08-11-full/bbase/021_www.nj.bet365.com_home.png,TRUE,https://jsonify.hel1.your-objectstorage.com/screenshots/evals/results-2026-08-11-full/browseruse/021_www.nj.bet365.com_home.png,TRUE,https://jsonify.hel1.your-objectstorage.com/screenshots/evals/results-2026-08-11-full/firecrawl_browser/021_www.nj.bet365.com_home.png,FALSE,https://jsonify.hel1.your-objectstorage.com/screenshots/evals/results-2026-08-11-full/hyperbrowser/021_www.nj.bet365.com_home.png,FALSE,https://jsonify.hel1.your-objectstorage.com/screenshots/evals/results-2026-08-11-full/obscura/021_www.nj.bet365.com_home.png,FALSE,https://jsonify.hel1.your-objectstorage.com/screenshots/evals/results-2026-08-11-full/playwright/021_www.nj.bet365.com_home.png,FALSE,https://jsonify.hel1.your-objectstorage.com/screenshots/evals/results-2026-08-11-full/selenium/021_www.nj.bet365.com_home.png,FALSE,TRUE
https://www.zillow.com/homes/for_sale/,https://jsonify.hel1.your-objectstorage.com/screenshots/f0ced8ee-1dfa-4e55-aad8-3b14ac1dedcb.png,FALSE,https://jsonify.hel1.your-objectstorage.com/screenshots/evals/results-2026-08-11-full/bless/022_www.zillow.com_homes_for_sale.png,FALSE,https://jsonify.hel1.your-objectstorage.com/screenshots/evals/results-2026-08-11-full/bbase/022_www.zillow.com_homes_for_sale.png,FALSE,https://jsonify.hel1.your-objectstorage.com/screenshots/evals/results-2026-08-11-full/browseruse/022_www.zillow.com_homes_for_sale.png,TRUE,https://jsonify.hel1.your-objectstorage.com/screenshots/evals/results-2026-08-11-full/firecrawl_browser/022_www.zillow.com_homes_for_sale.png,FALSE,https://jsonify.hel1.your-objectstorage.com/screenshots/evals/results-2026-08-11-full/hyperbrowser/022_www.zillow.com_homes_for_sale.png,FALSE,https://jsonify.hel1.your-objectstorage.com/screenshots/evals/results-2026-08-11-full/obscura/022_www.zillow.com_homes_for_sale.png,FALSE,https://jsonify.hel1.your-objectstorage.com/screenshots/evals/results-2026-08-11-full/playwright/022_www.zillow.com_homes_for_sale.png,FALSE,https://jsonify.hel1.your-objectstorage.com/screenshots/evals/results-2026-08-11-full/selenium/022_www.zillow.com_homes_for_sale.png,FALSE,TRUE
https://www.google.com/search?q=web+scraping,https://jsonify.hel1.your-objectstorage.com/screenshots/7f42d1ec-e551-41a1-8bd2-5f1870027b19.png,FALSE,https://jsonify.hel1.your-objectstorage.com/screenshots/evals/results-2026-08-11-full/bless/023_www.google.com_search_q_web_scraping.png,FALSE,https://jsonify.hel1.your-objectstorage.com/screenshots/evals/results-2026-08-11-full/bbase/023_www.google.com_search_q_web_scraping.png,FALSE,https://jsonify.hel1.your-objectstorage.com/screenshots/evals/results-2026-08-11-full/browseruse/023_www.google.com_search_q_web_scraping.png,FALSE,https://jsonify.hel1.your-objectstorage.com/screenshots/evals/results-2026-08-11-full/firecrawl_browser/023_www.google.com_search_q_web_scraping.png,FALSE,https://jsonify.hel1.your-objectstorage.com/screenshots/evals/results-2026-08-11-full/hyperbrowser/023_www.google.com_search_q_web_scraping.png,FALSE,https://jsonify.hel1.your-objectstorage.com/screenshots/evals/results-2026-08-11-full/obscura/023_www.google.com_search_q_web_scraping.png,FALSE,,FALSE,https://jsonify.hel1.your-objectstorage.com/screenshots/evals/results-2026-08-11-full/selenium/023_www.google.com_search_q_web_scraping.png,FALSE,TRUE
https://search.yahoo.com/search?p=technology,https://jsonify.hel1.your-objectstorage.com/screenshots/01d79e3b-9e71-4b53-9227-9617ae9b4db9.png,TRUE,https://jsonify.hel1.your-objectstorage.com/screenshots/evals/results-2026-08-11-full/bless/024_search.yahoo.com_search_p_technology.png,TRUE,https://jsonify.hel1.your-objectstorage.com/screenshots/evals/results-2026-08-11-full/bbase/024_search.yahoo.com_search_p_technology.png,TRUE,https://jsonify.hel1.your-objectstorage.com/screenshots/evals/results-2026-08-11-full/browseruse/024_search.yahoo.com_search_p_technology.png,TRUE,https://jsonify.hel1.your-objectstorage.com/screenshots/evals/results-2026-08-11-full/firecrawl_browser/024_search.yahoo.com_search_p_technology.png,TRUE,https://jsonify.hel1.your-objectstorage.com/screenshots/evals/results-2026-08-11-full/hyperbrowser/024_search.yahoo.com_search_p_technology.png,TRUE,https://jsonify.hel1.your-objectstorage.com/screenshots/evals/results-2026-08-11-full/obscura/024_search.yahoo.com_search_p_technology.png,TRUE,https://jsonify.hel1.your-objectstorage.com/screenshots/evals/results-2026-08-11-full/playwright/024_search.yahoo.com_search_p_technology.png,FALSE,https://jsonify.hel1.your-objectstorage.com/screenshots/evals/results-2026-08-11-full/selenium/024_search.yahoo.com_search_p_technology.png,FALSE,TRUE
https://www.bing.com/search?q=artificial+intelligence,https://jsonify.hel1.your-objectstorage.com/screenshots/45b45a0d-3d88-4651-8b49-42207645cf1d.png,FALSE,,FALSE,https://jsonify.hel1.your-objectstorage.com/screenshots/evals/results-2026-08-11-full/bbase/025_www.bing.com_search_q_artificial_intelligence.png,TRUE,https://jsonify.hel1.your-objectstorage.com/screenshots/evals/results-2026-08-11-full/browseruse/025_www.bing.com_search_q_artificial_intelligence.png,TRUE,https://jsonify.hel1.your-objectstorage.com/screenshots/evals/results-2026-08-11-full/firecrawl_browser/025_www.bing.com_search_q_artificial_intelligence.png,FALSE,https://jsonify.hel1.your-objectstorage.com/screenshots/evals/results-2026-08-11-full/hyperbrowser/025_www.bing.com_search_q_artificial_intelligence.png,TRUE,https://jsonify.hel1.your-objectstorage.com/screenshots/evals/results-2026-08-11-full/obscura/025_www.bing.com_search_q_artificial_intelligence.png,TRUE,https://jsonify.hel1.your-objectstorage.com/screenshots/evals/results-2026-08-11-full/playwright/025_www.bing.com_search_q_artificial_intelligence.png,FALSE,https://jsonify.hel1.your-objectstorage.com/screenshots/evals/results-2026-08-11-full/selenium/025_www.bing.com_search_q_artificial_intelligence.png,FALSE,TRUE
https://www.reddit.com/r/Minecraftbuilds/&ved=2ahUKEwjqgo-06ZyQAxVq9QIHHdG8MUcQFnoECBwQAQ&usg=AOvVaw2zcIqYS8EUoZPseMppUT3M,https://jsonify.hel1.your-objectstorage.com/screenshots/d33ba8cb-a59d-4062-bcdf-7911dabf5882.png,TRUE,https://jsonify.hel1.your-objectstorage.com/screenshots/evals/results-2026-08-11-full/bless/026_www.reddit.com_r_Minecraftbuilds_ved_2ahUKEwjqgo-06ZyQAxVq9QIHHdG8MUcQFnoECBwQAQ_usg_AOvVaw2zcIqYS8EUoZPseMppUT3M.png,TRUE,https://jsonify.hel1.your-objectstorage.com/screenshots/evals/results-2026-08-11-full/bbase/026_www.reddit.com_r_Minecraftbuilds_ved_2ahUKEwjqgo-06ZyQAxVq9QIHHdG8MUcQFnoECBwQAQ_usg_AOvVaw2zcIqYS8EUoZPseMppUT3M.png,FALSE,https://jsonify.hel1.your-objectstorage.com/screenshots/evals/results-2026-08-11-full/browseruse/026_www.reddit.com_r_Minecraftbuilds_ved_2ahUKEwjqgo-06ZyQAxVq9QIHHdG8MUcQFnoECBwQAQ_usg_AOvVaw2zcIqYS8EUoZPseMppUT3M.png,FALSE,https://jsonify.hel1.your-objectstorage.com/screenshots/evals/results-2026-08-11-full/firecrawl_browser/026_www.reddit.com_r_Minecraftbuilds_ved_2ahUKEwjqgo-06ZyQAxVq9QIHHdG8MUcQFnoECBwQAQ_usg_AOvVaw2zcIqYS8EUoZPseMppUT3M.png,TRUE,https://jsonify.hel1.your-objectstorage.com/screenshots/evals/results-2026-08-11-full/hyperbrowser/026_www.reddit.com_r_Minecraftbuilds_ved_2ahUKEwjqgo-06ZyQAxVq9QIHHdG8MUcQFnoECBwQAQ_usg_AOvVaw2zcIqYS8EUoZPseMppUT3M.png,TRUE,https://jsonify.hel1.your-objectstorage.com/screenshots/evals/results-2026-08-11-full/obscura/026_www.reddit.com_r_Minecraftbuilds_ved_2ahUKEwjqgo-06ZyQAxVq9QIHHdG8MUcQFnoECBwQAQ_usg_AOvVaw2zcIqYS8EUoZPseMppUT3M.png,TRUE,https://jsonify.hel1.your-objectstorage.com/screenshots/evals/results-2026-08-11-full/playwright/026_www.reddit.com_r_Minecraftbuilds_ved_2ahUKEwjqgo-06ZyQAxVq9QIHHdG8MUcQFnoECBwQAQ_usg_AOvVaw2zcIqYS8EUoZPseMppUT3M.png,FALSE,https://jsonify.hel1.your-objectstorage.com/screenshots/evals/results-2026-08-11-full/selenium/026_www.reddit.com_r_Minecraftbuilds_ved_2ahUKEwjqgo-06ZyQAxVq9QIHHdG8MUcQFnoECBwQAQ_usg_AOvVaw2zcIqYS8EUoZPseMppUT3M.png,FALSE,TRUE
https://www.thefork.com/search?cityId=415144,https://jsonify.hel1.your-objectstorage.com/screenshots/34b61a96-fb6b-4b89-9a78-fff9c51d3bcf.png,TRUE,https://jsonify.hel1.your-objectstorage.com/screenshots/evals/results-2026-08-11-full/bless/027_www.thefork.com_search_cityId_415144.png,TRUE,https://jsonify.hel1.your-objectstorage.com/screenshots/evals/results-2026-08-11-full/bbase/027_www.thefork.com_search_cityId_415144.png,FALSE,https://jsonify.hel1.your-objectstorage.com/screenshots/evals/results-2026-08-11-full/browseruse/027_www.thefork.com_search_cityId_415144.png,TRUE,https://jsonify.hel1.your-objectstorage.com/screenshots/evals/results-2026-08-11-full/firecrawl_browser/027_www.thefork.com_search_cityId_415144.png,TRUE,https://jsonify.hel1.your-objectstorage.com/screenshots/evals/results-2026-08-11-full/hyperbrowser/027_www.thefork.com_search_cityId_415144.png,FALSE,https://jsonify.hel1.your-objectstorage.com/screenshots/evals/results-2026-08-11-full/obscura/027_www.thefork.com_search_cityId_415144.png,FALSE,https://jsonify.hel1.your-objectstorage.com/screenshots/evals/results-2026-08-11-full/playwright/027_www.thefork.com_search_cityId_415144.png,FALSE,https://jsonify.hel1.your-objectstorage.com/screenshots/evals/results-2026-08-11-full/selenium/027_www.thefork.com_search_cityId_415144.png,FALSE,TRUE
https://www.petsmart.com/search/?q=dog+food,https://jsonify.hel1.your-objectstorage.com/screenshots/9ae3d733-4326-49cc-b19d-540edf06a2c7.png,TRUE,https://jsonify.hel1.your-objectstorage.com/screenshots/evals/results-2026-08-11-full/bless/028_www.petsmart.com_search_q_dog_food.png,TRUE,https://jsonify.hel1.your-objectstorage.com/screenshots/evals/results-2026-08-11-full/bbase/028_www.petsmart.com_search_q_dog_food.png,TRUE,https://jsonify.hel1.your-objectstorage.com/screenshots/evals/results-2026-08-11-full/browseruse/028_www.petsmart.com_search_q_dog_food.png,TRUE,https://jsonify.hel1.your-objectstorage.com/screenshots/evals/results-2026-08-11-full/firecrawl_browser/028_www.petsmart.com_search_q_dog_food.png,TRUE,https://jsonify.hel1.your-objectstorage.com/screenshots/evals/results-2026-08-11-full/hyperbrowser/028_www.petsmart.com_search_q_dog_food.png,TRUE,https://jsonify.hel1.your-objectstorage.com/screenshots/evals/results-2026-08-11-full/obscura/028_www.petsmart.com_search_q_dog_food.png,TRUE,https://jsonify.hel1.your-objectstorage.com/screenshots/evals/results-2026-08-11-full/playwright/028_www.petsmart.com_search_q_dog_food.png,TRUE,https://jsonify.hel1.your-objectstorage.com/screenshots/evals/results-2026-08-11-full/selenium/028_www.petsmart.com_search_q_dog_food.png,TRUE,TRUE
https://www.rightmove.co.uk/property-for-sale/find.html?sortType=2&areaSizeUnit=sqft&viewType=LIST&channel=BUY&index=0&radius=0.0&locationIdentifier=OUTCODE%5E2505,https://jsonify.hel1.your-objectstorage.com/screenshots/336f1c4b-6bf9-4302-9be6-ecd5c4c245a5.png,TRUE,https://jsonify.hel1.your-objectstorage.com/screenshots/evals/results-2026-08-11-full/bless/029_www.rightmove.co.uk_property-for-sale_find.html_sortType_2_areaSizeUnit_sqft_viewType_LIST_channel_BUY_index.png,TRUE,https://jsonify.hel1.your-objectstorage.com/screenshots/evals/results-2026-08-11-full/bbase/029_www.rightmove.co.uk_property-for-sale_find.html_sortType_2_areaSizeUnit_sqft_viewType_LIST_channel_BUY_index.png,TRUE,https://jsonify.hel1.your-objectstorage.com/screenshots/evals/results-2026-08-11-full/browseruse/029_www.rightmove.co.uk_property-for-sale_find.html_sortType_2_areaSizeUnit_sqft_viewType_LIST_channel_BUY_index.png,TRUE,https://jsonify.hel1.your-objectstorage.com/screenshots/evals/results-2026-08-11-full/firecrawl_browser/029_www.rightmove.co.uk_property-for-sale_find.html_sortType_2_areaSizeUnit_sqft_viewType_LIST_channel_BUY_index.png,TRUE,https://jsonify.hel1.your-objectstorage.com/screenshots/evals/results-2026-08-11-full/hyperbrowser/029_www.rightmove.co.uk_property-for-sale_find.html_sortType_2_areaSizeUnit_sqft_viewType_LIST_channel_BUY_index.png,TRUE,https://jsonify.hel1.your-objectstorage.com/screenshots/evals/results-2026-08-11-full/obscura/029_www.rightmove.co.uk_property-for-sale_find.html_sortType_2_areaSizeUnit_sqft_viewType_LIST_channel_BUY_index.png,TRUE,https://jsonify.hel1.your-objectstorage.com/screenshots/evals/results-2026-08-11-full/playwright/029_www.rightmove.co.uk_property-for-sale_find.html_sortType_2_areaSizeUnit_sqft_viewType_LIST_channel_BUY_index.png,TRUE,https://jsonify.hel1.your-objectstorage.com/screenshots/evals/results-2026-08-11-full/selenium/029_www.rightmove.co.uk_property-for-sale_find.html_sortType_2_areaSizeUnit_sqft_viewType_LIST_channel_BUY_index.png,TRUE,TRUE
https://www.aliexpress.com/wholesale?SearchText=laptop,https://jsonify.hel1.your-objectstorage.com/screenshots/391cd5cf-bb4e-4269-9931-c95d97605f97.png,TRUE,https://jsonify.hel1.your-objectstorage.com/screenshots/evals/results-2026-08-11-full/bless/030_www.aliexpress.com_wholesale_SearchText_laptop.png,TRUE,https://jsonify.hel1.your-objectstorage.com/screenshots/evals/results-2026-08-11-full/bbase/030_www.aliexpress.com_wholesale_SearchText_laptop.png,TRUE,https://jsonify.hel1.your-objectstorage.com/screenshots/evals/results-2026-08-11-full/browseruse/030_www.aliexpress.com_wholesale_SearchText_laptop.png,FALSE,https://jsonify.hel1.your-objectstorage.com/screenshots/evals/results-2026-08-11-full/firecrawl_browser/030_www.aliexpress.com_wholesale_SearchText_laptop.png,FALSE,https://jsonify.hel1.your-objectstorage.com/screenshots/evals/results-2026-08-11-full/hyperbrowser/030_www.aliexpress.com_wholesale_SearchText_laptop.png,FALSE,https://jsonify.hel1.your-objectstorage.com/screenshots/evals/results-2026-08-11-full/obscura/030_www.aliexpress.com_wholesale_SearchText_laptop.png,FALSE,https://jsonify.hel1.your-objectstorage.com/screenshots/evals/results-2026-08-11-full/playwright/030_www.aliexpress.com_wholesale_SearchText_laptop.png,TRUE,https://jsonify.hel1.your-objectstorage.com/screenshots/evals/results-2026-08-11-full/selenium/030_www.aliexpress.com_wholesale_SearchText_laptop.png,TRUE,TRUE
https://www.edwardjones.com/us-en/search/find-a-financial-advisor?fasearch=ba&searchtype=1,https://jsonify.hel1.your-objectstorage.com/screenshots/c546dd05-af8b-492d-a90b-aeb8a569cc11.png,TRUE,https://jsonify.hel1.your-objectstorage.com/screenshots/evals/results-2026-08-11-full/bless/031_www.edwardjones.com_us-en_search_find-a-financial-advisor_fasearch_ba_searchtype_1.png,TRUE,https://jsonify.hel1.your-objectstorage.com/screenshots/evals/results-2026-08-11-full/bbase/031_www.edwardjones.com_us-en_search_find-a-financial-advisor_fasearch_ba_searchtype_1.png,TRUE,https://jsonify.hel1.your-objectstorage.com/screenshots/evals/results-2026-08-11-full/browseruse/031_www.edwardjones.com_us-en_search_find-a-financial-advisor_fasearch_ba_searchtype_1.png,TRUE,https://jsonify.hel1.your-objectstorage.com/screenshots/evals/results-2026-08-11-full/firecrawl_browser/031_www.edwardjones.com_us-en_search_find-a-financial-advisor_fasearch_ba_searchtype_1.png,TRUE,https://jsonify.hel1.your-objectstorage.com/screenshots/evals/results-2026-08-11-full/hyperbrowser/031_www.edwardjones.com_us-en_search_find-a-financial-advisor_fasearch_ba_searchtype_1.png,TRUE,https://jsonify.hel1.your-objectstorage.com/screenshots/evals/results-2026-08-11-full/obscura/031_www.edwardjones.com_us-en_search_find-a-financial-advisor_fasearch_ba_searchtype_1.png,FALSE,https://jsonify.hel1.your-objectstorage.com/screenshots/evals/results-2026-08-11-full/playwright/031_www.edwardjones.com_us-en_search_find-a-financial-advisor_fasearch_ba_searchtype_1.png,TRUE,https://jsonify.hel1.your-objectstorage.com/screenshots/evals/results-2026-08-11-full/selenium/031_www.edwardjones.com_us-en_search_find-a-financial-advisor_fasearch_ba_searchtype_1.png,TRUE,TRUE
https://pitchbook.com/profiles/search,https://jsonify.hel1.your-objectstorage.com/screenshots/422625bf-2b6b-45db-9a77-23ac40ae95a6.png,TRUE,https://jsonify.hel1.your-objectstorage.com/screenshots/evals/results-2026-08-11-full/bless/032_pitchbook.com_profiles_search.png,TRUE,https://jsonify.hel1.your-objectstorage.com/screenshots/evals/results-2026-08-11-full/bbase/032_pitchbook.com_profiles_search.png,TRUE,https://jsonify.hel1.your-objectstorage.com/screenshots/evals/results-2026-08-11-full/browseruse/032_pitchbook.com_profiles_search.png,TRUE,https://jsonify.hel1.your-objectstorage.com/screenshots/evals/results-2026-08-11-full/firecrawl_browser/032_pitchbook.com_profiles_search.png,FALSE,https://jsonify.hel1.your-objectstorage.com/screenshots/evals/results-2026-08-11-full/hyperbrowser/032_pitchbook.com_profiles_search.png,FALSE,https://jsonify.hel1.your-objectstorage.com/screenshots/evals/results-2026-08-11-full/obscura/032_pitchbook.com_profiles_search.png,FALSE,https://jsonify.hel1.your-objectstorage.com/screenshots/evals/results-2026-08-11-full/playwright/032_pitchbook.com_profiles_search.png,FALSE,https://jsonify.hel1.your-objectstorage.com/screenshots/evals/results-2026-08-11-full/selenium/032_pitchbook.com_profiles_search.png,FALSE,TRUE
https://www.mlb.com/scores,https://jsonify.hel1.your-objectstorage.com/screenshots/f08cef78-566c-4a46-a2a6-2da69b9bc6a0.png,TRUE,https://jsonify.hel1.your-objectstorage.com/screenshots/evals/results-2026-08-11-full/bless/033_www.mlb.com_scores.png,TRUE,https://jsonify.hel1.your-objectstorage.com/screenshots/evals/results-2026-08-11-full/bbase/033_www.mlb.com_scores.png,TRUE,https://jsonify.hel1.your-objectstorage.com/screenshots/evals/results-2026-08-11-full/browseruse/033_www.mlb.com_scores.png,TRUE,https://jsonify.hel1.your-objectstorage.com/screenshots/evals/results-2026-08-11-full/firecrawl_browser/033_www.mlb.com_scores.png,TRUE,https://jsonify.hel1.your-objectstorage.com/screenshots/evals/results-2026-08-11-full/hyperbrowser/033_www.mlb.com_scores.png,TRUE,https://jsonify.hel1.your-objectstorage.com/screenshots/evals/results-2026-08-11-full/obscura/033_www.mlb.com_scores.png,TRUE,https://jsonify.hel1.your-objectstorage.com/screenshots/evals/results-2026-08-11-full/playwright/033_www.mlb.com_scores.png,TRUE,https://jsonify.hel1.your-objectstorage.com/screenshots/evals/results-2026-08-11-full/selenium/033_www.mlb.com_scores.png,TRUE,TRUE
https://www.xfinity.com/learn/internet-service,https://jsonify.hel1.your-objectstorage.com/screenshots/24dad019-c396-4d7c-9686-860e08105e97.png,TRUE,https://jsonify.hel1.your-objectstorage.com/screenshots/evals/results-2026-08-11-full/bless/034_www.xfinity.com_learn_internet-service.png,TRUE,https://jsonify.hel1.your-objectstorage.com/screenshots/evals/results-2026-08-11-full/bbase/034_www.xfinity.com_learn_internet-service.png,TRUE,https://jsonify.hel1.your-objectstorage.com/screenshots/evals/results-2026-08-11-full/browseruse/034_www.xfinity.com_learn_internet-service.png,TRUE,https://jsonify.hel1.your-objectstorage.com/screenshots/evals/results-2026-08-11-full/firecrawl_browser/034_www.xfinity.com_learn_internet-service.png,TRUE,https://jsonify.hel1.your-objectstorage.com/screenshots/evals/results-2026-08-11-full/hyperbrowser/034_www.xfinity.com_learn_internet-service.png,TRUE,https://jsonify.hel1.your-objectstorage.com/screenshots/evals/results-2026-08-11-full/obscura/034_www.xfinity.com_learn_internet-service.png,TRUE,https://jsonify.hel1.your-objectstorage.com/screenshots/evals/results-2026-08-11-full/playwright/034_www.xfinity.com_learn_internet-service.png,FALSE,https://jsonify.hel1.your-objectstorage.com/screenshots/evals/results-2026-08-11-full/selenium/034_www.xfinity.com_learn_internet-service.png,FALSE,TRUE
https://www.crunchbase.com/discover/organization.companies,https://jsonify.hel1.your-objectstorage.com/screenshots/3a795acc-7542-467b-a199-fa3aff25eb2e.png,TRUE,https://jsonify.hel1.your-objectstorage.com/screenshots/evals/results-2026-08-11-full/bless/035_www.crunchbase.com_discover_organization.companies.png,FALSE,https://jsonify.hel1.your-objectstorage.com/screenshots/evals/results-2026-08-11-full/bbase/035_www.crunchbase.com_discover_organization.companies.png,TRUE,https://jsonify.hel1.your-objectstorage.com/screenshots/evals/results-2026-08-11-full/browseruse/035_www.crunchbase.com_discover_organization.companies.png,FALSE,https://jsonify.hel1.your-objectstorage.com/screenshots/evals/results-2026-08-11-full/firecrawl_browser/035_www.crunchbase.com_discover_organization.companies.png,FALSE,https://jsonify.hel1.your-objectstorage.com/screenshots/evals/results-2026-08-11-full/hyperbrowser/035_www.crunchbase.com_discover_organization.companies.png,FALSE,https://jsonify.hel1.your-objectstorage.com/screenshots/evals/results-2026-08-11-full/obscura/035_www.crunchbase.com_discover_organization.companies.png,FALSE,https://jsonify.hel1.your-objectstorage.com/screenshots/evals/results-2026-08-11-full/playwright/035_www.crunchbase.com_discover_organization.companies.png,FALSE,https://jsonify.hel1.your-objectstorage.com/screenshots/evals/results-2026-08-11-full/selenium/035_www.crunchbase.com_discover_organization.companies.png,FALSE,TRUE
https://www.searchpeoplefree.com/find/john-smith,https://jsonify.hel1.your-objectstorage.com/screenshots/805f813e-5807-4940-9000-cf00c20288d8.png,TRUE,https://jsonify.hel1.your-objectstorage.com/screenshots/evals/results-2026-08-11-full/bless/036_www.searchpeoplefree.com_find_john-smith.png,FALSE,https://jsonify.hel1.your-objectstorage.com/screenshots/evals/results-2026-08-11-full/bbase/036_www.searchpeoplefree.com_find_john-smith.png,TRUE,https://jsonify.hel1.your-objectstorage.com/screenshots/evals/results-2026-08-11-full/browseruse/036_www.searchpeoplefree.com_find_john-smith.png,TRUE,https://jsonify.hel1.your-objectstorage.com/screenshots/evals/results-2026-08-11-full/firecrawl_browser/036_www.searchpeoplefree.com_find_john-smith.png,FALSE,https://jsonify.hel1.your-objectstorage.com/screenshots/evals/results-2026-08-11-full/hyperbrowser/036_www.searchpeoplefree.com_find_john-smith.png,FALSE,https://jsonify.hel1.your-objectstorage.com/screenshots/evals/results-2026-08-11-full/obscura/036_www.searchpeoplefree.com_find_john-smith.png,FALSE,https://jsonify.hel1.your-objectstorage.com/screenshots/evals/results-2026-08-11-full/playwright/036_www.searchpeoplefree.com_find_john-smith.png,FALSE,https://jsonify.hel1.your-objectstorage.com/screenshots/evals/results-2026-08-11-full/selenium/036_www.searchpeoplefree.com_find_john-smith.png,FALSE,TRUE
https://www.stepstone.be/jobs/developer,https://jsonify.hel1.your-objectstorage.com/screenshots/fd35c7e2-7f06-4bab-821b-8e8e6c18f71d.png,TRUE,https://jsonify.hel1.your-objectstorage.com/screenshots/evals/results-2026-08-11-full/bless/037_www.stepstone.be_jobs_developer.png,TRUE,https://jsonify.hel1.your-objectstorage.com/screenshots/evals/results-2026-08-11-full/bbase/037_www.stepstone.be_jobs_developer.png,TRUE,https://jsonify.hel1.your-objectstorage.com/screenshots/evals/results-2026-08-11-full/browseruse/037_www.stepstone.be_jobs_developer.png,TRUE,https://jsonify.hel1.your-objectstorage.com/screenshots/evals/results-2026-08-11-full/firecrawl_browser/037_www.stepstone.be_jobs_developer.png,FALSE,https://jsonify.hel1.your-objectstorage.com/screenshots/evals/results-2026-08-11-full/hyperbrowser/037_www.stepstone.be_jobs_developer.png,FALSE,https://jsonify.hel1.your-objectstorage.com/screenshots/evals/results-2026-08-11-full/obscura/037_www.stepstone.be_jobs_developer.png,TRUE,https://jsonify.hel1.your-objectstorage.com/screenshots/evals/results-2026-08-11-full/playwright/037_www.stepstone.be_jobs_developer.png,TRUE,https://jsonify.hel1.your-objectstorage.com/screenshots/evals/results-2026-08-11-full/selenium/037_www.stepstone.be_jobs_developer.png,TRUE,TRUE
https://www.truecar.com/used-cars-for-sale/listings/,https://jsonify.hel1.your-objectstorage.com/screenshots/c4c44e29-42ce-4a9e-ae6a-36b50809097e.png,FALSE,https://jsonify.hel1.your-objectstorage.com/screenshots/evals/results-2026-08-11-full/bless/038_www.truecar.com_used-cars-for-sale_listings.png,FALSE,https://jsonify.hel1.your-objectstorage.com/screenshots/evals/results-2026-08-11-full/bbase/038_www.truecar.com_used-cars-for-sale_listings.png,FALSE,https://jsonify.hel1.your-objectstorage.com/screenshots/evals/results-2026-08-11-full/browseruse/038_www.truecar.com_used-cars-for-sale_listings.png,TRUE,https://jsonify.hel1.your-objectstorage.com/screenshots/evals/results-2026-08-11-full/firecrawl_browser/038_www.truecar.com_used-cars-for-sale_listings.png,FALSE,https://jsonify.hel1.your-objectstorage.com/screenshots/evals/results-2026-08-11-full/hyperbrowser/038_www.truecar.com_used-cars-for-sale_listings.png,FALSE,https://jsonify.hel1.your-objectstorage.com/screenshots/evals/results-2026-08-11-full/obscura/038_www.truecar.com_used-cars-for-sale_listings.png,FALSE,https://jsonify.hel1.your-objectstorage.com/screenshots/evals/results-2026-08-11-full/playwright/038_www.truecar.com_used-cars-for-sale_listings.png,FALSE,https://jsonify.hel1.your-objectstorage.com/screenshots/evals/results-2026-08-11-full/selenium/038_www.truecar.com_used-cars-for-sale_listings.png,FALSE,TRUE
https://www.cars24.com/buy-used-maruti-cars/,https://jsonify.hel1.your-objectstorage.com/screenshots/8464c053-c179-436f-9f23-c2a83f5c9f63.png,TRUE,https://jsonify.hel1.your-objectstorage.com/screenshots/evals/results-2026-08-11-full/bless/039_www.cars24.com_buy-used-maruti-cars.png,TRUE,https://jsonify.hel1.your-objectstorage.com/screenshots/evals/results-2026-08-11-full/bbase/039_www.cars24.com_buy-used-maruti-cars.png,TRUE,https://jsonify.hel1.your-objectstorage.com/screenshots/evals/results-2026-08-11-full/browseruse/039_www.cars24.com_buy-used-maruti-cars.png,TRUE,https://jsonify.hel1.your-objectstorage.com/screenshots/evals/results-2026-08-11-full/firecrawl_browser/039_www.cars24.com_buy-used-maruti-cars.png,TRUE,https://jsonify.hel1.your-objectstorage.com/screenshots/evals/results-2026-08-11-full/hyperbrowser/039_www.cars24.com_buy-used-maruti-cars.png,TRUE,https://jsonify.hel1.your-objectstorage.com/screenshots/evals/results-2026-08-11-full/obscura/039_www.cars24.com_buy-used-maruti-cars.png,FALSE,https://jsonify.hel1.your-objectstorage.com/screenshots/evals/results-2026-08-11-full/playwright/039_www.cars24.com_buy-used-maruti-cars.png,TRUE,https://jsonify.hel1.your-objectstorage.com/screenshots/evals/results-2026-08-11-full/selenium/039_www.cars24.com_buy-used-maruti-cars.png,TRUE,TRUE
https://preply.com/en/online/english-tutors,https://jsonify.hel1.your-objectstorage.com/screenshots/21212794-5669-4013-b3b9-94004966261f.png,TRUE,https://jsonify.hel1.your-objectstorage.com/screenshots/evals/results-2026-08-11-full/bless/040_preply.com_en_online_english-tutors.png,TRUE,https://jsonify.hel1.your-objectstorage.com/screenshots/evals/results-2026-08-11-full/bbase/040_preply.com_en_online_english-tutors.png,TRUE,https://jsonify.hel1.your-objectstorage.com/screenshots/evals/results-2026-08-11-full/browseruse/040_preply.com_en_online_english-tutors.png,TRUE,https://jsonify.hel1.your-objectstorage.com/screenshots/evals/results-2026-08-11-full/firecrawl_browser/040_preply.com_en_online_english-tutors.png,TRUE,https://jsonify.hel1.your-objectstorage.com/screenshots/evals/results-2026-08-11-full/hyperbrowser/040_preply.com_en_online_english-tutors.png,TRUE,https://jsonify.hel1.your-objectstorage.com/screenshots/evals/results-2026-08-11-full/obscura/040_preply.com_en_online_english-tutors.png,TRUE,https://jsonify.hel1.your-objectstorage.com/screenshots/evals/results-2026-08-11-full/playwright/040_preply.com_en_online_english-tutors.png,FALSE,https://jsonify.hel1.your-objectstorage.com/screenshots/evals/results-2026-08-11-full/selenium/040_preply.com_en_online_english-tutors.png,FALSE,TRUE
https://www.imovirtual.com/comprar/apartamento/,https://jsonify.hel1.your-objectstorage.com/screenshots/f8e60047-f5e7-4b2c-b105-a75a846f2a11.png,TRUE,https://jsonify.hel1.your-objectstorage.com/screenshots/evals/results-2026-08-11-full/bless/041_www.imovirtual.com_comprar_apartamento.png,TRUE,https://jsonify.hel1.your-objectstorage.com/screenshots/evals/results-2026-08-11-full/bbase/041_www.imovirtual.com_comprar_apartamento.png,TRUE,https://jsonify.hel1.your-objectstorage.com/screenshots/evals/results-2026-08-11-full/browseruse/041_www.imovirtual.com_comprar_apartamento.png,TRUE,https://jsonify.hel1.your-objectstorage.com/screenshots/evals/results-2026-08-11-full/firecrawl_browser/041_www.imovirtual.com_comprar_apartamento.png,TRUE,https://jsonify.hel1.your-objectstorage.com/screenshots/evals/results-2026-08-11-full/hyperbrowser/041_www.imovirtual.com_comprar_apartamento.png,TRUE,https://jsonify.hel1.your-objectstorage.com/screenshots/evals/results-2026-08-11-full/obscura/041_www.imovirtual.com_comprar_apartamento.png,TRUE,https://jsonify.hel1.your-objectstorage.com/screenshots/evals/results-2026-08-11-full/playwright/041_www.imovirtual.com_comprar_apartamento.png,FALSE,https://jsonify.hel1.your-objectstorage.com/screenshots/evals/results-2026-08-11-full/selenium/041_www.imovirtual.com_comprar_apartamento.png,FALSE,TRUE
https://www.washingtonpost.com/search/?query=politics,https://jsonify.hel1.your-objectstorage.com/screenshots/77f44152-5135-4da8-9073-1fa2ab05473f.png,TRUE,https://jsonify.hel1.your-objectstorage.com/screenshots/evals/results-2026-08-11-full/bless/042_www.washingtonpost.com_search_query_politics.png,TRUE,https://jsonify.hel1.your-objectstorage.com/screenshots/evals/results-2026-08-11-full/bbase/042_www.washingtonpost.com_search_query_politics.png,TRUE,https://jsonify.hel1.your-objectstorage.com/screenshots/evals/results-2026-08-11-full/browseruse/042_www.washingtonpost.com_search_query_politics.png,FALSE,https://jsonify.hel1.your-objectstorage.com/screenshots/evals/results-2026-08-11-full/firecrawl_browser/042_www.washingtonpost.com_search_query_politics.png,TRUE,https://jsonify.hel1.your-objectstorage.com/screenshots/evals/results-2026-08-11-full/hyperbrowser/042_www.washingtonpost.com_search_query_politics.png,FALSE,https://jsonify.hel1.your-objectstorage.com/screenshots/evals/results-2026-08-11-full/obscura/042_www.washingtonpost.com_search_query_politics.png,FALSE,https://jsonify.hel1.your-objectstorage.com/screenshots/evals/results-2026-08-11-full/playwright/042_www.washingtonpost.com_search_query_politics.png,FALSE,https://jsonify.hel1.your-objectstorage.com/screenshots/evals/results-2026-08-11-full/selenium/042_www.washingtonpost.com_search_query_politics.png,FALSE,TRUE
https://www.yelp.com/search?find_desc=Restaurants&find_loc=San+Francisco%2C+CA&dd_referrer=,https://jsonify.hel1.your-objectstorage.com/screenshots/25b7bdb9-e052-4b41-84b8-9245dc486ec9.png,TRUE,https://jsonify.hel1.your-objectstorage.com/screenshots/evals/results-2026-08-11-full/bless/043_www.yelp.com_search_find_desc_Restaurants_find_loc_San_Francisco_2C_CA_dd_referr.png,TRUE,https://jsonify.hel1.your-objectstorage.com/screenshots/evals/results-2026-08-11-full/bbase/043_www.yelp.com_search_find_desc_Restaurants_find_loc_San_Francisco_2C_CA_dd_referr.png,FALSE,https://jsonify.hel1.your-objectstorage.com/screenshots/evals/results-2026-08-11-full/browseruse/043_www.yelp.com_search_find_desc_Restaurants_find_loc_San_Francisco_2C_CA_dd_referr.png,FALSE,https://jsonify.hel1.your-objectstorage.com/screenshots/evals/results-2026-08-11-full/firecrawl_browser/043_www.yelp.com_search_find_desc_Restaurants_find_loc_San_Francisco_2C_CA_dd_referr.png,FALSE,https://jsonify.hel1.your-objectstorage.com/screenshots/evals/results-2026-08-11-full/hyperbrowser/043_www.yelp.com_search_find_desc_Restaurants_find_loc_San_Francisco_2C_CA_dd_referr.png,FALSE,https://jsonify.hel1.your-objectstorage.com/screenshots/evals/results-2026-08-11-full/obscura/043_www.yelp.com_search_find_desc_Restaurants_find_loc_San_Francisco_2C_CA_dd_referr.png,FALSE,https://jsonify.hel1.your-objectstorage.com/screenshots/evals/results-2026-08-11-full/playwright/043_www.yelp.com_search_find_desc_Restaurants_find_loc_San_Francisco_2C_CA_dd_referr.png,FALSE,https://jsonify.hel1.your-objectstorage.com/screenshots/evals/results-2026-08-11-full/selenium/043_www.yelp.com_search_find_desc_Restaurants_find_loc_San_Francisco_2C_CA_dd_referr.png,FALSE,TRUE
https://www.pixivision.net/en/c/illustration,https://jsonify.hel1.your-objectstorage.com/screenshots/9cd24e35-0c02-4dd1-b242-3fbec8d7f3c3.png,TRUE,https://jsonify.hel1.your-objectstorage.com/screenshots/evals/results-2026-08-11-full/bless/044_www.pixivision.net_en_c_illustration.png,TRUE,https://jsonify.hel1.your-objectstorage.com/screenshots/evals/results-2026-08-11-full/bbase/044_www.pixivision.net_en_c_illustration.png,TRUE,https://jsonify.hel1.your-objectstorage.com/screenshots/evals/results-2026-08-11-full/browseruse/044_www.pixivision.net_en_c_illustration.png,TRUE,https://jsonify.hel1.your-objectstorage.com/screenshots/evals/results-2026-08-11-full/firecrawl_browser/044_www.pixivision.net_en_c_illustration.png,TRUE,https://jsonify.hel1.your-objectstorage.com/screenshots/evals/results-2026-08-11-full/hyperbrowser/044_www.pixivision.net_en_c_illustration.png,TRUE,,FALSE,https://jsonify.hel1.your-objectstorage.com/screenshots/evals/results-2026-08-11-full/playwright/044_www.pixivision.net_en_c_illustration.png,TRUE,https://jsonify.hel1.your-objectstorage.com/screenshots/evals/results-2026-08-11-full/selenium/044_www.pixivision.net_en_c_illustration.png,TRUE,TRUE
https://www.ft.com/search?q=finance,https://jsonify.hel1.your-objectstorage.com/screenshots/819c81f8-170a-4048-ab22-ea59124b011b.png,TRUE,https://jsonify.hel1.your-objectstorage.com/screenshots/evals/results-2026-08-11-full/bless/045_www.ft.com_search_q_finance.png,TRUE,https://jsonify.hel1.your-objectstorage.com/screenshots/evals/results-2026-08-11-full/bbase/045_www.ft.com_search_q_finance.png,TRUE,https://jsonify.hel1.your-objectstorage.com/screenshots/evals/results-2026-08-11-full/browseruse/045_www.ft.com_search_q_finance.png,TRUE,https://jsonify.hel1.your-objectstorage.com/screenshots/evals/results-2026-08-11-full/firecrawl_browser/045_www.ft.com_search_q_finance.png,TRUE,https://jsonify.hel1.your-objectstorage.com/screenshots/evals/results-2026-08-11-full/hyperbrowser/045_www.ft.com_search_q_finance.png,TRUE,https://jsonify.hel1.your-objectstorage.com/screenshots/evals/results-2026-08-11-full/obscura/045_www.ft.com_search_q_finance.png,FALSE,https://jsonify.hel1.your-objectstorage.com/screenshots/evals/results-2026-08-11-full/playwright/045_www.ft.com_search_q_finance.png,FALSE,https://jsonify.hel1.your-objectstorage.com/screenshots/evals/results-2026-08-11-full/selenium/045_www.ft.com_search_q_finance.png,FALSE,TRUE
https://www.nytimes.com/search?query=news,https://jsonify.hel1.your-objectstorage.com/screenshots/442158d7-81e5-4af0-a28b-7b818caa4187.png,TRUE,https://jsonify.hel1.your-objectstorage.com/screenshots/evals/results-2026-08-11-full/bless/046_www.nytimes.com_search_query_news.png,TRUE,https://jsonify.hel1.your-objectstorage.com/screenshots/evals/results-2026-08-11-full/bbase/046_www.nytimes.com_search_query_news.png,TRUE,https://jsonify.hel1.your-objectstorage.com/screenshots/evals/results-2026-08-11-full/browseruse/046_www.nytimes.com_search_query_news.png,TRUE,https://jsonify.hel1.your-objectstorage.com/screenshots/evals/results-2026-08-11-full/firecrawl_browser/046_www.nytimes.com_search_query_news.png,TRUE,https://jsonify.hel1.your-objectstorage.com/screenshots/evals/results-2026-08-11-full/hyperbrowser/046_www.nytimes.com_search_query_news.png,TRUE,https://jsonify.hel1.your-objectstorage.com/screenshots/evals/results-2026-08-11-full/obscura/046_www.nytimes.com_search_query_news.png,TRUE,https://jsonify.hel1.your-objectstorage.com/screenshots/evals/results-2026-08-11-full/playwright/046_www.nytimes.com_search_query_news.png,FALSE,https://jsonify.hel1.your-objectstorage.com/screenshots/evals/results-2026-08-11-full/selenium/046_www.nytimes.com_search_query_news.png,FALSE,TRUE
https://www.reuters.com/site-search/?query=market,https://jsonify.hel1.your-objectstorage.com/screenshots/613b9955-bf77-409e-b445-96f746a57af9.png,TRUE,https://jsonify.hel1.your-objectstorage.com/screenshots/evals/results-2026-08-11-full/bless/047_www.reuters.com_site-search_query_market.png,TRUE,https://jsonify.hel1.your-objectstorage.com/screenshots/evals/results-2026-08-11-full/bbase/047_www.reuters.com_site-search_query_market.png,FALSE,https://jsonify.hel1.your-objectstorage.com/screenshots/evals/results-2026-08-11-full/browseruse/047_www.reuters.com_site-search_query_market.png,TRUE,https://jsonify.hel1.your-objectstorage.com/screenshots/evals/results-2026-08-11-full/firecrawl_browser/047_www.reuters.com_site-search_query_market.png,TRUE,https://jsonify.hel1.your-objectstorage.com/screenshots/evals/results-2026-08-11-full/hyperbrowser/047_www.reuters.com_site-search_query_market.png,FALSE,https://jsonify.hel1.your-objectstorage.com/screenshots/evals/results-2026-08-11-full/obscura/047_www.reuters.com_site-search_query_market.png,FALSE,https://jsonify.hel1.your-objectstorage.com/screenshots/evals/results-2026-08-11-full/playwright/047_www.reuters.com_site-search_query_market.png,FALSE,https://jsonify.hel1.your-objectstorage.com/screenshots/evals/results-2026-08-11-full/selenium/047_www.reuters.com_site-search_query_market.png,FALSE,TRUE
https://www.altassets.net/?s=capital,https://jsonify.hel1.your-objectstorage.com/screenshots/0c9aa329-9aae-4326-943e-8f2358fe5a45.png,TRUE,https://jsonify.hel1.your-objectstorage.com/screenshots/evals/results-2026-08-11-full/bless/048_www.altassets.net_home_s_capital.png,TRUE,https://jsonify.hel1.your-objectstorage.com/screenshots/evals/results-2026-08-11-full/bbase/048_www.altassets.net_home_s_capital.png,TRUE,https://jsonify.hel1.your-objectstorage.com/screenshots/evals/results-2026-08-11-full/browseruse/048_www.altassets.net_home_s_capital.png,TRUE,https://jsonify.hel1.your-objectstorage.com/screenshots/evals/results-2026-08-11-full/firecrawl_browser/048_www.altassets.net_home_s_capital.png,TRUE,https://jsonify.hel1.your-objectstorage.com/screenshots/evals/results-2026-08-11-full/hyperbrowser/048_www.altassets.net_home_s_capital.png,TRUE,https://jsonify.hel1.your-objectstorage.com/screenshots/evals/results-2026-08-11-full/obscura/048_www.altassets.net_home_s_capital.png,TRUE,https://jsonify.hel1.your-objectstorage.com/screenshots/evals/results-2026-08-11-full/playwright/048_www.altassets.net_home_s_capital.png,FALSE,https://jsonify.hel1.your-objectstorage.com/screenshots/evals/results-2026-08-11-full/selenium/048_www.altassets.net_home_s_capital.png,FALSE,TRUE
https://www.morningbrew.com/search?q=tech,https://jsonify.hel1.your-objectstorage.com/screenshots/0421e26e-2ce4-4258-a92c-1e3466f49b65.png,TRUE,https://jsonify.hel1.your-objectstorage.com/screenshots/evals/results-2026-08-11-full/bless/049_www.morningbrew.com_search_q_tech.png,FALSE,https://jsonify.hel1.your-objectstorage.com/screenshots/evals/results-2026-08-11-full/bbase/049_www.morningbrew.com_search_q_tech.png,TRUE,https://jsonify.hel1.your-objectstorage.com/screenshots/evals/results-2026-08-11-full/browseruse/049_www.morningbrew.com_search_q_tech.png,TRUE,https://jsonify.hel1.your-objectstorage.com/screenshots/evals/results-2026-08-11-full/firecrawl_browser/049_www.morningbrew.com_search_q_tech.png,TRUE,https://jsonify.hel1.your-objectstorage.com/screenshots/evals/results-2026-08-11-full/hyperbrowser/049_www.morningbrew.com_search_q_tech.png,TRUE,https://jsonify.hel1.your-objectstorage.com/screenshots/evals/results-2026-08-11-full/obscura/049_www.morningbrew.com_search_q_tech.png,FALSE,https://jsonify.hel1.your-objectstorage.com/screenshots/evals/results-2026-08-11-full/playwright/049_www.morningbrew.com_search_q_tech.png,TRUE,https://jsonify.hel1.your-objectstorage.com/screenshots/evals/results-2026-08-11-full/selenium/049_www.morningbrew.com_search_q_tech.png,TRUE,TRUE
https://www.youtube.com/results?search_query=programming,https://jsonify.hel1.your-objectstorage.com/screenshots/f67f3c7d-5e9f-4445-a684-c535db1b578e.png,TRUE,https://jsonify.hel1.your-objectstorage.com/screenshots/evals/results-2026-08-11-full/bless/050_www.youtube.com_results_search_query_programming.png,TRUE,https://jsonify.hel1.your-objectstorage.com/screenshots/evals/results-2026-08-11-full/bbase/050_www.youtube.com_results_search_query_programming.png,TRUE,https://jsonify.hel1.your-objectstorage.com/screenshots/evals/results-2026-08-11-full/browseruse/050_www.youtube.com_results_search_query_programming.png,TRUE,https://jsonify.hel1.your-objectstorage.com/screenshots/evals/results-2026-08-11-full/firecrawl_browser/050_www.youtube.com_results_search_query_programming.png,TRUE,https://jsonify.hel1.your-objectstorage.com/screenshots/evals/results-2026-08-11-full/hyperbrowser/050_www.youtube.com_results_search_query_programming.png,TRUE,https://jsonify.hel1.your-objectstorage.com/screenshots/evals/results-2026-08-11-full/obscura/050_www.youtube.com_results_search_query_programming.png,FALSE,,FALSE,https://jsonify.hel1.your-objectstorage.com/screenshots/evals/results-2026-08-11-full/selenium/050_www.youtube.com_results_search_query_programming.png,TRUE,TRUE
https://www.foxsports.com/scores,https://jsonify.hel1.your-objectstorage.com/screenshots/ff7b6fd1-7d8a-40b0-b53d-dba9a777d200.png,TRUE,https://jsonify.hel1.your-objectstorage.com/screenshots/evals/results-2026-08-11-full/bless/051_www.foxsports.com_scores.png,TRUE,https://jsonify.hel1.your-objectstorage.com/screenshots/evals/results-2026-08-11-full/bbase/051_www.foxsports.com_scores.png,TRUE,https://jsonify.hel1.your-objectstorage.com/screenshots/evals/results-2026-08-11-full/browseruse/051_www.foxsports.com_scores.png,TRUE,https://jsonify.hel1.your-objectstorage.com/screenshots/evals/results-2026-08-11-full/firecrawl_browser/051_www.foxsports.com_scores.png,TRUE,https://jsonify.hel1.your-objectstorage.com/screenshots/evals/results-2026-08-11-full/hyperbrowser/051_www.foxsports.com_scores.png,TRUE,https://jsonify.hel1.your-objectstorage.com/screenshots/evals/results-2026-08-11-full/obscura/051_www.foxsports.com_scores.png,TRUE,https://jsonify.hel1.your-objectstorage.com/screenshots/evals/results-2026-08-11-full/playwright/051_www.foxsports.com_scores.png,TRUE,https://jsonify.hel1.your-objectstorage.com/screenshots/evals/results-2026-08-11-full/selenium/051_www.foxsports.com_scores.png,TRUE,TRUE
https://sportsbook.fanduel.com/navigation/nfl,https://jsonify.hel1.your-objectstorage.com/screenshots/736a001c-b9f5-4fd0-a5ef-ea298338620e.png,TRUE,https://jsonify.hel1.your-objectstorage.com/screenshots/evals/results-2026-08-11-full/bless/052_sportsbook.fanduel.com_navigation_nfl.png,TRUE,https://jsonify.hel1.your-objectstorage.com/screenshots/evals/results-2026-08-11-full/bbase/052_sportsbook.fanduel.com_navigation_nfl.png,TRUE,https://jsonify.hel1.your-objectstorage.com/screenshots/evals/results-2026-08-11-full/browseruse/052_sportsbook.fanduel.com_navigation_nfl.png,TRUE,https://jsonify.hel1.your-objectstorage.com/screenshots/evals/results-2026-08-11-full/firecrawl_browser/052_sportsbook.fanduel.com_navigation_nfl.png,TRUE,https://jsonify.hel1.your-objectstorage.com/screenshots/evals/results-2026-08-11-full/hyperbrowser/052_sportsbook.fanduel.com_navigation_nfl.png,TRUE,https://jsonify.hel1.your-objectstorage.com/screenshots/evals/results-2026-08-11-full/obscura/052_sportsbook.fanduel.com_navigation_nfl.png,TRUE,https://jsonify.hel1.your-objectstorage.com/screenshots/evals/results-2026-08-11-full/playwright/052_sportsbook.fanduel.com_navigation_nfl.png,FALSE,https://jsonify.hel1.your-objectstorage.com/screenshots/evals/results-2026-08-11-full/selenium/052_sportsbook.fanduel.com_navigation_nfl.png,FALSE,TRUE
https://www.instacart.com/store/s?k=milk,https://jsonify.hel1.your-objectstorage.com/screenshots/83accbdf-5f4c-4d56-acc7-d92ba004a06c.png,TRUE,https://jsonify.hel1.your-objectstorage.com/screenshots/evals/results-2026-08-11-full/bless/053_www.instacart.com_store_s_k_milk.png,TRUE,https://jsonify.hel1.your-objectstorage.com/screenshots/evals/results-2026-08-11-full/bbase/053_www.instacart.com_store_s_k_milk.png,TRUE,https://jsonify.hel1.your-objectstorage.com/screenshots/evals/results-2026-08-11-full/browseruse/053_www.instacart.com_store_s_k_milk.png,TRUE,https://jsonify.hel1.your-objectstorage.com/screenshots/evals/results-2026-08-11-full/firecrawl_browser/053_www.instacart.com_store_s_k_milk.png,TRUE,https://jsonify.hel1.your-objectstorage.com/screenshots/evals/results-2026-08-11-full/hyperbrowser/053_www.instacart.com_store_s_k_milk.png,TRUE,https://jsonify.hel1.your-objectstorage.com/screenshots/evals/results-2026-08-11-full/obscura/053_www.instacart.com_store_s_k_milk.png,TRUE,https://jsonify.hel1.your-objectstorage.com/screenshots/evals/results-2026-08-11-full/playwright/053_www.instacart.com_store_s_k_milk.png,TRUE,https://jsonify.hel1.your-objectstorage.com/screenshots/evals/results-2026-08-11-full/selenium/053_www.instacart.com_store_s_k_milk.png,TRUE,TRUE
https://wellfound.com/jobs,https://jsonify.hel1.your-objectstorage.com/screenshots/ab0a0a88-d519-4a95-ba8a-768b9067b74c.png,TRUE,https://jsonify.hel1.your-objectstorage.com/screenshots/evals/results-2026-08-11-full/bless/054_wellfound.com_jobs.png,TRUE,https://jsonify.hel1.your-objectstorage.com/screenshots/evals/results-2026-08-11-full/bbase/054_wellfound.com_jobs.png,TRUE,https://jsonify.hel1.your-objectstorage.com/screenshots/evals/results-2026-08-11-full/browseruse/054_wellfound.com_jobs.png,TRUE,https://jsonify.hel1.your-objectstorage.com/screenshots/evals/results-2026-08-11-full/firecrawl_browser/054_wellfound.com_jobs.png,TRUE,https://jsonify.hel1.your-objectstorage.com/screenshots/evals/results-2026-08-11-full/hyperbrowser/054_wellfound.com_jobs.png,TRUE,https://jsonify.hel1.your-objectstorage.com/screenshots/evals/results-2026-08-11-full/obscura/054_wellfound.com_jobs.png,TRUE,https://jsonify.hel1.your-objectstorage.com/screenshots/evals/results-2026-08-11-full/playwright/054_wellfound.com_jobs.png,TRUE,https://jsonify.hel1.your-objectstorage.com/screenshots/evals/results-2026-08-11-full/selenium/054_wellfound.com_jobs.png,TRUE,TRUE
https://www.cbssports.com/nfl/scoreboard/,https://jsonify.hel1.your-objectstorage.com/screenshots/5364bbbe-c0d3-454c-a7e0-11b521f6c35e.png,TRUE,https://jsonify.hel1.your-objectstorage.com/screenshots/evals/results-2026-08-11-full/bless/055_www.cbssports.com_nfl_scoreboard.png,TRUE,https://jsonify.hel1.your-objectstorage.com/screenshots/evals/results-2026-08-11-full/bbase/055_www.cbssports.com_nfl_scoreboard.png,TRUE,https://jsonify.hel1.your-objectstorage.com/screenshots/evals/results-2026-08-11-full/browseruse/055_www.cbssports.com_nfl_scoreboard.png,TRUE,https://jsonify.hel1.your-objectstorage.com/screenshots/evals/results-2026-08-11-full/firecrawl_browser/055_www.cbssports.com_nfl_scoreboard.png,TRUE,https://jsonify.hel1.your-objectstorage.com/screenshots/evals/results-2026-08-11-full/hyperbrowser/055_www.cbssports.com_nfl_scoreboard.png,TRUE,https://jsonify.hel1.your-objectstorage.com/screenshots/evals/results-2026-08-11-full/obscura/055_www.cbssports.com_nfl_scoreboard.png,TRUE,https://jsonify.hel1.your-objectstorage.com/screenshots/evals/results-2026-08-11-full/playwright/055_www.cbssports.com_nfl_scoreboard.png,TRUE,https://jsonify.hel1.your-objectstorage.com/screenshots/evals/results-2026-08-11-full/selenium/055_www.cbssports.com_nfl_scoreboard.png,TRUE,TRUE
https://www.reclameaqui.com.br/busca/?q=internet,https://jsonify.hel1.your-objectstorage.com/screenshots/daa6502e-f207-4653-8a2d-df3656728c13.png,TRUE,https://jsonify.hel1.your-objectstorage.com/screenshots/evals/results-2026-08-11-full/bless/056_www.reclameaqui.com.br_busca_q_internet.png,TRUE,https://jsonify.hel1.your-objectstorage.com/screenshots/evals/results-2026-08-11-full/bbase/056_www.reclameaqui.com.br_busca_q_internet.png,TRUE,https://jsonify.hel1.your-objectstorage.com/screenshots/evals/results-2026-08-11-full/browseruse/056_www.reclameaqui.com.br_busca_q_internet.png,FALSE,https://jsonify.hel1.your-objectstorage.com/screenshots/evals/results-2026-08-11-full/firecrawl_browser/056_www.reclameaqui.com.br_busca_q_internet.png,TRUE,https://jsonify.hel1.your-objectstorage.com/screenshots/evals/results-2026-08-11-full/hyperbrowser/056_www.reclameaqui.com.br_busca_q_internet.png,FALSE,https://jsonify.hel1.your-objectstorage.com/screenshots/evals/results-2026-08-11-full/obscura/056_www.reclameaqui.com.br_busca_q_internet.png,FALSE,https://jsonify.hel1.your-objectstorage.com/screenshots/evals/results-2026-08-11-full/playwright/056_www.reclameaqui.com.br_busca_q_internet.png,FALSE,https://jsonify.hel1.your-objectstorage.com/screenshots/evals/results-2026-08-11-full/selenium/056_www.reclameaqui.com.br_busca_q_internet.png,FALSE,TRUE
https://www.tripadvisor.com/Search?q=hotel,https://jsonify.hel1.your-objectstorage.com/screenshots/b6c9b1f8-7711-4d1f-80cb-82d1671fed28.png,TRUE,https://jsonify.hel1.your-objectstorage.com/screenshots/evals/results-2026-08-11-full/bless/057_www.tripadvisor.com_Search_q_hotel.png,FALSE,https://jsonify.hel1.your-objectstorage.com/screenshots/evals/results-2026-08-11-full/bbase/057_www.tripadvisor.com_Search_q_hotel.png,TRUE,https://jsonify.hel1.your-objectstorage.com/screenshots/evals/results-2026-08-11-full/browseruse/057_www.tripadvisor.com_Search_q_hotel.png,TRUE,https://jsonify.hel1.your-objectstorage.com/screenshots/evals/results-2026-08-11-full/firecrawl_browser/057_www.tripadvisor.com_Search_q_hotel.png,FALSE,https://jsonify.hel1.your-objectstorage.com/screenshots/evals/results-2026-08-11-full/hyperbrowser/057_www.tripadvisor.com_Search_q_hotel.png,FALSE,https://jsonify.hel1.your-objectstorage.com/screenshots/evals/results-2026-08-11-full/obscura/057_www.tripadvisor.com_Search_q_hotel.png,TRUE,https://jsonify.hel1.your-objectstorage.com/screenshots/evals/results-2026-08-11-full/playwright/057_www.tripadvisor.com_Search_q_hotel.png,FALSE,https://jsonify.hel1.your-objectstorage.com/screenshots/evals/results-2026-08-11-full/selenium/057_www.tripadvisor.com_Search_q_hotel.png,FALSE,TRUE
https://socialblade.com/youtube/lists/top/50/subscribers/all/global,https://jsonify.hel1.your-objectstorage.com/screenshots/d80597d8-fb87-4fd0-9441-801cf142e9ee.png,TRUE,https://jsonify.hel1.your-objectstorage.com/screenshots/evals/results-2026-08-11-full/bless/058_socialblade.com_youtube_lists_top_50_subscribers_all_global.png,TRUE,https://jsonify.hel1.your-objectstorage.com/screenshots/evals/results-2026-08-11-full/bbase/058_socialblade.com_youtube_lists_top_50_subscribers_all_global.png,TRUE,https://jsonify.hel1.your-objectstorage.com/screenshots/evals/results-2026-08-11-full/browseruse/058_socialblade.com_youtube_lists_top_50_subscribers_all_global.png,TRUE,https://jsonify.hel1.your-objectstorage.com/screenshots/evals/results-2026-08-11-full/firecrawl_browser/058_socialblade.com_youtube_lists_top_50_subscribers_all_global.png,TRUE,https://jsonify.hel1.your-objectstorage.com/screenshots/evals/results-2026-08-11-full/hyperbrowser/058_socialblade.com_youtube_lists_top_50_subscribers_all_global.png,TRUE,https://jsonify.hel1.your-objectstorage.com/screenshots/evals/results-2026-08-11-full/obscura/058_socialblade.com_youtube_lists_top_50_subscribers_all_global.png,TRUE,https://jsonify.hel1.your-objectstorage.com/screenshots/evals/results-2026-08-11-full/playwright/058_socialblade.com_youtube_lists_top_50_subscribers_all_global.png,FALSE,https://jsonify.hel1.your-objectstorage.com/screenshots/evals/results-2026-08-11-full/selenium/058_socialblade.com_youtube_lists_top_50_subscribers_all_global.png,FALSE,TRUE
https://www.mr2oc.com/search/590582/?q=awd&t=post&c[showFilter]=visibleOnly&o=relevance,https://jsonify.hel1.your-objectstorage.com/screenshots/af34b073-b081-46ca-b74f-0049406b546e.png,TRUE,https://jsonify.hel1.your-objectstorage.com/screenshots/evals/results-2026-08-11-full/bless/059_www.mr2oc.com_search_590582_q_awd_t_post_c_showFilter_visibleOnly_o_relevance.png,TRUE,https://jsonify.hel1.your-objectstorage.com/screenshots/evals/results-2026-08-11-full/bbase/059_www.mr2oc.com_search_590582_q_awd_t_post_c_showFilter_visibleOnly_o_relevance.png,TRUE,https://jsonify.hel1.your-objectstorage.com/screenshots/evals/results-2026-08-11-full/browseruse/059_www.mr2oc.com_search_590582_q_awd_t_post_c_showFilter_visibleOnly_o_relevance.png,TRUE,https://jsonify.hel1.your-objectstorage.com/screenshots/evals/results-2026-08-11-full/firecrawl_browser/059_www.mr2oc.com_search_590582_q_awd_t_post_c_showFilter_visibleOnly_o_relevance.png,TRUE,https://jsonify.hel1.your-objectstorage.com/screenshots/evals/results-2026-08-11-full/hyperbrowser/059_www.mr2oc.com_search_590582_q_awd_t_post_c_showFilter_visibleOnly_o_relevance.png,TRUE,https://jsonify.hel1.your-objectstorage.com/screenshots/evals/results-2026-08-11-full/obscura/059_www.mr2oc.com_search_590582_q_awd_t_post_c_showFilter_visibleOnly_o_relevance.png,TRUE,,FALSE,,FALSE,TRUE
https://restaurantguru.com/restaurant-New-York-t1,https://jsonify.hel1.your-objectstorage.com/screenshots/3fc74c0b-4b96-4a96-b860-cf601a86671c.png,TRUE,https://jsonify.hel1.your-objectstorage.com/screenshots/evals/results-2026-08-11-full/bless/060_restaurantguru.com_restaurant-New-York-t1.png,TRUE,https://jsonify.hel1.your-objectstorage.com/screenshots/evals/results-2026-08-11-full/bbase/060_restaurantguru.com_restaurant-New-York-t1.png,TRUE,https://jsonify.hel1.your-objectstorage.com/screenshots/evals/results-2026-08-11-full/browseruse/060_restaurantguru.com_restaurant-New-York-t1.png,TRUE,https://jsonify.hel1.your-objectstorage.com/screenshots/evals/results-2026-08-11-full/firecrawl_browser/060_restaurantguru.com_restaurant-New-York-t1.png,TRUE,https://jsonify.hel1.your-objectstorage.com/screenshots/evals/results-2026-08-11-full/hyperbrowser/060_restaurantguru.com_restaurant-New-York-t1.png,TRUE,https://jsonify.hel1.your-objectstorage.com/screenshots/evals/results-2026-08-11-full/obscura/060_restaurantguru.com_restaurant-New-York-t1.png,TRUE,https://jsonify.hel1.your-objectstorage.com/screenshots/evals/results-2026-08-11-full/playwright/060_restaurantguru.com_restaurant-New-York-t1.png,TRUE,https://jsonify.hel1.your-objectstorage.com/screenshots/evals/results-2026-08-11-full/selenium/060_restaurantguru.com_restaurant-New-York-t1.png,TRUE,TRUE
https://www.talentify.io/request-a-demo,https://jsonify.hel1.your-objectstorage.com/screenshots/d5703a88-51c9-4e19-9360-8f1a1af830e9.png,TRUE,https://jsonify.hel1.your-objectstorage.com/screenshots/evals/results-2026-08-11-full/bless/061_www.talentify.io_request-a-demo.png,FALSE,https://jsonify.hel1.your-objectstorage.com/screenshots/evals/results-2026-08-11-full/bbase/061_www.talentify.io_request-a-demo.png,FALSE,https://jsonify.hel1.your-objectstorage.com/screenshots/evals/results-2026-08-11-full/browseruse/061_www.talentify.io_request-a-demo.png,FALSE,https://jsonify.hel1.your-objectstorage.com/screenshots/evals/results-2026-08-11-full/firecrawl_browser/061_www.talentify.io_request-a-demo.png,TRUE,https://jsonify.hel1.your-objectstorage.com/screenshots/evals/results-2026-08-11-full/hyperbrowser/061_www.talentify.io_request-a-demo.png,FALSE,https://jsonify.hel1.your-objectstorage.com/screenshots/evals/results-2026-08-11-full/obscura/061_www.talentify.io_request-a-demo.png,FALSE,https://jsonify.hel1.your-objectstorage.com/screenshots/evals/results-2026-08-11-full/playwright/061_www.talentify.io_request-a-demo.png,TRUE,https://jsonify.hel1.your-objectstorage.com/screenshots/evals/results-2026-08-11-full/selenium/061_www.talentify.io_request-a-demo.png,TRUE,TRUE
https://directory.uchicago.edu/,https://jsonify.hel1.your-objectstorage.com/screenshots/fd20fb5c-8831-4c60-8cf0-b0bf58527b13.png,TRUE,https://jsonify.hel1.your-objectstorage.com/screenshots/evals/results-2026-08-11-full/bless/062_directory.uchicago.edu_home.png,TRUE,https://jsonify.hel1.your-objectstorage.com/screenshots/evals/results-2026-08-11-full/bbase/062_directory.uchicago.edu_home.png,TRUE,https://jsonify.hel1.your-objectstorage.com/screenshots/evals/results-2026-08-11-full/browseruse/062_directory.uchicago.edu_home.png,TRUE,https://jsonify.hel1.your-objectstorage.com/screenshots/evals/results-2026-08-11-full/firecrawl_browser/062_directory.uchicago.edu_home.png,TRUE,,FALSE,https://jsonify.hel1.your-objectstorage.com/screenshots/evals/results-2026-08-11-full/obscura/062_directory.uchicago.edu_home.png,TRUE,https://jsonify.hel1.your-objectstorage.com/screenshots/evals/results-2026-08-11-full/playwright/062_directory.uchicago.edu_home.png,TRUE,https://jsonify.hel1.your-objectstorage.com/screenshots/evals/results-2026-08-11-full/selenium/062_directory.uchicago.edu_home.png,TRUE,TRUE
"https://casayes.pt/en/comprar/casaseapartamentos/r/r/r/r/t,mapa?f={%22lt%22:%221,2,10%22,%22rg%22:%22lisboa%22,%22cd%22:[[43.3648921,-11.8811451],[35.6626101,-5.0411693]]}&p=1&o=-RelevanceScore",https://jsonify.hel1.your-objectstorage.com/screenshots/6d5f1296-2326-4c26-aa0e-1193ed1b9cca.png,TRUE,https://jsonify.hel1.your-objectstorage.com/screenshots/evals/results-2026-08-11-full/bless/063_casayes.pt_en_comprar_casaseapartamentos_r_r_r_r_t_mapa_f_22lt_22_221_2_10_22_22rg_22_22lisboa_22_22cd_22_43.png,TRUE,https://jsonify.hel1.your-objectstorage.com/screenshots/evals/results-2026-08-11-full/bbase/063_casayes.pt_en_comprar_casaseapartamentos_r_r_r_r_t_mapa_f_22lt_22_221_2_10_22_22rg_22_22lisboa_22_22cd_22_43.png,TRUE,https://jsonify.hel1.your-objectstorage.com/screenshots/evals/results-2026-08-11-full/browseruse/063_casayes.pt_en_comprar_casaseapartamentos_r_r_r_r_t_mapa_f_22lt_22_221_2_10_22_22rg_22_22lisboa_22_22cd_22_43.png,TRUE,https://jsonify.hel1.your-objectstorage.com/screenshots/evals/results-2026-08-11-full/firecrawl_browser/063_casayes.pt_en_comprar_casaseapartamentos_r_r_r_r_t_mapa_f_22lt_22_221_2_10_22_22rg_22_22lisboa_22_22cd_22_43.png,FALSE,https://jsonify.hel1.your-objectstorage.com/screenshots/evals/results-2026-08-11-full/hyperbrowser/063_casayes.pt_en_comprar_casaseapartamentos_r_r_r_r_t_mapa_f_22lt_22_221_2_10_22_22rg_22_22lisboa_22_22cd_22_43.png,TRUE,https://jsonify.hel1.your-objectstorage.com/screenshots/evals/results-2026-08-11-full/obscura/063_casayes.pt_en_comprar_casaseapartamentos_r_r_r_r_t_mapa_f_22lt_22_221_2_10_22_22rg_22_22lisboa_22_22cd_22_43.png,FALSE,https://jsonify.hel1.your-objectstorage.com/screenshots/evals/results-2026-08-11-full/playwright/063_casayes.pt_en_comprar_casaseapartamentos_r_r_r_r_t_mapa_f_22lt_22_221_2_10_22_22rg_22_22lisboa_22_22cd_22_43.png,TRUE,https://jsonify.hel1.your-objectstorage.com/screenshots/evals/results-2026-08-11-full/selenium/063_casayes.pt_en_comprar_casaseapartamentos_r_r_r_r_t_mapa_f_22lt_22_221_2_10_22_22rg_22_22lisboa_22_22cd_22_43.png,TRUE,TRUE
https://www.urbanoutfitters.com/search?q=jeans,https://jsonify.hel1.your-objectstorage.com/screenshots/bbff9a42-e983-4c40-b5b0-af35642d6939.png,FALSE,https://jsonify.hel1.your-objectstorage.com/screenshots/evals/results-2026-08-11-full/bless/064_www.urbanoutfitters.com_search_q_jeans.png,TRUE,https://jsonify.hel1.your-objectstorage.com/screenshots/evals/results-2026-08-11-full/bbase/064_www.urbanoutfitters.com_search_q_jeans.png,TRUE,https://jsonify.hel1.your-objectstorage.com/screenshots/evals/results-2026-08-11-full/browseruse/064_www.urbanoutfitters.com_search_q_jeans.png,TRUE,https://jsonify.hel1.your-objectstorage.com/screenshots/evals/results-2026-08-11-full/firecrawl_browser/064_www.urbanoutfitters.com_search_q_jeans.png,FALSE,https://jsonify.hel1.your-objectstorage.com/screenshots/evals/results-2026-08-11-full/hyperbrowser/064_www.urbanoutfitters.com_search_q_jeans.png,FALSE,https://jsonify.hel1.your-objectstorage.com/screenshots/evals/results-2026-08-11-full/obscura/064_www.urbanoutfitters.com_search_q_jeans.png,FALSE,https://jsonify.hel1.your-objectstorage.com/screenshots/evals/results-2026-08-11-full/playwright/064_www.urbanoutfitters.com_search_q_jeans.png,FALSE,https://jsonify.hel1.your-objectstorage.com/screenshots/evals/results-2026-08-11-full/selenium/064_www.urbanoutfitters.com_search_q_jeans.png,FALSE,TRUE
https://quadjunkie.co.nz/?s=drone&post_type=product,https://jsonify.hel1.your-objectstorage.com/screenshots/6d8fcea3-3fa0-408d-a099-812d899f1d5d.png,TRUE,https://jsonify.hel1.your-objectstorage.com/screenshots/evals/results-2026-08-11-full/bless/065_quadjunkie.co.nz_home_s_drone_post_type_product.png,TRUE,https://jsonify.hel1.your-objectstorage.com/screenshots/evals/results-2026-08-11-full/bbase/065_quadjunkie.co.nz_home_s_drone_post_type_product.png,TRUE,https://jsonify.hel1.your-objectstorage.com/screenshots/evals/results-2026-08-11-full/browseruse/065_quadjunkie.co.nz_home_s_drone_post_type_product.png,TRUE,https://jsonify.hel1.your-objectstorage.com/screenshots/evals/results-2026-08-11-full/firecrawl_browser/065_quadjunkie.co.nz_home_s_drone_post_type_product.png,TRUE,https://jsonify.hel1.your-objectstorage.com/screenshots/evals/results-2026-08-11-full/hyperbrowser/065_quadjunkie.co.nz_home_s_drone_post_type_product.png,TRUE,https://jsonify.hel1.your-objectstorage.com/screenshots/evals/results-2026-08-11-full/obscura/065_quadjunkie.co.nz_home_s_drone_post_type_product.png,TRUE,https://jsonify.hel1.your-objectstorage.com/screenshots/evals/results-2026-08-11-full/playwright/065_quadjunkie.co.nz_home_s_drone_post_type_product.png,TRUE,https://jsonify.hel1.your-objectstorage.com/screenshots/evals/results-2026-08-11-full/selenium/065_quadjunkie.co.nz_home_s_drone_post_type_product.png,TRUE,TRUE
https://www.ncaa.com/scoreboard/basketball-men/d1,https://jsonify.hel1.your-objectstorage.com/screenshots/b2bf2674-5ec3-45f5-8065-50d21d9ec295.png,TRUE,https://jsonify.hel1.your-objectstorage.com/screenshots/evals/results-2026-08-11-full/bless/066_www.ncaa.com_scoreboard_basketball-men_d1.png,TRUE,https://jsonify.hel1.your-objectstorage.com/screenshots/evals/results-2026-08-11-full/bbase/066_www.ncaa.com_scoreboard_basketball-men_d1.png,TRUE,https://jsonify.hel1.your-objectstorage.com/screenshots/evals/results-2026-08-11-full/browseruse/066_www.ncaa.com_scoreboard_basketball-men_d1.png,TRUE,https://jsonify.hel1.your-objectstorage.com/screenshots/evals/results-2026-08-11-full/firecrawl_browser/066_www.ncaa.com_scoreboard_basketball-men_d1.png,TRUE,https://jsonify.hel1.your-objectstorage.com/screenshots/evals/results-2026-08-11-full/hyperbrowser/066_www.ncaa.com_scoreboard_basketball-men_d1.png,TRUE,https://jsonify.hel1.your-objectstorage.com/screenshots/evals/results-2026-08-11-full/obscura/066_www.ncaa.com_scoreboard_basketball-men_d1.png,TRUE,https://jsonify.hel1.your-objectstorage.com/screenshots/evals/results-2026-08-11-full/playwright/066_www.ncaa.com_scoreboard_basketball-men_d1.png,TRUE,https://jsonify.hel1.your-objectstorage.com/screenshots/evals/results-2026-08-11-full/selenium/066_www.ncaa.com_scoreboard_basketball-men_d1.png,TRUE,TRUE
https://myaeon2go.com/products/category/6758871/snacks/,https://jsonify.hel1.your-objectstorage.com/screenshots/70b0a3e4-db16-4d29-87f6-86b633f280e7.png,FALSE,https://jsonify.hel1.your-objectstorage.com/screenshots/evals/results-2026-08-11-full/bless/067_myaeon2go.com_products_category_6758871_snacks.png,TRUE,https://jsonify.hel1.your-objectstorage.com/screenshots/evals/results-2026-08-11-full/bbase/067_myaeon2go.com_products_category_6758871_snacks.png,TRUE,https://jsonify.hel1.your-objectstorage.com/screenshots/evals/results-2026-08-11-full/browseruse/067_myaeon2go.com_products_category_6758871_snacks.png,TRUE,https://jsonify.hel1.your-objectstorage.com/screenshots/evals/results-2026-08-11-full/firecrawl_browser/067_myaeon2go.com_products_category_6758871_snacks.png,TRUE,https://jsonify.hel1.your-objectstorage.com/screenshots/evals/results-2026-08-11-full/hyperbrowser/067_myaeon2go.com_products_category_6758871_snacks.png,TRUE,https://jsonify.hel1.your-objectstorage.com/screenshots/evals/results-2026-08-11-full/obscura/067_myaeon2go.com_products_category_6758871_snacks.png,FALSE,https://jsonify.hel1.your-objectstorage.com/screenshots/evals/results-2026-08-11-full/playwright/067_myaeon2go.com_products_category_6758871_snacks.png,FALSE,https://jsonify.hel1.your-objectstorage.com/screenshots/evals/results-2026-08-11-full/selenium/067_myaeon2go.com_products_category_6758871_snacks.png,FALSE,TRUE
https://track.dhlparcel.co.uk/,https://jsonify.hel1.your-objectstorage.com/screenshots/2885a6fa-725c-4d02-8df7-323b62294fd7.png,TRUE,https://jsonify.hel1.your-objectstorage.com/screenshots/evals/results-2026-08-11-full/bless/068_track.dhlparcel.co.uk_home.png,TRUE,https://jsonify.hel1.your-objectstorage.com/screenshots/evals/results-2026-08-11-full/bbase/068_track.dhlparcel.co.uk_home.png,TRUE,https://jsonify.hel1.your-objectstorage.com/screenshots/evals/results-2026-08-11-full/browseruse/068_track.dhlparcel.co.uk_home.png,TRUE,https://jsonify.hel1.your-objectstorage.com/screenshots/evals/results-2026-08-11-full/firecrawl_browser/068_track.dhlparcel.co.uk_home.png,TRUE,https://jsonify.hel1.your-objectstorage.com/screenshots/evals/results-2026-08-11-full/hyperbrowser/068_track.dhlparcel.co.uk_home.png,TRUE,https://jsonify.hel1.your-objectstorage.com/screenshots/evals/results-2026-08-11-full/obscura/068_track.dhlparcel.co.uk_home.png,TRUE,https://jsonify.hel1.your-objectstorage.com/screenshots/evals/results-2026-08-11-full/playwright/068_track.dhlparcel.co.uk_home.png,TRUE,https://jsonify.hel1.your-objectstorage.com/screenshots/evals/results-2026-08-11-full/selenium/068_track.dhlparcel.co.uk_home.png,TRUE,TRUE
https://www.usaspending.gov/search,https://jsonify.hel1.your-objectstorage.com/screenshots/98dec0d2-8150-43fe-9293-3a2ebcaf2c3d.png,TRUE,https://jsonify.hel1.your-objectstorage.com/screenshots/evals/results-2026-08-11-full/bless/069_www.usaspending.gov_search.png,TRUE,https://jsonify.hel1.your-objectstorage.com/screenshots/evals/results-2026-08-11-full/bbase/069_www.usaspending.gov_search.png,TRUE,https://jsonify.hel1.your-objectstorage.com/screenshots/evals/results-2026-08-11-full/browseruse/069_www.usaspending.gov_search.png,TRUE,https://jsonify.hel1.your-objectstorage.com/screenshots/evals/results-2026-08-11-full/firecrawl_browser/069_www.usaspending.gov_search.png,TRUE,https://jsonify.hel1.your-objectstorage.com/screenshots/evals/results-2026-08-11-full/hyperbrowser/069_www.usaspending.gov_search.png,TRUE,https://jsonify.hel1.your-objectstorage.com/screenshots/evals/results-2026-08-11-full/obscura/069_www.usaspending.gov_search.png,TRUE,https://jsonify.hel1.your-objectstorage.com/screenshots/evals/results-2026-08-11-full/playwright/069_www.usaspending.gov_search.png,TRUE,https://jsonify.hel1.your-objectstorage.com/screenshots/evals/results-2026-08-11-full/selenium/069_www.usaspending.gov_search.png,TRUE,TRUE
https://etherscan.io/contractsSearch,https://jsonify.hel1.your-objectstorage.com/screenshots/ed40031f-3d16-4644-b2b5-e9f713e43386.png,TRUE,https://jsonify.hel1.your-objectstorage.com/screenshots/evals/results-2026-08-11-full/bless/070_etherscan.io_contractsSearch.png,TRUE,https://jsonify.hel1.your-objectstorage.com/screenshots/evals/results-2026-08-11-full/bbase/070_etherscan.io_contractsSearch.png,TRUE,https://jsonify.hel1.your-objectstorage.com/screenshots/evals/results-2026-08-11-full/browseruse/070_etherscan.io_contractsSearch.png,TRUE,https://jsonify.hel1.your-objectstorage.com/screenshots/evals/results-2026-08-11-full/firecrawl_browser/070_etherscan.io_contractsSearch.png,TRUE,https://jsonify.hel1.your-objectstorage.com/screenshots/evals/results-2026-08-11-full/hyperbrowser/070_etherscan.io_contractsSearch.png,FALSE,https://jsonify.hel1.your-objectstorage.com/screenshots/evals/results-2026-08-11-full/obscura/070_etherscan.io_contractsSearch.png,FALSE,https://jsonify.hel1.your-objectstorage.com/screenshots/evals/results-2026-08-11-full/playwright/070_etherscan.io_contractsSearch.png,FALSE,https://jsonify.hel1.your-objectstorage.com/screenshots/evals/results-2026-08-11-full/selenium/070_etherscan.io_contractsSearch.png,FALSE,TRUE
https://www.plugandplaytechcenter.com/innovation-services/corporations/our-corporate-partners,https://jsonify.hel1.your-objectstorage.com/screenshots/cd96e0c1-798b-4e37-b24c-bcfe278c524d.png,TRUE,https://jsonify.hel1.your-objectstorage.com/screenshots/evals/results-2026-08-11-full/bless/071_www.plugandplaytechcenter.com_innovation-services_corporations_our-corporate-partners.png,TRUE,https://jsonify.hel1.your-objectstorage.com/screenshots/evals/results-2026-08-11-full/bbase/071_www.plugandplaytechcenter.com_innovation-services_corporations_our-corporate-partners.png,TRUE,https://jsonify.hel1.your-objectstorage.com/screenshots/evals/results-2026-08-11-full/browseruse/071_www.plugandplaytechcenter.com_innovation-services_corporations_our-corporate-partners.png,TRUE,https://jsonify.hel1.your-objectstorage.com/screenshots/evals/results-2026-08-11-full/firecrawl_browser/071_www.plugandplaytechcenter.com_innovation-services_corporations_our-corporate-partners.png,TRUE,https://jsonify.hel1.your-objectstorage.com/screenshots/evals/results-2026-08-11-full/hyperbrowser/071_www.plugandplaytechcenter.com_innovation-services_corporations_our-corporate-partners.png,TRUE,https://jsonify.hel1.your-objectstorage.com/screenshots/evals/results-2026-08-11-full/obscura/071_www.plugandplaytechcenter.com_innovation-services_corporations_our-corporate-partners.png,TRUE,https://jsonify.hel1.your-objectstorage.com/screenshots/evals/results-2026-08-11-full/playwright/071_www.plugandplaytechcenter.com_innovation-services_corporations_our-corporate-partners.png,TRUE,https://jsonify.hel1.your-objectstorage.com/screenshots/evals/results-2026-08-11-full/selenium/071_www.plugandplaytechcenter.com_innovation-services_corporations_our-corporate-partners.png,TRUE,TRUE
https://www.loopnet.com/search/commercial-real-estate/usa/for-sale/,https://jsonify.hel1.your-objectstorage.com/screenshots/051bfbe1-82ff-4bd4-9d61-d24da3f0a83b.png,FALSE,https://jsonify.hel1.your-objectstorage.com/screenshots/evals/results-2026-08-11-full/bless/072_www.loopnet.com_search_commercial-real-estate_usa_for-sale.png,FALSE,https://jsonify.hel1.your-objectstorage.com/screenshots/evals/results-2026-08-11-full/bbase/072_www.loopnet.com_search_commercial-real-estate_usa_for-sale.png,FALSE,https://jsonify.hel1.your-objectstorage.com/screenshots/evals/results-2026-08-11-full/browseruse/072_www.loopnet.com_search_commercial-real-estate_usa_for-sale.png,FALSE,https://jsonify.hel1.your-objectstorage.com/screenshots/evals/results-2026-08-11-full/firecrawl_browser/072_www.loopnet.com_search_commercial-real-estate_usa_for-sale.png,FALSE,https://jsonify.hel1.your-objectstorage.com/screenshots/evals/results-2026-08-11-full/hyperbrowser/072_www.loopnet.com_search_commercial-real-estate_usa_for-sale.png,FALSE,https://jsonify.hel1.your-objectstorage.com/screenshots/evals/results-2026-08-11-full/obscura/072_www.loopnet.com_search_commercial-real-estate_usa_for-sale.png,FALSE,https://jsonify.hel1.your-objectstorage.com/screenshots/evals/results-2026-08-11-full/playwright/072_www.loopnet.com_search_commercial-real-estate_usa_for-sale.png,FALSE,https://jsonify.hel1.your-objectstorage.com/screenshots/evals/results-2026-08-11-full/selenium/072_www.loopnet.com_search_commercial-real-estate_usa_for-sale.png,FALSE,TRUE
https://www.zoopla.co.uk/for-sale/property/london/,https://jsonify.hel1.your-objectstorage.com/screenshots/8c13e7d3-e2c8-4f50-9d31-1c072f90eaca.png,TRUE,https://jsonify.hel1.your-objectstorage.com/screenshots/evals/results-2026-08-11-full/bless/073_www.zoopla.co.uk_for-sale_property_london.png,TRUE,https://jsonify.hel1.your-objectstorage.com/screenshots/evals/results-2026-08-11-full/bbase/073_www.zoopla.co.uk_for-sale_property_london.png,TRUE,https://jsonify.hel1.your-objectstorage.com/screenshots/evals/results-2026-08-11-full/browseruse/073_www.zoopla.co.uk_for-sale_property_london.png,TRUE,https://jsonify.hel1.your-objectstorage.com/screenshots/evals/results-2026-08-11-full/firecrawl_browser/073_www.zoopla.co.uk_for-sale_property_london.png,TRUE,https://jsonify.hel1.your-objectstorage.com/screenshots/evals/results-2026-08-11-full/hyperbrowser/073_www.zoopla.co.uk_for-sale_property_london.png,FALSE,https://jsonify.hel1.your-objectstorage.com/screenshots/evals/results-2026-08-11-full/obscura/073_www.zoopla.co.uk_for-sale_property_london.png,FALSE,https://jsonify.hel1.your-objectstorage.com/screenshots/evals/results-2026-08-11-full/playwright/073_www.zoopla.co.uk_for-sale_property_london.png,FALSE,https://jsonify.hel1.your-objectstorage.com/screenshots/evals/results-2026-08-11-full/selenium/073_www.zoopla.co.uk_for-sale_property_london.png,FALSE,TRUE
https://www.coles.com.au/search?q=milk,https://jsonify.hel1.your-objectstorage.com/screenshots/a67c8039-7a5c-40b4-99ab-7e5752dad5dc.png,TRUE,https://jsonify.hel1.your-objectstorage.com/screenshots/evals/results-2026-08-11-full/bless/074_www.coles.com.au_search_q_milk.png,FALSE,https://jsonify.hel1.your-objectstorage.com/screenshots/evals/results-2026-08-11-full/bbase/074_www.coles.com.au_search_q_milk.png,TRUE,https://jsonify.hel1.your-objectstorage.com/screenshots/evals/results-2026-08-11-full/browseruse/074_www.coles.com.au_search_q_milk.png,TRUE,https://jsonify.hel1.your-objectstorage.com/screenshots/evals/results-2026-08-11-full/firecrawl_browser/074_www.coles.com.au_search_q_milk.png,TRUE,https://jsonify.hel1.your-objectstorage.com/screenshots/evals/results-2026-08-11-full/hyperbrowser/074_www.coles.com.au_search_q_milk.png,TRUE,https://jsonify.hel1.your-objectstorage.com/screenshots/evals/results-2026-08-11-full/obscura/074_www.coles.com.au_search_q_milk.png,TRUE,https://jsonify.hel1.your-objectstorage.com/screenshots/evals/results-2026-08-11-full/playwright/074_www.coles.com.au_search_q_milk.png,FALSE,https://jsonify.hel1.your-objectstorage.com/screenshots/evals/results-2026-08-11-full/selenium/074_www.coles.com.au_search_q_milk.png,FALSE,TRUE
https://www.recorderonline.com/search/?q=news,https://jsonify.hel1.your-objectstorage.com/screenshots/91e9363d-e8f7-444e-a07d-de483060e9b3.png,TRUE,https://jsonify.hel1.your-objectstorage.com/screenshots/evals/results-2026-08-11-full/bless/075_www.recorderonline.com_search_q_news.png,FALSE,https://jsonify.hel1.your-objectstorage.com/screenshots/evals/results-2026-08-11-full/bbase/075_www.recorderonline.com_search_q_news.png,TRUE,https://jsonify.hel1.your-objectstorage.com/screenshots/evals/results-2026-08-11-full/browseruse/075_www.recorderonline.com_search_q_news.png,TRUE,https://jsonify.hel1.your-objectstorage.com/screenshots/evals/results-2026-08-11-full/firecrawl_browser/075_www.recorderonline.com_search_q_news.png,TRUE,https://jsonify.hel1.your-objectstorage.com/screenshots/evals/results-2026-08-11-full/hyperbrowser/075_www.recorderonline.com_search_q_news.png,TRUE,https://jsonify.hel1.your-objectstorage.com/screenshots/evals/results-2026-08-11-full/obscura/075_www.recorderonline.com_search_q_news.png,TRUE,https://jsonify.hel1.your-objectstorage.com/screenshots/evals/results-2026-08-11-full/playwright/075_www.recorderonline.com_search_q_news.png,TRUE,https://jsonify.hel1.your-objectstorage.com/screenshots/evals/results-2026-08-11-full/selenium/075_www.recorderonline.com_search_q_news.png,TRUE,TRUE
https://www.wvnews.com/search/?l=25&q=news,https://jsonify.hel1.your-objectstorage.com/screenshots/49f90193-ba29-4001-b18c-bd2e18840afe.png,TRUE,https://jsonify.hel1.your-objectstorage.com/screenshots/evals/results-2026-08-11-full/bless/076_www.wvnews.com_search_l_25_q_news.png,FALSE,https://jsonify.hel1.your-objectstorage.com/screenshots/evals/results-2026-08-11-full/bbase/076_www.wvnews.com_search_l_25_q_news.png,TRUE,https://jsonify.hel1.your-objectstorage.com/screenshots/evals/results-2026-08-11-full/browseruse/076_www.wvnews.com_search_l_25_q_news.png,TRUE,https://jsonify.hel1.your-objectstorage.com/screenshots/evals/results-2026-08-11-full/firecrawl_browser/076_www.wvnews.com_search_l_25_q_news.png,TRUE,https://jsonify.hel1.your-objectstorage.com/screenshots/evals/results-2026-08-11-full/hyperbrowser/076_www.wvnews.com_search_l_25_q_news.png,TRUE,https://jsonify.hel1.your-objectstorage.com/screenshots/evals/results-2026-08-11-full/obscura/076_www.wvnews.com_search_l_25_q_news.png,TRUE,https://jsonify.hel1.your-objectstorage.com/screenshots/evals/results-2026-08-11-full/playwright/076_www.wvnews.com_search_l_25_q_news.png,TRUE,https://jsonify.hel1.your-objectstorage.com/screenshots/evals/results-2026-08-11-full/selenium/076_www.wvnews.com_search_l_25_q_news.png,TRUE,TRUE
https://www.gazettextra.com/search/?q=news,https://jsonify.hel1.your-objectstorage.com/screenshots/acf9d2b0-8779-4121-a88f-b81c06421f9f.png,TRUE,https://jsonify.hel1.your-objectstorage.com/screenshots/evals/results-2026-08-11-full/bless/077_www.gazettextra.com_search_q_news.png,FALSE,https://jsonify.hel1.your-objectstorage.com/screenshots/evals/results-2026-08-11-full/bbase/077_www.gazettextra.com_search_q_news.png,TRUE,https://jsonify.hel1.your-objectstorage.com/screenshots/evals/results-2026-08-11-full/browseruse/077_www.gazettextra.com_search_q_news.png,TRUE,https://jsonify.hel1.your-objectstorage.com/screenshots/evals/results-2026-08-11-full/firecrawl_browser/077_www.gazettextra.com_search_q_news.png,TRUE,https://jsonify.hel1.your-objectstorage.com/screenshots/evals/results-2026-08-11-full/hyperbrowser/077_www.gazettextra.com_search_q_news.png,TRUE,https://jsonify.hel1.your-objectstorage.com/screenshots/evals/results-2026-08-11-full/obscura/077_www.gazettextra.com_search_q_news.png,TRUE,https://jsonify.hel1.your-objectstorage.com/screenshots/evals/results-2026-08-11-full/playwright/077_www.gazettextra.com_search_q_news.png,TRUE,https://jsonify.hel1.your-objectstorage.com/screenshots/evals/results-2026-08-11-full/selenium/077_www.gazettextra.com_search_q_news.png,TRUE,TRUE
https://www.marksandspencer.com/l/women/dresses,https://jsonify.hel1.your-objectstorage.com/screenshots/4ab67ba0-6455-4691-b2a5-31cb9406bfb1.png,TRUE,https://jsonify.hel1.your-objectstorage.com/screenshots/evals/results-2026-08-11-full/bless/078_www.marksandspencer.com_l_women_dresses.png,TRUE,https://jsonify.hel1.your-objectstorage.com/screenshots/evals/results-2026-08-11-full/bbase/078_www.marksandspencer.com_l_women_dresses.png,TRUE,https://jsonify.hel1.your-objectstorage.com/screenshots/evals/results-2026-08-11-full/browseruse/078_www.marksandspencer.com_l_women_dresses.png,TRUE,https://jsonify.hel1.your-objectstorage.com/screenshots/evals/results-2026-08-11-full/firecrawl_browser/078_www.marksandspencer.com_l_women_dresses.png,TRUE,https://jsonify.hel1.your-objectstorage.com/screenshots/evals/results-2026-08-11-full/hyperbrowser/078_www.marksandspencer.com_l_women_dresses.png,TRUE,https://jsonify.hel1.your-objectstorage.com/screenshots/evals/results-2026-08-11-full/obscura/078_www.marksandspencer.com_l_women_dresses.png,TRUE,https://jsonify.hel1.your-objectstorage.com/screenshots/evals/results-2026-08-11-full/playwright/078_www.marksandspencer.com_l_women_dresses.png,TRUE,https://jsonify.hel1.your-objectstorage.com/screenshots/evals/results-2026-08-11-full/selenium/078_www.marksandspencer.com_l_women_dresses.png,TRUE,TRUE
https://www.waitrose.com/ecom/shop/search?&searchTerm=cheese,https://jsonify.hel1.your-objectstorage.com/screenshots/caefa023-65bb-4ff8-9c8b-0580e2191200.png,TRUE,https://jsonify.hel1.your-objectstorage.com/screenshots/evals/results-2026-08-11-full/bless/079_www.waitrose.com_ecom_shop_search__searchTerm_cheese.png,TRUE,https://jsonify.hel1.your-objectstorage.com/screenshots/evals/results-2026-08-11-full/bbase/079_www.waitrose.com_ecom_shop_search__searchTerm_cheese.png,TRUE,https://jsonify.hel1.your-objectstorage.com/screenshots/evals/results-2026-08-11-full/browseruse/079_www.waitrose.com_ecom_shop_search__searchTerm_cheese.png,TRUE,https://jsonify.hel1.your-objectstorage.com/screenshots/evals/results-2026-08-11-full/firecrawl_browser/079_www.waitrose.com_ecom_shop_search__searchTerm_cheese.png,TRUE,https://jsonify.hel1.your-objectstorage.com/screenshots/evals/results-2026-08-11-full/hyperbrowser/079_www.waitrose.com_ecom_shop_search__searchTerm_cheese.png,TRUE,https://jsonify.hel1.your-objectstorage.com/screenshots/evals/results-2026-08-11-full/obscura/079_www.waitrose.com_ecom_shop_search__searchTerm_cheese.png,TRUE,https://jsonify.hel1.your-objectstorage.com/screenshots/evals/results-2026-08-11-full/playwright/079_www.waitrose.com_ecom_shop_search__searchTerm_cheese.png,FALSE,https://jsonify.hel1.your-objectstorage.com/screenshots/evals/results-2026-08-11-full/selenium/079_www.waitrose.com_ecom_shop_search__searchTerm_cheese.png,FALSE,TRUE
https://groceries.morrisons.com/search?q=butter,https://jsonify.hel1.your-objectstorage.com/screenshots/07ea52fd-4137-4c34-a3df-33de8c20cfbd.png,TRUE,https://jsonify.hel1.your-objectstorage.com/screenshots/evals/results-2026-08-11-full/bless/080_groceries.morrisons.com_search_q_butter.png,TRUE,https://jsonify.hel1.your-objectstorage.com/screenshots/evals/results-2026-08-11-full/bbase/080_groceries.morrisons.com_search_q_butter.png,TRUE,https://jsonify.hel1.your-objectstorage.com/screenshots/evals/results-2026-08-11-full/browseruse/080_groceries.morrisons.com_search_q_butter.png,TRUE,https://jsonify.hel1.your-objectstorage.com/screenshots/evals/results-2026-08-11-full/firecrawl_browser/080_groceries.morrisons.com_search_q_butter.png,TRUE,https://jsonify.hel1.your-objectstorage.com/screenshots/evals/results-2026-08-11-full/hyperbrowser/080_groceries.morrisons.com_search_q_butter.png,TRUE,https://jsonify.hel1.your-objectstorage.com/screenshots/evals/results-2026-08-11-full/obscura/080_groceries.morrisons.com_search_q_butter.png,TRUE,https://jsonify.hel1.your-objectstorage.com/screenshots/evals/results-2026-08-11-full/playwright/080_groceries.morrisons.com_search_q_butter.png,TRUE,https://jsonify.hel1.your-objectstorage.com/screenshots/evals/results-2026-08-11-full/selenium/080_groceries.morrisons.com_search_q_butter.png,TRUE,TRUE
https://www.iceland.co.uk/frozen/pizza-and-garlic-bread,https://jsonify.hel1.your-objectstorage.com/screenshots/9ddbaeef-929e-4eec-a998-e19985a1ef14.png,TRUE,https://jsonify.hel1.your-objectstorage.com/screenshots/evals/results-2026-08-11-full/bless/081_www.iceland.co.uk_frozen_pizza-and-garlic-bread.png,TRUE,https://jsonify.hel1.your-objectstorage.com/screenshots/evals/results-2026-08-11-full/bbase/081_www.iceland.co.uk_frozen_pizza-and-garlic-bread.png,TRUE,https://jsonify.hel1.your-objectstorage.com/screenshots/evals/results-2026-08-11-full/browseruse/081_www.iceland.co.uk_frozen_pizza-and-garlic-bread.png,TRUE,https://jsonify.hel1.your-objectstorage.com/screenshots/evals/results-2026-08-11-full/firecrawl_browser/081_www.iceland.co.uk_frozen_pizza-and-garlic-bread.png,TRUE,https://jsonify.hel1.your-objectstorage.com/screenshots/evals/results-2026-08-11-full/hyperbrowser/081_www.iceland.co.uk_frozen_pizza-and-garlic-bread.png,TRUE,https://jsonify.hel1.your-objectstorage.com/screenshots/evals/results-2026-08-11-full/obscura/081_www.iceland.co.uk_frozen_pizza-and-garlic-bread.png,TRUE,https://jsonify.hel1.your-objectstorage.com/screenshots/evals/results-2026-08-11-full/playwright/081_www.iceland.co.uk_frozen_pizza-and-garlic-bread.png,FALSE,https://jsonify.hel1.your-objectstorage.com/screenshots/evals/results-2026-08-11-full/selenium/081_www.iceland.co.uk_frozen_pizza-and-garlic-bread.png,FALSE,TRUE
https://heronfoods.com/products/,https://jsonify.hel1.your-objectstorage.com/screenshots/cb825f80-cdbb-479f-b094-7b174a50e4f5.png,TRUE,https://jsonify.hel1.your-objectstorage.com/screenshots/evals/results-2026-08-11-full/bless/082_heronfoods.com_products.png,TRUE,https://jsonify.hel1.your-objectstorage.com/screenshots/evals/results-2026-08-11-full/bbase/082_heronfoods.com_products.png,TRUE,https://jsonify.hel1.your-objectstorage.com/screenshots/evals/results-2026-08-11-full/browseruse/082_heronfoods.com_products.png,TRUE,https://jsonify.hel1.your-objectstorage.com/screenshots/evals/results-2026-08-11-full/firecrawl_browser/082_heronfoods.com_products.png,TRUE,https://jsonify.hel1.your-objectstorage.com/screenshots/evals/results-2026-08-11-full/hyperbrowser/082_heronfoods.com_products.png,TRUE,https://jsonify.hel1.your-objectstorage.com/screenshots/evals/results-2026-08-11-full/obscura/082_heronfoods.com_products.png,TRUE,https://jsonify.hel1.your-objectstorage.com/screenshots/evals/results-2026-08-11-full/playwright/082_heronfoods.com_products.png,TRUE,https://jsonify.hel1.your-objectstorage.com/screenshots/evals/results-2026-08-11-full/selenium/082_heronfoods.com_products.png,TRUE,TRUE
https://www.aldi.us/store/aldi/pages/beverages,https://jsonify.hel1.your-objectstorage.com/screenshots/6c863aae-26a3-485c-9209-373fd61f3f5e.png,TRUE,https://jsonify.hel1.your-objectstorage.com/screenshots/evals/results-2026-08-11-full/bless/083_www.aldi.us_store_aldi_pages_beverages.png,TRUE,https://jsonify.hel1.your-objectstorage.com/screenshots/evals/results-2026-08-11-full/bbase/083_www.aldi.us_store_aldi_pages_beverages.png,TRUE,https://jsonify.hel1.your-objectstorage.com/screenshots/evals/results-2026-08-11-full/browseruse/083_www.aldi.us_store_aldi_pages_beverages.png,TRUE,https://jsonify.hel1.your-objectstorage.com/screenshots/evals/results-2026-08-11-full/firecrawl_browser/083_www.aldi.us_store_aldi_pages_beverages.png,TRUE,https://jsonify.hel1.your-objectstorage.com/screenshots/evals/results-2026-08-11-full/hyperbrowser/083_www.aldi.us_store_aldi_pages_beverages.png,TRUE,https://jsonify.hel1.your-objectstorage.com/screenshots/evals/results-2026-08-11-full/obscura/083_www.aldi.us_store_aldi_pages_beverages.png,TRUE,https://jsonify.hel1.your-objectstorage.com/screenshots/evals/results-2026-08-11-full/playwright/083_www.aldi.us_store_aldi_pages_beverages.png,TRUE,https://jsonify.hel1.your-objectstorage.com/screenshots/evals/results-2026-08-11-full/selenium/083_www.aldi.us_store_aldi_pages_beverages.png,TRUE,TRUE
https://groceries.asda.com/search/chicken,https://jsonify.hel1.your-objectstorage.com/screenshots/c16eac17-3812-4267-8df7-9ab88a82e12b.png,TRUE,https://jsonify.hel1.your-objectstorage.com/screenshots/evals/results-2026-08-11-full/bless/084_groceries.asda.com_search_chicken.png,TRUE,https://jsonify.hel1.your-objectstorage.com/screenshots/evals/results-2026-08-11-full/bbase/084_groceries.asda.com_search_chicken.png,TRUE,https://jsonify.hel1.your-objectstorage.com/screenshots/evals/results-2026-08-11-full/browseruse/084_groceries.asda.com_search_chicken.png,TRUE,https://jsonify.hel1.your-objectstorage.com/screenshots/evals/results-2026-08-11-full/firecrawl_browser/084_groceries.asda.com_search_chicken.png,TRUE,https://jsonify.hel1.your-objectstorage.com/screenshots/evals/results-2026-08-11-full/hyperbrowser/084_groceries.asda.com_search_chicken.png,FALSE,https://jsonify.hel1.your-objectstorage.com/screenshots/evals/results-2026-08-11-full/obscura/084_groceries.asda.com_search_chicken.png,FALSE,https://jsonify.hel1.your-objectstorage.com/screenshots/evals/results-2026-08-11-full/playwright/084_groceries.asda.com_search_chicken.png,FALSE,https://jsonify.hel1.your-objectstorage.com/screenshots/evals/results-2026-08-11-full/selenium/084_groceries.asda.com_search_chicken.png,FALSE,TRUE
https://www.target.com/s?searchTerm=towel,https://jsonify.hel1.your-objectstorage.com/screenshots/c27ad358-2fd3-4d3d-9d84-e36f54e6f387.png,TRUE,https://jsonify.hel1.your-objectstorage.com/screenshots/evals/results-2026-08-11-full/bless/085_www.target.com_s_searchTerm_towel.png,TRUE,https://jsonify.hel1.your-objectstorage.com/screenshots/evals/results-2026-08-11-full/bbase/085_www.target.com_s_searchTerm_towel.png,TRUE,https://jsonify.hel1.your-objectstorage.com/screenshots/evals/results-2026-08-11-full/browseruse/085_www.target.com_s_searchTerm_towel.png,TRUE,https://jsonify.hel1.your-objectstorage.com/screenshots/evals/results-2026-08-11-full/firecrawl_browser/085_www.target.com_s_searchTerm_towel.png,TRUE,https://jsonify.hel1.your-objectstorage.com/screenshots/evals/results-2026-08-11-full/hyperbrowser/085_www.target.com_s_searchTerm_towel.png,TRUE,https://jsonify.hel1.your-objectstorage.com/screenshots/evals/results-2026-08-11-full/obscura/085_www.target.com_s_searchTerm_towel.png,FALSE,https://jsonify.hel1.your-objectstorage.com/screenshots/evals/results-2026-08-11-full/playwright/085_www.target.com_s_searchTerm_towel.png,TRUE,https://jsonify.hel1.your-objectstorage.com/screenshots/evals/results-2026-08-11-full/selenium/085_www.target.com_s_searchTerm_towel.png,TRUE,TRUE
https://www.mouser.com/c/?q=capacitor,https://jsonify.hel1.your-objectstorage.com/screenshots/5bcce33b-1417-4dd6-8f25-f90512fc73bb.png,FALSE,https://jsonify.hel1.your-objectstorage.com/screenshots/evals/results-2026-08-11-full/bless/086_www.mouser.com_c_q_capacitor.png,FALSE,https://jsonify.hel1.your-objectstorage.com/screenshots/evals/results-2026-08-11-full/bbase/086_www.mouser.com_c_q_capacitor.png,FALSE,https://jsonify.hel1.your-objectstorage.com/screenshots/evals/results-2026-08-11-full/browseruse/086_www.mouser.com_c_q_capacitor.png,FALSE,https://jsonify.hel1.your-objectstorage.com/screenshots/evals/results-2026-08-11-full/firecrawl_browser/086_www.mouser.com_c_q_capacitor.png,TRUE,https://jsonify.hel1.your-objectstorage.com/screenshots/evals/results-2026-08-11-full/hyperbrowser/086_www.mouser.com_c_q_capacitor.png,FALSE,https://jsonify.hel1.your-objectstorage.com/screenshots/evals/results-2026-08-11-full/obscura/086_www.mouser.com_c_q_capacitor.png,FALSE,https://jsonify.hel1.your-objectstorage.com/screenshots/evals/results-2026-08-11-full/playwright/086_www.mouser.com_c_q_capacitor.png,FALSE,https://jsonify.hel1.your-objectstorage.com/screenshots/evals/results-2026-08-11-full/selenium/086_www.mouser.com_c_q_capacitor.png,FALSE,TRUE
https://www.digikey.com/en/products/filter/resistor-kits/653,https://jsonify.hel1.your-objectstorage.com/screenshots/771c52f3-2a16-42f4-a48d-bfa80c713e42.png,TRUE,https://jsonify.hel1.your-objectstorage.com/screenshots/evals/results-2026-08-11-full/bless/087_www.digikey.com_en_products_filter_resistor-kits_653.png,TRUE,https://jsonify.hel1.your-objectstorage.com/screenshots/evals/results-2026-08-11-full/bbase/087_www.digikey.com_en_products_filter_resistor-kits_653.png,TRUE,https://jsonify.hel1.your-objectstorage.com/screenshots/evals/results-2026-08-11-full/browseruse/087_www.digikey.com_en_products_filter_resistor-kits_653.png,TRUE,https://jsonify.hel1.your-objectstorage.com/screenshots/evals/results-2026-08-11-full/firecrawl_browser/087_www.digikey.com_en_products_filter_resistor-kits_653.png,TRUE,https://jsonify.hel1.your-objectstorage.com/screenshots/evals/results-2026-08-11-full/hyperbrowser/087_www.digikey.com_en_products_filter_resistor-kits_653.png,TRUE,https://jsonify.hel1.your-objectstorage.com/screenshots/evals/results-2026-08-11-full/obscura/087_www.digikey.com_en_products_filter_resistor-kits_653.png,FALSE,https://jsonify.hel1.your-objectstorage.com/screenshots/evals/results-2026-08-11-full/playwright/087_www.digikey.com_en_products_filter_resistor-kits_653.png,FALSE,https://jsonify.hel1.your-objectstorage.com/screenshots/evals/results-2026-08-11-full/selenium/087_www.digikey.com_en_products_filter_resistor-kits_653.png,FALSE,TRUE
https://www.mcmaster.com/screws/,https://jsonify.hel1.your-objectstorage.com/screenshots/e7f0753d-16b6-42f6-9311-2af4a2ed24d0.png,TRUE,https://jsonify.hel1.your-objectstorage.com/screenshots/evals/results-2026-08-11-full/bless/088_www.mcmaster.com_screws.png,TRUE,https://jsonify.hel1.your-objectstorage.com/screenshots/evals/results-2026-08-11-full/bbase/088_www.mcmaster.com_screws.png,TRUE,https://jsonify.hel1.your-objectstorage.com/screenshots/evals/results-2026-08-11-full/browseruse/088_www.mcmaster.com_screws.png,TRUE,https://jsonify.hel1.your-objectstorage.com/screenshots/evals/results-2026-08-11-full/firecrawl_browser/088_www.mcmaster.com_screws.png,TRUE,https://jsonify.hel1.your-objectstorage.com/screenshots/evals/results-2026-08-11-full/hyperbrowser/088_www.mcmaster.com_screws.png,TRUE,https://jsonify.hel1.your-objectstorage.com/screenshots/evals/results-2026-08-11-full/obscura/088_www.mcmaster.com_screws.png,FALSE,https://jsonify.hel1.your-objectstorage.com/screenshots/evals/results-2026-08-11-full/playwright/088_www.mcmaster.com_screws.png,FALSE,https://jsonify.hel1.your-objectstorage.com/screenshots/evals/results-2026-08-11-full/selenium/088_www.mcmaster.com_screws.png,FALSE,TRUE
https://www.eventbrite.com/d/ny--new-york/events/,https://jsonify.hel1.your-objectstorage.com/screenshots/5f23e17f-1872-4291-a03a-e7b19f03d70e.png,TRUE,https://jsonify.hel1.your-objectstorage.com/screenshots/evals/results-2026-08-11-full/bless/089_www.eventbrite.com_d_ny--new-york_events.png,TRUE,https://jsonify.hel1.your-objectstorage.com/screenshots/evals/results-2026-08-11-full/bbase/089_www.eventbrite.com_d_ny--new-york_events.png,TRUE,https://jsonify.hel1.your-objectstorage.com/screenshots/evals/results-2026-08-11-full/browseruse/089_www.eventbrite.com_d_ny--new-york_events.png,TRUE,https://jsonify.hel1.your-objectstorage.com/screenshots/evals/results-2026-08-11-full/firecrawl_browser/089_www.eventbrite.com_d_ny--new-york_events.png,TRUE,https://jsonify.hel1.your-objectstorage.com/screenshots/evals/results-2026-08-11-full/hyperbrowser/089_www.eventbrite.com_d_ny--new-york_events.png,TRUE,https://jsonify.hel1.your-objectstorage.com/screenshots/evals/results-2026-08-11-full/obscura/089_www.eventbrite.com_d_ny--new-york_events.png,TRUE,https://jsonify.hel1.your-objectstorage.com/screenshots/evals/results-2026-08-11-full/playwright/089_www.eventbrite.com_d_ny--new-york_events.png,TRUE,https://jsonify.hel1.your-objectstorage.com/screenshots/evals/results-2026-08-11-full/selenium/089_www.eventbrite.com_d_ny--new-york_events.png,TRUE,TRUE
https://www.operabase.com/artists/en,https://jsonify.hel1.your-objectstorage.com/screenshots/aa2b1720-a819-4d25-b6a2-ecb8046307b0.png,TRUE,https://jsonify.hel1.your-objectstorage.com/screenshots/evals/results-2026-08-11-full/bless/090_www.operabase.com_artists_en.png,TRUE,https://jsonify.hel1.your-objectstorage.com/screenshots/evals/results-2026-08-11-full/bbase/090_www.operabase.com_artists_en.png,TRUE,https://jsonify.hel1.your-objectstorage.com/screenshots/evals/results-2026-08-11-full/browseruse/090_www.operabase.com_artists_en.png,TRUE,https://jsonify.hel1.your-objectstorage.com/screenshots/evals/results-2026-08-11-full/firecrawl_browser/090_www.operabase.com_artists_en.png,TRUE,https://jsonify.hel1.your-objectstorage.com/screenshots/evals/results-2026-08-11-full/hyperbrowser/090_www.operabase.com_artists_en.png,FALSE,https://jsonify.hel1.your-objectstorage.com/screenshots/evals/results-2026-08-11-full/obscura/090_www.operabase.com_artists_en.png,FALSE,https://jsonify.hel1.your-objectstorage.com/screenshots/evals/results-2026-08-11-full/playwright/090_www.operabase.com_artists_en.png,FALSE,https://jsonify.hel1.your-objectstorage.com/screenshots/evals/results-2026-08-11-full/selenium/090_www.operabase.com_artists_en.png,FALSE,TRUE
https://www.forebet.com/en/football-predictions,https://jsonify.hel1.your-objectstorage.com/screenshots/c1146a89-aeaa-475d-9f50-71098b3f4aea.png,TRUE,https://jsonify.hel1.your-objectstorage.com/screenshots/evals/results-2026-08-11-full/bless/091_www.forebet.com_en_football-predictions.png,FALSE,https://jsonify.hel1.your-objectstorage.com/screenshots/evals/results-2026-08-11-full/bbase/091_www.forebet.com_en_football-predictions.png,TRUE,https://jsonify.hel1.your-objectstorage.com/screenshots/evals/results-2026-08-11-full/browseruse/091_www.forebet.com_en_football-predictions.png,FALSE,https://jsonify.hel1.your-objectstorage.com/screenshots/evals/results-2026-08-11-full/firecrawl_browser/091_www.forebet.com_en_football-predictions.png,TRUE,https://jsonify.hel1.your-objectstorage.com/screenshots/evals/results-2026-08-11-full/hyperbrowser/091_www.forebet.com_en_football-predictions.png,FALSE,https://jsonify.hel1.your-objectstorage.com/screenshots/evals/results-2026-08-11-full/obscura/091_www.forebet.com_en_football-predictions.png,TRUE,https://jsonify.hel1.your-objectstorage.com/screenshots/evals/results-2026-08-11-full/playwright/091_www.forebet.com_en_football-predictions.png,FALSE,https://jsonify.hel1.your-objectstorage.com/screenshots/evals/results-2026-08-11-full/selenium/091_www.forebet.com_en_football-predictions.png,FALSE,TRUE
https://www.scoresandstats.com/gambling-news/,https://jsonify.hel1.your-objectstorage.com/screenshots/b012607f-63e1-4bd9-b1ce-5530d35de580.png,TRUE,https://jsonify.hel1.your-objectstorage.com/screenshots/evals/results-2026-08-11-full/bless/092_www.scoresandstats.com_gambling-news.png,TRUE,https://jsonify.hel1.your-objectstorage.com/screenshots/evals/results-2026-08-11-full/bbase/092_www.scoresandstats.com_gambling-news.png,TRUE,https://jsonify.hel1.your-objectstorage.com/screenshots/evals/results-2026-08-11-full/browseruse/092_www.scoresandstats.com_gambling-news.png,TRUE,https://jsonify.hel1.your-objectstorage.com/screenshots/evals/results-2026-08-11-full/firecrawl_browser/092_www.scoresandstats.com_gambling-news.png,TRUE,https://jsonify.hel1.your-objectstorage.com/screenshots/evals/results-2026-08-11-full/hyperbrowser/092_www.scoresandstats.com_gambling-news.png,TRUE,https://jsonify.hel1.your-objectstorage.com/screenshots/evals/results-2026-08-11-full/obscura/092_www.scoresandstats.com_gambling-news.png,TRUE,https://jsonify.hel1.your-objectstorage.com/screenshots/evals/results-2026-08-11-full/playwright/092_www.scoresandstats.com_gambling-news.png,TRUE,https://jsonify.hel1.your-objectstorage.com/screenshots/evals/results-2026-08-11-full/selenium/092_www.scoresandstats.com_gambling-news.png,TRUE,TRUE
https://eng.pressbee.net/search?q=world,https://jsonify.hel1.your-objectstorage.com/screenshots/2b89157d-2df3-429d-9543-4548eea67df4.png,TRUE,https://jsonify.hel1.your-objectstorage.com/screenshots/evals/results-2026-08-11-full/bless/093_eng.pressbee.net_search_q_world.png,TRUE,https://jsonify.hel1.your-objectstorage.com/screenshots/evals/results-2026-08-11-full/bbase/093_eng.pressbee.net_search_q_world.png,TRUE,https://jsonify.hel1.your-objectstorage.com/screenshots/evals/results-2026-08-11-full/browseruse/093_eng.pressbee.net_search_q_world.png,TRUE,https://jsonify.hel1.your-objectstorage.com/screenshots/evals/results-2026-08-11-full/firecrawl_browser/093_eng.pressbee.net_search_q_world.png,TRUE,https://jsonify.hel1.your-objectstorage.com/screenshots/evals/results-2026-08-11-full/hyperbrowser/093_eng.pressbee.net_search_q_world.png,TRUE,,FALSE,https://jsonify.hel1.your-objectstorage.com/screenshots/evals/results-2026-08-11-full/playwright/093_eng.pressbee.net_search_q_world.png,TRUE,https://jsonify.hel1.your-objectstorage.com/screenshots/evals/results-2026-08-11-full/selenium/093_eng.pressbee.net_search_q_world.png,TRUE,TRUE
https://www.elganso.com/en/men/shirts.html,https://jsonify.hel1.your-objectstorage.com/screenshots/e5ba7b14-eef5-4059-81ef-702df4a4d1f8.png,TRUE,https://jsonify.hel1.your-objectstorage.com/screenshots/evals/results-2026-08-11-full/bless/094_www.elganso.com_en_men_shirts.html.png,TRUE,https://jsonify.hel1.your-objectstorage.com/screenshots/evals/results-2026-08-11-full/bbase/094_www.elganso.com_en_men_shirts.html.png,TRUE,https://jsonify.hel1.your-objectstorage.com/screenshots/evals/results-2026-08-11-full/browseruse/094_www.elganso.com_en_men_shirts.html.png,TRUE,https://jsonify.hel1.your-objectstorage.com/screenshots/evals/results-2026-08-11-full/firecrawl_browser/094_www.elganso.com_en_men_shirts.html.png,TRUE,https://jsonify.hel1.your-objectstorage.com/screenshots/evals/results-2026-08-11-full/hyperbrowser/094_www.elganso.com_en_men_shirts.html.png,TRUE,https://jsonify.hel1.your-objectstorage.com/screenshots/evals/results-2026-08-11-full/obscura/094_www.elganso.com_en_men_shirts.html.png,TRUE,https://jsonify.hel1.your-objectstorage.com/screenshots/evals/results-2026-08-11-full/playwright/094_www.elganso.com_en_men_shirts.html.png,TRUE,https://jsonify.hel1.your-objectstorage.com/screenshots/evals/results-2026-08-11-full/selenium/094_www.elganso.com_en_men_shirts.html.png,FALSE,TRUE
https://www.auchan.fr/recherche?text=eau,https://jsonify.hel1.your-objectstorage.com/screenshots/91636456-0ac9-4031-b77e-9ed588825d18.png,TRUE,https://jsonify.hel1.your-objectstorage.com/screenshots/evals/results-2026-08-11-full/bless/095_www.auchan.fr_recherche_text_eau.png,TRUE,https://jsonify.hel1.your-objectstorage.com/screenshots/evals/results-2026-08-11-full/bbase/095_www.auchan.fr_recherche_text_eau.png,TRUE,https://jsonify.hel1.your-objectstorage.com/screenshots/evals/results-2026-08-11-full/browseruse/095_www.auchan.fr_recherche_text_eau.png,TRUE,https://jsonify.hel1.your-objectstorage.com/screenshots/evals/results-2026-08-11-full/firecrawl_browser/095_www.auchan.fr_recherche_text_eau.png,TRUE,https://jsonify.hel1.your-objectstorage.com/screenshots/evals/results-2026-08-11-full/hyperbrowser/095_www.auchan.fr_recherche_text_eau.png,TRUE,https://jsonify.hel1.your-objectstorage.com/screenshots/evals/results-2026-08-11-full/obscura/095_www.auchan.fr_recherche_text_eau.png,TRUE,https://jsonify.hel1.your-objectstorage.com/screenshots/evals/results-2026-08-11-full/playwright/095_www.auchan.fr_recherche_text_eau.png,TRUE,https://jsonify.hel1.your-objectstorage.com/screenshots/evals/results-2026-08-11-full/selenium/095_www.auchan.fr_recherche_text_eau.png,TRUE,TRUE
https://www.bt.com/broadband/deals,https://jsonify.hel1.your-objectstorage.com/screenshots/967c3d30-6ab4-4a32-a2d7-ad33efec202d.png,TRUE,https://jsonify.hel1.your-objectstorage.com/screenshots/evals/results-2026-08-11-full/bless/096_www.bt.com_broadband_deals.png,TRUE,https://jsonify.hel1.your-objectstorage.com/screenshots/evals/results-2026-08-11-full/bbase/096_www.bt.com_broadband_deals.png,TRUE,https://jsonify.hel1.your-objectstorage.com/screenshots/evals/results-2026-08-11-full/browseruse/096_www.bt.com_broadband_deals.png,TRUE,https://jsonify.hel1.your-objectstorage.com/screenshots/evals/results-2026-08-11-full/firecrawl_browser/096_www.bt.com_broadband_deals.png,TRUE,https://jsonify.hel1.your-objectstorage.com/screenshots/evals/results-2026-08-11-full/hyperbrowser/096_www.bt.com_broadband_deals.png,TRUE,https://jsonify.hel1.your-objectstorage.com/screenshots/evals/results-2026-08-11-full/obscura/096_www.bt.com_broadband_deals.png,FALSE,https://jsonify.hel1.your-objectstorage.com/screenshots/evals/results-2026-08-11-full/playwright/096_www.bt.com_broadband_deals.png,TRUE,https://jsonify.hel1.your-objectstorage.com/screenshots/evals/results-2026-08-11-full/selenium/096_www.bt.com_broadband_deals.png,TRUE,TRUE
https://www.avis.com/en/reservation/vehicle-availability?dropoff_suggestion_type_code=AIRPORT&pickup_hour=12&pickup_location_region=EUR&pickup_minute=00&pickup_am_pm=PM&pickup_day=01&pickup_month=09&pickup_suggestion_type_code=AIRPORT&pickup_year=2026&residency_value=US&return_hour=12&return_minute=00&return_am_pm=PM&return_day=05&return_month=09&return_year=2026&pickup_location_code=LIS&return_location_code=LIS&age=25&country=us&locale=en-US&brand=avis,https://jsonify.hel1.your-objectstorage.com/screenshots/d1190b91-41f4-4fa6-9fe5-65b5fd1f27c1.png,TRUE,https://jsonify.hel1.your-objectstorage.com/screenshots/evals/results-2026-08-11-full/bless/097_www.avis.com_en_reservation_vehicle-availability_dropoff_suggestion_type_code_AIRPORT_pickup_hour_12_pickup_l.png,TRUE,https://jsonify.hel1.your-objectstorage.com/screenshots/evals/results-2026-08-11-full/bbase/097_www.avis.com_en_reservation_vehicle-availability_dropoff_suggestion_type_code_AIRPORT_pickup_hour_12_pickup_l.png,TRUE,https://jsonify.hel1.your-objectstorage.com/screenshots/evals/results-2026-08-11-full/browseruse/097_www.avis.com_en_reservation_vehicle-availability_dropoff_suggestion_type_code_AIRPORT_pickup_hour_12_pickup_l.png,TRUE,https://jsonify.hel1.your-objectstorage.com/screenshots/evals/results-2026-08-11-full/firecrawl_browser/097_www.avis.com_en_reservation_vehicle-availability_dropoff_suggestion_type_code_AIRPORT_pickup_hour_12_pickup_l.png,TRUE,https://jsonify.hel1.your-objectstorage.com/screenshots/evals/results-2026-08-11-full/hyperbrowser/097_www.avis.com_en_reservation_vehicle-availability_dropoff_suggestion_type_code_AIRPORT_pickup_hour_12_pickup_l.png,FALSE,https://jsonify.hel1.your-objectstorage.com/screenshots/evals/results-2026-08-11-full/obscura/097_www.avis.com_en_reservation_vehicle-availability_dropoff_suggestion_type_code_AIRPORT_pickup_hour_12_pickup_l.png,FALSE,https://jsonify.hel1.your-objectstorage.com/screenshots/evals/results-2026-08-11-full/playwright/097_www.avis.com_en_reservation_vehicle-availability_dropoff_suggestion_type_code_AIRPORT_pickup_hour_12_pickup_l.png,FALSE,https://jsonify.hel1.your-objectstorage.com/screenshots/evals/results-2026-08-11-full/selenium/097_www.avis.com_en_reservation_vehicle-availability_dropoff_suggestion_type_code_AIRPORT_pickup_hour_12_pickup_l.png,FALSE,TRUE
https://www.espn.co.uk/nba/schedule,https://jsonify.hel1.your-objectstorage.com/screenshots/d72ef715-bb0e-46bc-b035-bb7e5e09ce4d.png,TRUE,https://jsonify.hel1.your-objectstorage.com/screenshots/evals/results-2026-08-11-full/bless/098_www.espn.co.uk_nba_schedule.png,TRUE,https://jsonify.hel1.your-objectstorage.com/screenshots/evals/results-2026-08-11-full/bbase/098_www.espn.co.uk_nba_schedule.png,FALSE,https://jsonify.hel1.your-objectstorage.com/screenshots/evals/results-2026-08-11-full/browseruse/098_www.espn.co.uk_nba_schedule.png,TRUE,https://jsonify.hel1.your-objectstorage.com/screenshots/evals/results-2026-08-11-full/firecrawl_browser/098_www.espn.co.uk_nba_schedule.png,TRUE,https://jsonify.hel1.your-objectstorage.com/screenshots/evals/results-2026-08-11-full/hyperbrowser/098_www.espn.co.uk_nba_schedule.png,TRUE,https://jsonify.hel1.your-objectstorage.com/screenshots/evals/results-2026-08-11-full/obscura/098_www.espn.co.uk_nba_schedule.png,TRUE,https://jsonify.hel1.your-objectstorage.com/screenshots/evals/results-2026-08-11-full/playwright/098_www.espn.co.uk_nba_schedule.png,TRUE,https://jsonify.hel1.your-objectstorage.com/screenshots/evals/results-2026-08-11-full/selenium/098_www.espn.co.uk_nba_schedule.png,TRUE,TRUE
https://www.nfl.com/news/terry-mclaurin-requests-trade-six-teams-that-could-pursue-two-time-pro-bowl-wr,https://jsonify.hel1.your-objectstorage.com/screenshots/549dbebf-e045-427b-919b-1cca24068735.png,TRUE,https://jsonify.hel1.your-objectstorage.com/screenshots/evals/results-2026-08-11-full/bless/099_www.nfl.com_news_terry-mclaurin-requests-trade-six-teams-that-could-pursue-two-time-pro-bowl-wr.png,TRUE,https://jsonify.hel1.your-objectstorage.com/screenshots/evals/results-2026-08-11-full/bbase/099_www.nfl.com_news_terry-mclaurin-requests-trade-six-teams-that-could-pursue-two-time-pro-bowl-wr.png,TRUE,https://jsonify.hel1.your-objectstorage.com/screenshots/evals/results-2026-08-11-full/browseruse/099_www.nfl.com_news_terry-mclaurin-requests-trade-six-teams-that-could-pursue-two-time-pro-bowl-wr.png,TRUE,https://jsonify.hel1.your-objectstorage.com/screenshots/evals/results-2026-08-11-full/firecrawl_browser/099_www.nfl.com_news_terry-mclaurin-requests-trade-six-teams-that-could-pursue-two-time-pro-bowl-wr.png,TRUE,https://jsonify.hel1.your-objectstorage.com/screenshots/evals/results-2026-08-11-full/hyperbrowser/099_www.nfl.com_news_terry-mclaurin-requests-trade-six-teams-that-could-pursue-two-time-pro-bowl-wr.png,TRUE,https://jsonify.hel1.your-objectstorage.com/screenshots/evals/results-2026-08-11-full/obscura/099_www.nfl.com_news_terry-mclaurin-requests-trade-six-teams-that-could-pursue-two-time-pro-bowl-wr.png,TRUE,https://jsonify.hel1.your-objectstorage.com/screenshots/evals/results-2026-08-11-full/playwright/099_www.nfl.com_news_terry-mclaurin-requests-trade-six-teams-that-could-pursue-two-time-pro-bowl-wr.png,TRUE,https://jsonify.hel1.your-objectstorage.com/screenshots/evals/results-2026-08-11-full/selenium/099_www.nfl.com_news_terry-mclaurin-requests-trade-six-teams-that-could-pursue-two-time-pro-bowl-wr.png,TRUE,TRUE
https://www.99acres.com/Delhi-Real-Estate.htm,https://jsonify.hel1.your-objectstorage.com/screenshots/370d8620-caab-4986-8818-b40af22e3bb4.png,TRUE,https://jsonify.hel1.your-objectstorage.com/screenshots/evals/results-2026-08-11-full/bless/100_www.99acres.com_Delhi-Real-Estate.htm.png,FALSE,https://jsonify.hel1.your-objectstorage.com/screenshots/evals/results-2026-08-11-full/bbase/100_www.99acres.com_Delhi-Real-Estate.htm.png,TRUE,https://jsonify.hel1.your-objectstorage.com/screenshots/evals/results-2026-08-11-full/browseruse/100_www.99acres.com_Delhi-Real-Estate.htm.png,TRUE,https://jsonify.hel1.your-objectstorage.com/screenshots/evals/results-2026-08-11-full/firecrawl_browser/100_www.99acres.com_Delhi-Real-Estate.htm.png,TRUE,https://jsonify.hel1.your-objectstorage.com/screenshots/evals/results-2026-08-11-full/hyperbrowser/100_www.99acres.com_Delhi-Real-Estate.htm.png,TRUE,https://jsonify.hel1.your-objectstorage.com/screenshots/evals/results-2026-08-11-full/obscura/100_www.99acres.com_Delhi-Real-Estate.htm.png,TRUE,https://jsonify.hel1.your-objectstorage.com/screenshots/evals/results-2026-08-11-full/playwright/100_www.99acres.com_Delhi-Real-Estate.htm.png,FALSE,https://jsonify.hel1.your-objectstorage.com/screenshots/evals/results-2026-08-11-full/selenium/100_www.99acres.com_Delhi-Real-Estate.htm.png,FALSE,TRUE
https://www.allegro.pl/kategoria/komputery,https://jsonify.hel1.your-objectstorage.com/screenshots/daf3a13b-f655-429b-89d1-fc902a510f6d.png,TRUE,https://jsonify.hel1.your-objectstorage.com/screenshots/evals/results-2026-08-11-full/bless/101_www.allegro.pl_kategoria_komputery.png,TRUE,https://jsonify.hel1.your-objectstorage.com/screenshots/evals/results-2026-08-11-full/bbase/101_www.allegro.pl_kategoria_komputery.png,FALSE,https://jsonify.hel1.your-objectstorage.com/screenshots/evals/results-2026-08-11-full/browseruse/101_www.allegro.pl_kategoria_komputery.png,FALSE,https://jsonify.hel1.your-objectstorage.com/screenshots/evals/results-2026-08-11-full/firecrawl_browser/101_www.allegro.pl_kategoria_komputery.png,TRUE,https://jsonify.hel1.your-objectstorage.com/screenshots/evals/results-2026-08-11-full/hyperbrowser/101_www.allegro.pl_kategoria_komputery.png,FALSE,https://jsonify.hel1.your-objectstorage.com/screenshots/evals/results-2026-08-11-full/obscura/101_www.allegro.pl_kategoria_komputery.png,FALSE,https://jsonify.hel1.your-objectstorage.com/screenshots/evals/results-2026-08-11-full/playwright/101_www.allegro.pl_kategoria_komputery.png,FALSE,https://jsonify.hel1.your-objectstorage.com/screenshots/evals/results-2026-08-11-full/selenium/101_www.allegro.pl_kategoria_komputery.png,FALSE,TRUE
https://www.apartments.com/new-york-ny/,https://jsonify.hel1.your-objectstorage.com/screenshots/89f01d2c-65c8-44f8-a95a-31a41f8b43a0.png,FALSE,https://jsonify.hel1.your-objectstorage.com/screenshots/evals/results-2026-08-11-full/bless/102_www.apartments.com_new-york-ny.png,FALSE,https://jsonify.hel1.your-objectstorage.com/screenshots/evals/results-2026-08-11-full/bbase/102_www.apartments.com_new-york-ny.png,FALSE,https://jsonify.hel1.your-objectstorage.com/screenshots/evals/results-2026-08-11-full/browseruse/102_www.apartments.com_new-york-ny.png,FALSE,https://jsonify.hel1.your-objectstorage.com/screenshots/evals/results-2026-08-11-full/firecrawl_browser/102_www.apartments.com_new-york-ny.png,FALSE,https://jsonify.hel1.your-objectstorage.com/screenshots/evals/results-2026-08-11-full/hyperbrowser/102_www.apartments.com_new-york-ny.png,FALSE,https://jsonify.hel1.your-objectstorage.com/screenshots/evals/results-2026-08-11-full/obscura/102_www.apartments.com_new-york-ny.png,FALSE,https://jsonify.hel1.your-objectstorage.com/screenshots/evals/results-2026-08-11-full/playwright/102_www.apartments.com_new-york-ny.png,FALSE,https://jsonify.hel1.your-objectstorage.com/screenshots/evals/results-2026-08-11-full/selenium/102_www.apartments.com_new-york-ny.png,FALSE,TRUE
https://www.asos.com/us/men/a-to-z-of-brands/cat/?cid=1361,https://jsonify.hel1.your-objectstorage.com/screenshots/564729c0-69e0-4ee6-b662-1542ac229250.png,TRUE,https://jsonify.hel1.your-objectstorage.com/screenshots/evals/results-2026-08-11-full/bless/103_www.asos.com_us_men_a-to-z-of-brands_cat_cid_1361.png,TRUE,https://jsonify.hel1.your-objectstorage.com/screenshots/evals/results-2026-08-11-full/bbase/103_www.asos.com_us_men_a-to-z-of-brands_cat_cid_1361.png,TRUE,https://jsonify.hel1.your-objectstorage.com/screenshots/evals/results-2026-08-11-full/browseruse/103_www.asos.com_us_men_a-to-z-of-brands_cat_cid_1361.png,TRUE,https://jsonify.hel1.your-objectstorage.com/screenshots/evals/results-2026-08-11-full/firecrawl_browser/103_www.asos.com_us_men_a-to-z-of-brands_cat_cid_1361.png,TRUE,https://jsonify.hel1.your-objectstorage.com/screenshots/evals/results-2026-08-11-full/hyperbrowser/103_www.asos.com_us_men_a-to-z-of-brands_cat_cid_1361.png,TRUE,https://jsonify.hel1.your-objectstorage.com/screenshots/evals/results-2026-08-11-full/obscura/103_www.asos.com_us_men_a-to-z-of-brands_cat_cid_1361.png,TRUE,https://jsonify.hel1.your-objectstorage.com/screenshots/evals/results-2026-08-11-full/playwright/103_www.asos.com_us_men_a-to-z-of-brands_cat_cid_1361.png,FALSE,https://jsonify.hel1.your-objectstorage.com/screenshots/evals/results-2026-08-11-full/selenium/103_www.asos.com_us_men_a-to-z-of-brands_cat_cid_1361.png,FALSE,TRUE
https://bsky.app/profile/jay.bsky.team,https://jsonify.hel1.your-objectstorage.com/screenshots/b25bf18a-1858-4baf-bc7a-c22eca7948d1.png,TRUE,https://jsonify.hel1.your-objectstorage.com/screenshots/evals/results-2026-08-11-full/bless/104_bsky.app_profile_jay.bsky.team.png,TRUE,https://jsonify.hel1.your-objectstorage.com/screenshots/evals/results-2026-08-11-full/bbase/104_bsky.app_profile_jay.bsky.team.png,TRUE,https://jsonify.hel1.your-objectstorage.com/screenshots/evals/results-2026-08-11-full/browseruse/104_bsky.app_profile_jay.bsky.team.png,TRUE,https://jsonify.hel1.your-objectstorage.com/screenshots/evals/results-2026-08-11-full/firecrawl_browser/104_bsky.app_profile_jay.bsky.team.png,TRUE,https://jsonify.hel1.your-objectstorage.com/screenshots/evals/results-2026-08-11-full/hyperbrowser/104_bsky.app_profile_jay.bsky.team.png,TRUE,https://jsonify.hel1.your-objectstorage.com/screenshots/evals/results-2026-08-11-full/obscura/104_bsky.app_profile_jay.bsky.team.png,FALSE,https://jsonify.hel1.your-objectstorage.com/screenshots/evals/results-2026-08-11-full/playwright/104_bsky.app_profile_jay.bsky.team.png,TRUE,https://jsonify.hel1.your-objectstorage.com/screenshots/evals/results-2026-08-11-full/selenium/104_bsky.app_profile_jay.bsky.team.png,TRUE,TRUE
https://www.costco.com/washer-dryer-sets.html,https://jsonify.hel1.your-objectstorage.com/screenshots/d3508920-926b-4230-908d-43d1486581bd.png,TRUE,https://jsonify.hel1.your-objectstorage.com/screenshots/evals/results-2026-08-11-full/bless/105_www.costco.com_washer-dryer-sets.html.png,TRUE,https://jsonify.hel1.your-objectstorage.com/screenshots/evals/results-2026-08-11-full/bbase/105_www.costco.com_washer-dryer-sets.html.png,FALSE,https://jsonify.hel1.your-objectstorage.com/screenshots/evals/results-2026-08-11-full/browseruse/105_www.costco.com_washer-dryer-sets.html.png,FALSE,https://jsonify.hel1.your-objectstorage.com/screenshots/evals/results-2026-08-11-full/firecrawl_browser/105_www.costco.com_washer-dryer-sets.html.png,TRUE,https://jsonify.hel1.your-objectstorage.com/screenshots/evals/results-2026-08-11-full/hyperbrowser/105_www.costco.com_washer-dryer-sets.html.png,FALSE,https://jsonify.hel1.your-objectstorage.com/screenshots/evals/results-2026-08-11-full/obscura/105_www.costco.com_washer-dryer-sets.html.png,FALSE,https://jsonify.hel1.your-objectstorage.com/screenshots/evals/results-2026-08-11-full/playwright/105_www.costco.com_washer-dryer-sets.html.png,FALSE,https://jsonify.hel1.your-objectstorage.com/screenshots/evals/results-2026-08-11-full/selenium/105_www.costco.com_washer-dryer-sets.html.png,FALSE,TRUE
https://docs.stripe.com/,https://jsonify.hel1.your-objectstorage.com/screenshots/8cb2caef-7854-4913-bc4b-4cdb909ef3c5.png,FALSE,https://jsonify.hel1.your-objectstorage.com/screenshots/evals/results-2026-08-11-full/bless/106_docs.stripe.com_home.png,TRUE,https://jsonify.hel1.your-objectstorage.com/screenshots/evals/results-2026-08-11-full/bbase/106_docs.stripe.com_home.png,TRUE,https://jsonify.hel1.your-objectstorage.com/screenshots/evals/results-2026-08-11-full/browseruse/106_docs.stripe.com_home.png,TRUE,https://jsonify.hel1.your-objectstorage.com/screenshots/evals/results-2026-08-11-full/firecrawl_browser/106_docs.stripe.com_home.png,TRUE,https://jsonify.hel1.your-objectstorage.com/screenshots/evals/results-2026-08-11-full/hyperbrowser/106_docs.stripe.com_home.png,TRUE,https://jsonify.hel1.your-objectstorage.com/screenshots/evals/results-2026-08-11-full/obscura/106_docs.stripe.com_home.png,FALSE,https://jsonify.hel1.your-objectstorage.com/screenshots/evals/results-2026-08-11-full/playwright/106_docs.stripe.com_home.png,FALSE,https://jsonify.hel1.your-objectstorage.com/screenshots/evals/results-2026-08-11-full/selenium/106_docs.stripe.com_home.png,FALSE,TRUE
https://www.ebay.com/sch/i.html?_nkw=iphone,https://jsonify.hel1.your-objectstorage.com/screenshots/649d8f38-d55b-47f5-a406-8c45454883ae.png,TRUE,https://jsonify.hel1.your-objectstorage.com/screenshots/evals/results-2026-08-11-full/bless/107_www.ebay.com_sch_i.html__nkw_iphone.png,TRUE,https://jsonify.hel1.your-objectstorage.com/screenshots/evals/results-2026-08-11-full/bbase/107_www.ebay.com_sch_i.html__nkw_iphone.png,TRUE,https://jsonify.hel1.your-objectstorage.com/screenshots/evals/results-2026-08-11-full/browseruse/107_www.ebay.com_sch_i.html__nkw_iphone.png,FALSE,https://jsonify.hel1.your-objectstorage.com/screenshots/evals/results-2026-08-11-full/firecrawl_browser/107_www.ebay.com_sch_i.html__nkw_iphone.png,TRUE,https://jsonify.hel1.your-objectstorage.com/screenshots/evals/results-2026-08-11-full/hyperbrowser/107_www.ebay.com_sch_i.html__nkw_iphone.png,TRUE,https://jsonify.hel1.your-objectstorage.com/screenshots/evals/results-2026-08-11-full/obscura/107_www.ebay.com_sch_i.html__nkw_iphone.png,FALSE,https://jsonify.hel1.your-objectstorage.com/screenshots/evals/results-2026-08-11-full/playwright/107_www.ebay.com_sch_i.html__nkw_iphone.png,FALSE,https://jsonify.hel1.your-objectstorage.com/screenshots/evals/results-2026-08-11-full/selenium/107_www.ebay.com_sch_i.html__nkw_iphone.png,FALSE,TRUE
https://www.etsy.com/search?q=ceramic+mug,https://jsonify.hel1.your-objectstorage.com/screenshots/50d7d917-b4f2-4194-96f3-0ac6c582191d.png,FALSE,https://jsonify.hel1.your-objectstorage.com/screenshots/evals/results-2026-08-11-full/bless/108_www.etsy.com_search_q_ceramic_mug.png,TRUE,https://jsonify.hel1.your-objectstorage.com/screenshots/evals/results-2026-08-11-full/bbase/108_www.etsy.com_search_q_ceramic_mug.png,FALSE,https://jsonify.hel1.your-objectstorage.com/screenshots/evals/results-2026-08-11-full/browseruse/108_www.etsy.com_search_q_ceramic_mug.png,FALSE,https://jsonify.hel1.your-objectstorage.com/screenshots/evals/results-2026-08-11-full/firecrawl_browser/108_www.etsy.com_search_q_ceramic_mug.png,FALSE,https://jsonify.hel1.your-objectstorage.com/screenshots/evals/results-2026-08-11-full/hyperbrowser/108_www.etsy.com_search_q_ceramic_mug.png,FALSE,https://jsonify.hel1.your-objectstorage.com/screenshots/evals/results-2026-08-11-full/obscura/108_www.etsy.com_search_q_ceramic_mug.png,FALSE,https://jsonify.hel1.your-objectstorage.com/screenshots/evals/results-2026-08-11-full/playwright/108_www.etsy.com_search_q_ceramic_mug.png,FALSE,https://jsonify.hel1.your-objectstorage.com/screenshots/evals/results-2026-08-11-full/selenium/108_www.etsy.com_search_q_ceramic_mug.png,FALSE,TRUE
https://www.expedia.com/Hotel-Search?destination=Bangkok,https://jsonify.hel1.your-objectstorage.com/screenshots/5f38410b-832d-4188-8509-33f0e7d78a5b.png,TRUE,https://jsonify.hel1.your-objectstorage.com/screenshots/evals/results-2026-08-11-full/bless/109_www.expedia.com_Hotel-Search_destination_Bangkok.png,FALSE,https://jsonify.hel1.your-objectstorage.com/screenshots/evals/results-2026-08-11-full/bbase/109_www.expedia.com_Hotel-Search_destination_Bangkok.png,FALSE,https://jsonify.hel1.your-objectstorage.com/screenshots/evals/results-2026-08-11-full/browseruse/109_www.expedia.com_Hotel-Search_destination_Bangkok.png,FALSE,https://jsonify.hel1.your-objectstorage.com/screenshots/evals/results-2026-08-11-full/firecrawl_browser/109_www.expedia.com_Hotel-Search_destination_Bangkok.png,FALSE,https://jsonify.hel1.your-objectstorage.com/screenshots/evals/results-2026-08-11-full/hyperbrowser/109_www.expedia.com_Hotel-Search_destination_Bangkok.png,FALSE,https://jsonify.hel1.your-objectstorage.com/screenshots/evals/results-2026-08-11-full/obscura/109_www.expedia.com_Hotel-Search_destination_Bangkok.png,FALSE,https://jsonify.hel1.your-objectstorage.com/screenshots/evals/results-2026-08-11-full/playwright/109_www.expedia.com_Hotel-Search_destination_Bangkok.png,FALSE,https://jsonify.hel1.your-objectstorage.com/screenshots/evals/results-2026-08-11-full/selenium/109_www.expedia.com_Hotel-Search_destination_Bangkok.png,FALSE,TRUE
https://www.figma.com/community,https://jsonify.hel1.your-objectstorage.com/screenshots/fc4bbdc4-cdf4-429a-86b8-7db53f381b79.png,TRUE,https://jsonify.hel1.your-objectstorage.com/screenshots/evals/results-2026-08-11-full/bless/110_www.figma.com_community.png,TRUE,https://jsonify.hel1.your-objectstorage.com/screenshots/evals/results-2026-08-11-full/bbase/110_www.figma.com_community.png,TRUE,https://jsonify.hel1.your-objectstorage.com/screenshots/evals/results-2026-08-11-full/browseruse/110_www.figma.com_community.png,TRUE,https://jsonify.hel1.your-objectstorage.com/screenshots/evals/results-2026-08-11-full/firecrawl_browser/110_www.figma.com_community.png,TRUE,https://jsonify.hel1.your-objectstorage.com/screenshots/evals/results-2026-08-11-full/hyperbrowser/110_www.figma.com_community.png,FALSE,https://jsonify.hel1.your-objectstorage.com/screenshots/evals/results-2026-08-11-full/obscura/110_www.figma.com_community.png,FALSE,https://jsonify.hel1.your-objectstorage.com/screenshots/evals/results-2026-08-11-full/playwright/110_www.figma.com_community.png,FALSE,https://jsonify.hel1.your-objectstorage.com/screenshots/evals/results-2026-08-11-full/selenium/110_www.figma.com_community.png,FALSE,TRUE
https://www.g2.com/categories/crm,https://jsonify.hel1.your-objectstorage.com/screenshots/adb1b16a-e033-4a4f-b6aa-e1ef6d7d7a72.png,FALSE,https://jsonify.hel1.your-objectstorage.com/screenshots/evals/results-2026-08-11-full/bless/111_www.g2.com_categories_crm.png,FALSE,https://jsonify.hel1.your-objectstorage.com/screenshots/evals/results-2026-08-11-full/bbase/111_www.g2.com_categories_crm.png,FALSE,https://jsonify.hel1.your-objectstorage.com/screenshots/evals/results-2026-08-11-full/browseruse/111_www.g2.com_categories_crm.png,TRUE,https://jsonify.hel1.your-objectstorage.com/screenshots/evals/results-2026-08-11-full/firecrawl_browser/111_www.g2.com_categories_crm.png,FALSE,https://jsonify.hel1.your-objectstorage.com/screenshots/evals/results-2026-08-11-full/hyperbrowser/111_www.g2.com_categories_crm.png,FALSE,https://jsonify.hel1.your-objectstorage.com/screenshots/evals/results-2026-08-11-full/obscura/111_www.g2.com_categories_crm.png,FALSE,https://jsonify.hel1.your-objectstorage.com/screenshots/evals/results-2026-08-11-full/playwright/111_www.g2.com_categories_crm.png,FALSE,https://jsonify.hel1.your-objectstorage.com/screenshots/evals/results-2026-08-11-full/selenium/111_www.g2.com_categories_crm.png,FALSE,TRUE
https://www.glassdoor.com/Reviews/index.htm,https://jsonify.hel1.your-objectstorage.com/screenshots/557ecb25-a520-4ca6-994f-e38b0d47864d.png,TRUE,https://jsonify.hel1.your-objectstorage.com/screenshots/evals/results-2026-08-11-full/bless/112_www.glassdoor.com_Reviews_index.htm.png,FALSE,https://jsonify.hel1.your-objectstorage.com/screenshots/evals/results-2026-08-11-full/bbase/112_www.glassdoor.com_Reviews_index.htm.png,FALSE,https://jsonify.hel1.your-objectstorage.com/screenshots/evals/results-2026-08-11-full/browseruse/112_www.glassdoor.com_Reviews_index.htm.png,TRUE,https://jsonify.hel1.your-objectstorage.com/screenshots/evals/results-2026-08-11-full/firecrawl_browser/112_www.glassdoor.com_Reviews_index.htm.png,FALSE,https://jsonify.hel1.your-objectstorage.com/screenshots/evals/results-2026-08-11-full/hyperbrowser/112_www.glassdoor.com_Reviews_index.htm.png,FALSE,https://jsonify.hel1.your-objectstorage.com/screenshots/evals/results-2026-08-11-full/obscura/112_www.glassdoor.com_Reviews_index.htm.png,FALSE,https://jsonify.hel1.your-objectstorage.com/screenshots/evals/results-2026-08-11-full/playwright/112_www.glassdoor.com_Reviews_index.htm.png,FALSE,https://jsonify.hel1.your-objectstorage.com/screenshots/evals/results-2026-08-11-full/selenium/112_www.glassdoor.com_Reviews_index.htm.png,FALSE,TRUE
https://www.idealista.pt/imovel/34685186/,https://jsonify.hel1.your-objectstorage.com/screenshots/80868429-36c9-4785-9d81-52b974a21df9.png,FALSE,https://jsonify.hel1.your-objectstorage.com/screenshots/evals/results-2026-08-11-full/bless/113_www.idealista.pt_imovel_34685186.png,TRUE,https://jsonify.hel1.your-objectstorage.com/screenshots/evals/results-2026-08-11-full/bbase/113_www.idealista.pt_imovel_34685186.png,FALSE,https://jsonify.hel1.your-objectstorage.com/screenshots/evals/results-2026-08-11-full/browseruse/113_www.idealista.pt_imovel_34685186.png,FALSE,https://jsonify.hel1.your-objectstorage.com/screenshots/evals/results-2026-08-11-full/firecrawl_browser/113_www.idealista.pt_imovel_34685186.png,TRUE,https://jsonify.hel1.your-objectstorage.com/screenshots/evals/results-2026-08-11-full/hyperbrowser/113_www.idealista.pt_imovel_34685186.png,FALSE,https://jsonify.hel1.your-objectstorage.com/screenshots/evals/results-2026-08-11-full/obscura/113_www.idealista.pt_imovel_34685186.png,FALSE,https://jsonify.hel1.your-objectstorage.com/screenshots/evals/results-2026-08-11-full/playwright/113_www.idealista.pt_imovel_34685186.png,FALSE,https://jsonify.hel1.your-objectstorage.com/screenshots/evals/results-2026-08-11-full/selenium/113_www.idealista.pt_imovel_34685186.png,FALSE,TRUE
https://kalshi.com/browse,https://jsonify.hel1.your-objectstorage.com/screenshots/433dcc7d-7d69-4a06-9c83-fc176034f017.png,TRUE,https://jsonify.hel1.your-objectstorage.com/screenshots/evals/results-2026-08-11-full/bless/114_kalshi.com_browse.png,TRUE,https://jsonify.hel1.your-objectstorage.com/screenshots/evals/results-2026-08-11-full/bbase/114_kalshi.com_browse.png,TRUE,https://jsonify.hel1.your-objectstorage.com/screenshots/evals/results-2026-08-11-full/browseruse/114_kalshi.com_browse.png,TRUE,https://jsonify.hel1.your-objectstorage.com/screenshots/evals/results-2026-08-11-full/firecrawl_browser/114_kalshi.com_browse.png,TRUE,https://jsonify.hel1.your-objectstorage.com/screenshots/evals/results-2026-08-11-full/hyperbrowser/114_kalshi.com_browse.png,TRUE,https://jsonify.hel1.your-objectstorage.com/screenshots/evals/results-2026-08-11-full/obscura/114_kalshi.com_browse.png,FALSE,https://jsonify.hel1.your-objectstorage.com/screenshots/evals/results-2026-08-11-full/playwright/114_kalshi.com_browse.png,FALSE,https://jsonify.hel1.your-objectstorage.com/screenshots/evals/results-2026-08-11-full/selenium/114_kalshi.com_browse.png,FALSE,TRUE
https://www.lowes.com/pl/Deals/1611079983848,https://jsonify.hel1.your-objectstorage.com/screenshots/97fb57a6-0175-4b05-ac5e-8c60a27cd5e9.png,FALSE,https://jsonify.hel1.your-objectstorage.com/screenshots/evals/results-2026-08-11-full/bless/115_www.lowes.com_pl_Deals_1611079983848.png,FALSE,https://jsonify.hel1.your-objectstorage.com/screenshots/evals/results-2026-08-11-full/bbase/115_www.lowes.com_pl_Deals_1611079983848.png,FALSE,https://jsonify.hel1.your-objectstorage.com/screenshots/evals/results-2026-08-11-full/browseruse/115_www.lowes.com_pl_Deals_1611079983848.png,TRUE,https://jsonify.hel1.your-objectstorage.com/screenshots/evals/results-2026-08-11-full/firecrawl_browser/115_www.lowes.com_pl_Deals_1611079983848.png,FALSE,https://jsonify.hel1.your-objectstorage.com/screenshots/evals/results-2026-08-11-full/hyperbrowser/115_www.lowes.com_pl_Deals_1611079983848.png,FALSE,https://jsonify.hel1.your-objectstorage.com/screenshots/evals/results-2026-08-11-full/obscura/115_www.lowes.com_pl_Deals_1611079983848.png,FALSE,https://jsonify.hel1.your-objectstorage.com/screenshots/evals/results-2026-08-11-full/playwright/115_www.lowes.com_pl_Deals_1611079983848.png,FALSE,https://jsonify.hel1.your-objectstorage.com/screenshots/evals/results-2026-08-11-full/selenium/115_www.lowes.com_pl_Deals_1611079983848.png,FALSE,TRUE
https://www.monster.com/jobs/search?q=data+scientist&where=Phoenix%2C+AZ&page=1&so=m.s.sh,https://jsonify.hel1.your-objectstorage.com/screenshots/6dba3b95-42ce-4fe7-9ce3-96d7a4e760c3.png,FALSE,https://jsonify.hel1.your-objectstorage.com/screenshots/evals/results-2026-08-11-full/bless/116_www.monster.com_jobs_search_q_data_scientist_where_Phoenix_2C_AZ_page_1_so_m.s.sh.png,TRUE,https://jsonify.hel1.your-objectstorage.com/screenshots/evals/results-2026-08-11-full/bbase/116_www.monster.com_jobs_search_q_data_scientist_where_Phoenix_2C_AZ_page_1_so_m.s.sh.png,FALSE,https://jsonify.hel1.your-objectstorage.com/screenshots/evals/results-2026-08-11-full/browseruse/116_www.monster.com_jobs_search_q_data_scientist_where_Phoenix_2C_AZ_page_1_so_m.s.sh.png,FALSE,https://jsonify.hel1.your-objectstorage.com/screenshots/evals/results-2026-08-11-full/firecrawl_browser/116_www.monster.com_jobs_search_q_data_scientist_where_Phoenix_2C_AZ_page_1_so_m.s.sh.png,FALSE,https://jsonify.hel1.your-objectstorage.com/screenshots/evals/results-2026-08-11-full/hyperbrowser/116_www.monster.com_jobs_search_q_data_scientist_where_Phoenix_2C_AZ_page_1_so_m.s.sh.png,FALSE,https://jsonify.hel1.your-objectstorage.com/screenshots/evals/results-2026-08-11-full/obscura/116_www.monster.com_jobs_search_q_data_scientist_where_Phoenix_2C_AZ_page_1_so_m.s.sh.png,FALSE,https://jsonify.hel1.your-objectstorage.com/screenshots/evals/results-2026-08-11-full/playwright/116_www.monster.com_jobs_search_q_data_scientist_where_Phoenix_2C_AZ_page_1_so_m.s.sh.png,FALSE,https://jsonify.hel1.your-objectstorage.com/screenshots/evals/results-2026-08-11-full/selenium/116_www.monster.com_jobs_search_q_data_scientist_where_Phoenix_2C_AZ_page_1_so_m.s.sh.png,FALSE,TRUE
https://www.producthunt.com/,https://jsonify.hel1.your-objectstorage.com/screenshots/04e9dbb3-1c98-42ce-a554-44b7b6ce71e7.png,TRUE,https://jsonify.hel1.your-objectstorage.com/screenshots/evals/results-2026-08-11-full/bless/117_www.producthunt.com_home.png,TRUE,https://jsonify.hel1.your-objectstorage.com/screenshots/evals/results-2026-08-11-full/bbase/117_www.producthunt.com_home.png,TRUE,https://jsonify.hel1.your-objectstorage.com/screenshots/evals/results-2026-08-11-full/browseruse/117_www.producthunt.com_home.png,TRUE,https://jsonify.hel1.your-objectstorage.com/screenshots/evals/results-2026-08-11-full/firecrawl_browser/117_www.producthunt.com_home.png,FALSE,https://jsonify.hel1.your-objectstorage.com/screenshots/evals/results-2026-08-11-full/hyperbrowser/117_www.producthunt.com_home.png,FALSE,https://jsonify.hel1.your-objectstorage.com/screenshots/evals/results-2026-08-11-full/obscura/117_www.producthunt.com_home.png,FALSE,https://jsonify.hel1.your-objectstorage.com/screenshots/evals/results-2026-08-11-full/playwright/117_www.producthunt.com_home.png,FALSE,https://jsonify.hel1.your-objectstorage.com/screenshots/evals/results-2026-08-11-full/selenium/117_www.producthunt.com_home.png,FALSE,TRUE
https://pypi.org/search/?q=web+scraping,https://jsonify.hel1.your-objectstorage.com/screenshots/c974d4af-9da5-4bf7-9870-8ccfb307508f.png,TRUE,https://jsonify.hel1.your-objectstorage.com/screenshots/evals/results-2026-08-11-full/bless/118_pypi.org_search_q_web_scraping.png,TRUE,https://jsonify.hel1.your-objectstorage.com/screenshots/evals/results-2026-08-11-full/bbase/118_pypi.org_search_q_web_scraping.png,TRUE,https://jsonify.hel1.your-objectstorage.com/screenshots/evals/results-2026-08-11-full/browseruse/118_pypi.org_search_q_web_scraping.png,TRUE,https://jsonify.hel1.your-objectstorage.com/screenshots/evals/results-2026-08-11-full/firecrawl_browser/118_pypi.org_search_q_web_scraping.png,TRUE,,FALSE,https://jsonify.hel1.your-objectstorage.com/screenshots/evals/results-2026-08-11-full/obscura/118_pypi.org_search_q_web_scraping.png,FALSE,https://jsonify.hel1.your-objectstorage.com/screenshots/evals/results-2026-08-11-full/playwright/118_pypi.org_search_q_web_scraping.png,FALSE,https://jsonify.hel1.your-objectstorage.com/screenshots/evals/results-2026-08-11-full/selenium/118_pypi.org_search_q_web_scraping.png,FALSE,TRUE
https://www.realestate.com.au/buy/in-sydney%2C+nsw/list-1,https://jsonify.hel1.your-objectstorage.com/screenshots/6db312fe-c8a8-46ff-a5cf-9b934b01c321.png,FALSE,https://jsonify.hel1.your-objectstorage.com/screenshots/evals/results-2026-08-11-full/bless/119_www.realestate.com.au_buy_in-sydney_2C_nsw_list-1.png,FALSE,https://jsonify.hel1.your-objectstorage.com/screenshots/evals/results-2026-08-11-full/bbase/119_www.realestate.com.au_buy_in-sydney_2C_nsw_list-1.png,TRUE,https://jsonify.hel1.your-objectstorage.com/screenshots/evals/results-2026-08-11-full/browseruse/119_www.realestate.com.au_buy_in-sydney_2C_nsw_list-1.png,TRUE,https://jsonify.hel1.your-objectstorage.com/screenshots/evals/results-2026-08-11-full/firecrawl_browser/119_www.realestate.com.au_buy_in-sydney_2C_nsw_list-1.png,FALSE,https://jsonify.hel1.your-objectstorage.com/screenshots/evals/results-2026-08-11-full/hyperbrowser/119_www.realestate.com.au_buy_in-sydney_2C_nsw_list-1.png,FALSE,https://jsonify.hel1.your-objectstorage.com/screenshots/evals/results-2026-08-11-full/obscura/119_www.realestate.com.au_buy_in-sydney_2C_nsw_list-1.png,FALSE,https://jsonify.hel1.your-objectstorage.com/screenshots/evals/results-2026-08-11-full/playwright/119_www.realestate.com.au_buy_in-sydney_2C_nsw_list-1.png,FALSE,https://jsonify.hel1.your-objectstorage.com/screenshots/evals/results-2026-08-11-full/selenium/119_www.realestate.com.au_buy_in-sydney_2C_nsw_list-1.png,FALSE,TRUE
https://www.realtor.com/realestateandhomes-search/New-York_NY,https://jsonify.hel1.your-objectstorage.com/screenshots/82c643c0-5380-4361-9737-9b7d2640620a.png,FALSE,https://jsonify.hel1.your-objectstorage.com/screenshots/evals/results-2026-08-11-full/bless/120_www.realtor.com_realestateandhomes-search_New-York_NY.png,TRUE,https://jsonify.hel1.your-objectstorage.com/screenshots/evals/results-2026-08-11-full/bbase/120_www.realtor.com_realestateandhomes-search_New-York_NY.png,TRUE,https://jsonify.hel1.your-objectstorage.com/screenshots/evals/results-2026-08-11-full/browseruse/120_www.realtor.com_realestateandhomes-search_New-York_NY.png,TRUE,https://jsonify.hel1.your-objectstorage.com/screenshots/evals/results-2026-08-11-full/firecrawl_browser/120_www.realtor.com_realestateandhomes-search_New-York_NY.png,FALSE,https://jsonify.hel1.your-objectstorage.com/screenshots/evals/results-2026-08-11-full/hyperbrowser/120_www.realtor.com_realestateandhomes-search_New-York_NY.png,FALSE,https://jsonify.hel1.your-objectstorage.com/screenshots/evals/results-2026-08-11-full/obscura/120_www.realtor.com_realestateandhomes-search_New-York_NY.png,FALSE,https://jsonify.hel1.your-objectstorage.com/screenshots/evals/results-2026-08-11-full/playwright/120_www.realtor.com_realestateandhomes-search_New-York_NY.png,FALSE,https://jsonify.hel1.your-objectstorage.com/screenshots/evals/results-2026-08-11-full/selenium/120_www.realtor.com_realestateandhomes-search_New-York_NY.png,FALSE,TRUE
https://www.redfin.com/city/17151/CA/San-Francisco,https://jsonify.hel1.your-objectstorage.com/screenshots/091b7a7c-81c9-4493-a480-e4013e2779ff.png,TRUE,https://jsonify.hel1.your-objectstorage.com/screenshots/evals/results-2026-08-11-full/bless/121_www.redfin.com_city_17151_CA_San-Francisco.png,TRUE,https://jsonify.hel1.your-objectstorage.com/screenshots/evals/results-2026-08-11-full/bbase/121_www.redfin.com_city_17151_CA_San-Francisco.png,TRUE,https://jsonify.hel1.your-objectstorage.com/screenshots/evals/results-2026-08-11-full/browseruse/121_www.redfin.com_city_17151_CA_San-Francisco.png,TRUE,https://jsonify.hel1.your-objectstorage.com/screenshots/evals/results-2026-08-11-full/firecrawl_browser/121_www.redfin.com_city_17151_CA_San-Francisco.png,TRUE,https://jsonify.hel1.your-objectstorage.com/screenshots/evals/results-2026-08-11-full/hyperbrowser/121_www.redfin.com_city_17151_CA_San-Francisco.png,TRUE,https://jsonify.hel1.your-objectstorage.com/screenshots/evals/results-2026-08-11-full/obscura/121_www.redfin.com_city_17151_CA_San-Francisco.png,TRUE,https://jsonify.hel1.your-objectstorage.com/screenshots/evals/results-2026-08-11-full/playwright/121_www.redfin.com_city_17151_CA_San-Francisco.png,FALSE,https://jsonify.hel1.your-objectstorage.com/screenshots/evals/results-2026-08-11-full/selenium/121_www.redfin.com_city_17151_CA_San-Francisco.png,FALSE,TRUE
"https://www.seloger.com/classified-search?distributionTypes=Buy&estateTypes=House,Apartment&locations=AD09FR37&m=homepage_new_search_classified_search_result",,FALSE,https://jsonify.hel1.your-objectstorage.com/screenshots/evals/results-2026-08-11-full/bless/122_www.seloger.com_classified-search_distributionTypes_Buy_estateTypes_House_Apartment_locations.png,TRUE,https://jsonify.hel1.your-objectstorage.com/screenshots/evals/results-2026-08-11-full/bbase/122_www.seloger.com_classified-search_distributionTypes_Buy_estateTypes_House_Apartment_locations.png,TRUE,https://jsonify.hel1.your-objectstorage.com/screenshots/evals/results-2026-08-11-full/browseruse/122_www.seloger.com_classified-search_distributionTypes_Buy_estateTypes_House_Apartment_locations.png,TRUE,https://jsonify.hel1.your-objectstorage.com/screenshots/evals/results-2026-08-11-full/firecrawl_browser/122_www.seloger.com_classified-search_distributionTypes_Buy_estateTypes_House_Apartment_locations.png,TRUE,https://jsonify.hel1.your-objectstorage.com/screenshots/evals/results-2026-08-11-full/hyperbrowser/122_www.seloger.com_classified-search_distributionTypes_Buy_estateTypes_House_Apartment_locations.png,TRUE,https://jsonify.hel1.your-objectstorage.com/screenshots/evals/results-2026-08-11-full/obscura/122_www.seloger.com_classified-search_distributionTypes_Buy_estateTypes_House_Apartment_locations.png,FALSE,https://jsonify.hel1.your-objectstorage.com/screenshots/evals/results-2026-08-11-full/playwright/122_www.seloger.com_classified-search_distributionTypes_Buy_estateTypes_House_Apartment_locations.png,FALSE,https://jsonify.hel1.your-objectstorage.com/screenshots/evals/results-2026-08-11-full/selenium/122_www.seloger.com_classified-search_distributionTypes_Buy_estateTypes_House_Apartment_locations.png,TRUE,TRUE
https://techcrunch.com/latest/,https://jsonify.hel1.your-objectstorage.com/screenshots/63385a5b-0ab9-4883-bdab-21f37ad46a63.png,TRUE,https://jsonify.hel1.your-objectstorage.com/screenshots/evals/results-2026-08-11-full/bless/123_techcrunch.com_latest.png,TRUE,https://jsonify.hel1.your-objectstorage.com/screenshots/evals/results-2026-08-11-full/bbase/123_techcrunch.com_latest.png,TRUE,https://jsonify.hel1.your-objectstorage.com/screenshots/evals/results-2026-08-11-full/browseruse/123_techcrunch.com_latest.png,TRUE,https://jsonify.hel1.your-objectstorage.com/screenshots/evals/results-2026-08-11-full/firecrawl_browser/123_techcrunch.com_latest.png,TRUE,https://jsonify.hel1.your-objectstorage.com/screenshots/evals/results-2026-08-11-full/hyperbrowser/123_techcrunch.com_latest.png,TRUE,https://jsonify.hel1.your-objectstorage.com/screenshots/evals/results-2026-08-11-full/obscura/123_techcrunch.com_latest.png,FALSE,https://jsonify.hel1.your-objectstorage.com/screenshots/evals/results-2026-08-11-full/playwright/123_techcrunch.com_latest.png,TRUE,https://jsonify.hel1.your-objectstorage.com/screenshots/evals/results-2026-08-11-full/selenium/123_techcrunch.com_latest.png,TRUE,TRUE
https://www.ticketmaster.com/discover/concerts?classificationId=KnvZfZ7vAv1,https://jsonify.hel1.your-objectstorage.com/screenshots/5b10c5d3-e6ec-43a7-8829-73573ae9cf56.png,TRUE,https://jsonify.hel1.your-objectstorage.com/screenshots/evals/results-2026-08-11-full/bless/124_www.ticketmaster.com_discover_concerts_classificationId_KnvZfZ7vAv1.png,TRUE,https://jsonify.hel1.your-objectstorage.com/screenshots/evals/results-2026-08-11-full/bbase/124_www.ticketmaster.com_discover_concerts_classificationId_KnvZfZ7vAv1.png,TRUE,https://jsonify.hel1.your-objectstorage.com/screenshots/evals/results-2026-08-11-full/browseruse/124_www.ticketmaster.com_discover_concerts_classificationId_KnvZfZ7vAv1.png,TRUE,https://jsonify.hel1.your-objectstorage.com/screenshots/evals/results-2026-08-11-full/firecrawl_browser/124_www.ticketmaster.com_discover_concerts_classificationId_KnvZfZ7vAv1.png,TRUE,https://jsonify.hel1.your-objectstorage.com/screenshots/evals/results-2026-08-11-full/hyperbrowser/124_www.ticketmaster.com_discover_concerts_classificationId_KnvZfZ7vAv1.png,TRUE,https://jsonify.hel1.your-objectstorage.com/screenshots/evals/results-2026-08-11-full/obscura/124_www.ticketmaster.com_discover_concerts_classificationId_KnvZfZ7vAv1.png,TRUE,https://jsonify.hel1.your-objectstorage.com/screenshots/evals/results-2026-08-11-full/playwright/124_www.ticketmaster.com_discover_concerts_classificationId_KnvZfZ7vAv1.png,FALSE,https://jsonify.hel1.your-objectstorage.com/screenshots/evals/results-2026-08-11-full/selenium/124_www.ticketmaster.com_discover_concerts_classificationId_KnvZfZ7vAv1.png,FALSE,TRUE
https://www.trustpilot.com/categories/electronics_technology,https://jsonify.hel1.your-objectstorage.com/screenshots/1eed413e-ad3e-43b6-af2d-a0f484681bce.png,TRUE,https://jsonify.hel1.your-objectstorage.com/screenshots/evals/results-2026-08-11-full/bless/125_www.trustpilot.com_categories_electronics_technology.png,TRUE,https://jsonify.hel1.your-objectstorage.com/screenshots/evals/results-2026-08-11-full/bbase/125_www.trustpilot.com_categories_electronics_technology.png,TRUE,https://jsonify.hel1.your-objectstorage.com/screenshots/evals/results-2026-08-11-full/browseruse/125_www.trustpilot.com_categories_electronics_technology.png,TRUE,https://jsonify.hel1.your-objectstorage.com/screenshots/evals/results-2026-08-11-full/firecrawl_browser/125_www.trustpilot.com_categories_electronics_technology.png,TRUE,https://jsonify.hel1.your-objectstorage.com/screenshots/evals/results-2026-08-11-full/hyperbrowser/125_www.trustpilot.com_categories_electronics_technology.png,TRUE,https://jsonify.hel1.your-objectstorage.com/screenshots/evals/results-2026-08-11-full/obscura/125_www.trustpilot.com_categories_electronics_technology.png,FALSE,https://jsonify.hel1.your-objectstorage.com/screenshots/evals/results-2026-08-11-full/playwright/125_www.trustpilot.com_categories_electronics_technology.png,TRUE,https://jsonify.hel1.your-objectstorage.com/screenshots/evals/results-2026-08-11-full/selenium/125_www.trustpilot.com_categories_electronics_technology.png,TRUE,TRUE
https://twitter.com/paulg,https://jsonify.hel1.your-objectstorage.com/screenshots/32e28ebf-6663-49aa-adac-19dd1026292f.png,TRUE,https://jsonify.hel1.your-objectstorage.com/screenshots/evals/results-2026-08-11-full/bless/126_twitter.com_paulg.png,TRUE,https://jsonify.hel1.your-objectstorage.com/screenshots/evals/results-2026-08-11-full/bbase/126_twitter.com_paulg.png,TRUE,https://jsonify.hel1.your-objectstorage.com/screenshots/evals/results-2026-08-11-full/browseruse/126_twitter.com_paulg.png,TRUE,https://jsonify.hel1.your-objectstorage.com/screenshots/evals/results-2026-08-11-full/firecrawl_browser/126_twitter.com_paulg.png,TRUE,https://jsonify.hel1.your-objectstorage.com/screenshots/evals/results-2026-08-11-full/hyperbrowser/126_twitter.com_paulg.png,TRUE,https://jsonify.hel1.your-objectstorage.com/screenshots/evals/results-2026-08-11-full/obscura/126_twitter.com_paulg.png,TRUE,https://jsonify.hel1.your-objectstorage.com/screenshots/evals/results-2026-08-11-full/playwright/126_twitter.com_paulg.png,TRUE,https://jsonify.hel1.your-objectstorage.com/screenshots/evals/results-2026-08-11-full/selenium/126_twitter.com_paulg.png,TRUE,TRUE
https://x.com/elonmusk,https://jsonify.hel1.your-objectstorage.com/screenshots/bd4415ef-686f-454b-bf4b-10cdb2b2960f.png,TRUE,https://jsonify.hel1.your-objectstorage.com/screenshots/evals/results-2026-08-11-full/bless/127_x.com_elonmusk.png,TRUE,https://jsonify.hel1.your-objectstorage.com/screenshots/evals/results-2026-08-11-full/bbase/127_x.com_elonmusk.png,TRUE,https://jsonify.hel1.your-objectstorage.com/screenshots/evals/results-2026-08-11-full/browseruse/127_x.com_elonmusk.png,TRUE,https://jsonify.hel1.your-objectstorage.com/screenshots/evals/results-2026-08-11-full/firecrawl_browser/127_x.com_elonmusk.png,TRUE,https://jsonify.hel1.your-objectstorage.com/screenshots/evals/results-2026-08-11-full/hyperbrowser/127_x.com_elonmusk.png,TRUE,https://jsonify.hel1.your-objectstorage.com/screenshots/evals/results-2026-08-11-full/obscura/127_x.com_elonmusk.png,TRUE,https://jsonify.hel1.your-objectstorage.com/screenshots/evals/results-2026-08-11-full/playwright/127_x.com_elonmusk.png,TRUE,https://jsonify.hel1.your-objectstorage.com/screenshots/evals/results-2026-08-11-full/selenium/127_x.com_elonmusk.png,TRUE,TRUE
https://www.yandex.com/search/?text=programming,https://jsonify.hel1.your-objectstorage.com/screenshots/f1507388-1a73-4e2a-8329-62d22b7fd0fb.png,FALSE,https://jsonify.hel1.your-objectstorage.com/screenshots/evals/results-2026-08-11-full/bless/128_www.yandex.com_search_text_programming.png,FALSE,https://jsonify.hel1.your-objectstorage.com/screenshots/evals/results-2026-08-11-full/bbase/128_www.yandex.com_search_text_programming.png,TRUE,https://jsonify.hel1.your-objectstorage.com/screenshots/evals/results-2026-08-11-full/browseruse/128_www.yandex.com_search_text_programming.png,TRUE,https://jsonify.hel1.your-objectstorage.com/screenshots/evals/results-2026-08-11-full/firecrawl_browser/128_www.yandex.com_search_text_programming.png,TRUE,https://jsonify.hel1.your-objectstorage.com/screenshots/evals/results-2026-08-11-full/hyperbrowser/128_www.yandex.com_search_text_programming.png,FALSE,https://jsonify.hel1.your-objectstorage.com/screenshots/evals/results-2026-08-11-full/obscura/128_www.yandex.com_search_text_programming.png,TRUE,https://jsonify.hel1.your-objectstorage.com/screenshots/evals/results-2026-08-11-full/playwright/128_www.yandex.com_search_text_programming.png,FALSE,https://jsonify.hel1.your-objectstorage.com/screenshots/evals/results-2026-08-11-full/selenium/128_www.yandex.com_search_text_programming.png,FALSE,TRUE
https://airtable.com/templates,https://jsonify.hel1.your-objectstorage.com/screenshots/a87bc08e-601f-44d0-809d-dc26be6f062d.png,TRUE,https://jsonify.hel1.your-objectstorage.com/screenshots/evals/results-2026-08-11-full/bless/129_airtable.com_templates.png,TRUE,https://jsonify.hel1.your-objectstorage.com/screenshots/evals/results-2026-08-11-full/bbase/129_airtable.com_templates.png,TRUE,https://jsonify.hel1.your-objectstorage.com/screenshots/evals/results-2026-08-11-full/browseruse/129_airtable.com_templates.png,TRUE,https://jsonify.hel1.your-objectstorage.com/screenshots/evals/results-2026-08-11-full/firecrawl_browser/129_airtable.com_templates.png,TRUE,https://jsonify.hel1.your-objectstorage.com/screenshots/evals/results-2026-08-11-full/hyperbrowser/129_airtable.com_templates.png,TRUE,https://jsonify.hel1.your-objectstorage.com/screenshots/evals/results-2026-08-11-full/obscura/129_airtable.com_templates.png,TRUE,https://jsonify.hel1.your-objectstorage.com/screenshots/evals/results-2026-08-11-full/playwright/129_airtable.com_templates.png,TRUE,https://jsonify.hel1.your-objectstorage.com/screenshots/evals/results-2026-08-11-full/selenium/129_airtable.com_templates.png,TRUE,TRUE
https://www.amazon.co.uk/s?k=milk&crid=2JCVEIFXL2TWO&sprefix=milk%2Caps%2C239&ref=nb_sb_noss_1,https://jsonify.hel1.your-objectstorage.com/screenshots/3902a8bb-abbb-4930-9aa1-0e903c718d33.png,TRUE,https://jsonify.hel1.your-objectstorage.com/screenshots/evals/results-2026-08-11-full/bless/130_www.amazon.co.uk_s_k_milk_crid_2JCVEIFXL2TWO_sprefix_milk_2Caps_2C239_ref_nb_sb.png,TRUE,https://jsonify.hel1.your-objectstorage.com/screenshots/evals/results-2026-08-11-full/bbase/130_www.amazon.co.uk_s_k_milk_crid_2JCVEIFXL2TWO_sprefix_milk_2Caps_2C239_ref_nb_sb.png,TRUE,https://jsonify.hel1.your-objectstorage.com/screenshots/evals/results-2026-08-11-full/browseruse/130_www.amazon.co.uk_s_k_milk_crid_2JCVEIFXL2TWO_sprefix_milk_2Caps_2C239_ref_nb_sb.png,TRUE,https://jsonify.hel1.your-objectstorage.com/screenshots/evals/results-2026-08-11-full/firecrawl_browser/130_www.amazon.co.uk_s_k_milk_crid_2JCVEIFXL2TWO_sprefix_milk_2Caps_2C239_ref_nb_sb.png,TRUE,https://jsonify.hel1.your-objectstorage.com/screenshots/evals/results-2026-08-11-full/hyperbrowser/130_www.amazon.co.uk_s_k_milk_crid_2JCVEIFXL2TWO_sprefix_milk_2Caps_2C239_ref_nb_sb.png,TRUE,https://jsonify.hel1.your-objectstorage.com/screenshots/evals/results-2026-08-11-full/obscura/130_www.amazon.co.uk_s_k_milk_crid_2JCVEIFXL2TWO_sprefix_milk_2Caps_2C239_ref_nb_sb.png,TRUE,https://jsonify.hel1.your-objectstorage.com/screenshots/evals/results-2026-08-11-full/playwright/130_www.amazon.co.uk_s_k_milk_crid_2JCVEIFXL2TWO_sprefix_milk_2Caps_2C239_ref_nb_sb.png,TRUE,https://jsonify.hel1.your-objectstorage.com/screenshots/evals/results-2026-08-11-full/selenium/130_www.amazon.co.uk_s_k_milk_crid_2JCVEIFXL2TWO_sprefix_milk_2Caps_2C239_ref_nb_sb.png,TRUE,TRUE
https://www.amazon.com/Instant-Pot-Programmable-Pressure-Steamer/dp/B01B1VC13K/,https://jsonify.hel1.your-objectstorage.com/screenshots/c48a2245-601c-45a3-b240-cfa4d7d12404.png,TRUE,https://jsonify.hel1.your-objectstorage.com/screenshots/evals/results-2026-08-11-full/bless/131_www.amazon.com_Instant-Pot-Programmable-Pressure-Steamer_dp_B01B1VC13K.png,TRUE,https://jsonify.hel1.your-objectstorage.com/screenshots/evals/results-2026-08-11-full/bbase/131_www.amazon.com_Instant-Pot-Programmable-Pressure-Steamer_dp_B01B1VC13K.png,TRUE,https://jsonify.hel1.your-objectstorage.com/screenshots/evals/results-2026-08-11-full/browseruse/131_www.amazon.com_Instant-Pot-Programmable-Pressure-Steamer_dp_B01B1VC13K.png,TRUE,https://jsonify.hel1.your-objectstorage.com/screenshots/evals/results-2026-08-11-full/firecrawl_browser/131_www.amazon.com_Instant-Pot-Programmable-Pressure-Steamer_dp_B01B1VC13K.png,TRUE,https://jsonify.hel1.your-objectstorage.com/screenshots/evals/results-2026-08-11-full/hyperbrowser/131_www.amazon.com_Instant-Pot-Programmable-Pressure-Steamer_dp_B01B1VC13K.png,FALSE,https://jsonify.hel1.your-objectstorage.com/screenshots/evals/results-2026-08-11-full/obscura/131_www.amazon.com_Instant-Pot-Programmable-Pressure-Steamer_dp_B01B1VC13K.png,FALSE,https://jsonify.hel1.your-objectstorage.com/screenshots/evals/results-2026-08-11-full/playwright/131_www.amazon.com_Instant-Pot-Programmable-Pressure-Steamer_dp_B01B1VC13K.png,FALSE,https://jsonify.hel1.your-objectstorage.com/screenshots/evals/results-2026-08-11-full/selenium/131_www.amazon.com_Instant-Pot-Programmable-Pressure-Steamer_dp_B01B1VC13K.png,FALSE,TRUE
https://www.booking.com/searchresults.html?ss=Tokyo,https://jsonify.hel1.your-objectstorage.com/screenshots/2a72bf61-0d67-4f83-9bce-03dac666a2c4.png,TRUE,https://jsonify.hel1.your-objectstorage.com/screenshots/evals/results-2026-08-11-full/bless/132_www.booking.com_searchresults.html_ss_Tokyo.png,TRUE,https://jsonify.hel1.your-objectstorage.com/screenshots/evals/results-2026-08-11-full/bbase/132_www.booking.com_searchresults.html_ss_Tokyo.png,TRUE,https://jsonify.hel1.your-objectstorage.com/screenshots/evals/results-2026-08-11-full/browseruse/132_www.booking.com_searchresults.html_ss_Tokyo.png,TRUE,https://jsonify.hel1.your-objectstorage.com/screenshots/evals/results-2026-08-11-full/firecrawl_browser/132_www.booking.com_searchresults.html_ss_Tokyo.png,TRUE,https://jsonify.hel1.your-objectstorage.com/screenshots/evals/results-2026-08-11-full/hyperbrowser/132_www.booking.com_searchresults.html_ss_Tokyo.png,TRUE,https://jsonify.hel1.your-objectstorage.com/screenshots/evals/results-2026-08-11-full/obscura/132_www.booking.com_searchresults.html_ss_Tokyo.png,TRUE,https://jsonify.hel1.your-objectstorage.com/screenshots/evals/results-2026-08-11-full/playwright/132_www.booking.com_searchresults.html_ss_Tokyo.png,FALSE,https://jsonify.hel1.your-objectstorage.com/screenshots/evals/results-2026-08-11-full/selenium/132_www.booking.com_searchresults.html_ss_Tokyo.png,FALSE,TRUE
https://booking.kinto-mobility.eu/resultado-de-la-busqueda/?pickup_place=Barcelona+-+Sabadell+-+Toyota+Ippon+Motor&pickup_place_other=&custom_pickup_place=false&date_from=06%2F06%2F2026&time_from=13%3A00&return_place=Barcelona+-+Sabadell+-+Toyota+Ippon+Motor&return_place_other=&custom_return_place=false&date_to=27%2F06%2F2026&time_to=16%3A30&promotion_code=,https://jsonify.hel1.your-objectstorage.com/screenshots/3260bc1b-5c66-4842-aa82-2ccd888fc47e.png,TRUE,https://jsonify.hel1.your-objectstorage.com/screenshots/evals/results-2026-08-11-full/bless/133_booking.kinto-mobility.eu_resultado-de-la-busqueda_pickup_place_Barcelona_-_Sabadell_-_Toyota_Ippon_Motor_picku.png,TRUE,https://jsonify.hel1.your-objectstorage.com/screenshots/evals/results-2026-08-11-full/bbase/133_booking.kinto-mobility.eu_resultado-de-la-busqueda_pickup_place_Barcelona_-_Sabadell_-_Toyota_Ippon_Motor_picku.png,TRUE,https://jsonify.hel1.your-objectstorage.com/screenshots/evals/results-2026-08-11-full/browseruse/133_booking.kinto-mobility.eu_resultado-de-la-busqueda_pickup_place_Barcelona_-_Sabadell_-_Toyota_Ippon_Motor_picku.png,TRUE,https://jsonify.hel1.your-objectstorage.com/screenshots/evals/results-2026-08-11-full/firecrawl_browser/133_booking.kinto-mobility.eu_resultado-de-la-busqueda_pickup_place_Barcelona_-_Sabadell_-_Toyota_Ippon_Motor_picku.png,TRUE,https://jsonify.hel1.your-objectstorage.com/screenshots/evals/results-2026-08-11-full/hyperbrowser/133_booking.kinto-mobility.eu_resultado-de-la-busqueda_pickup_place_Barcelona_-_Sabadell_-_Toyota_Ippon_Motor_picku.png,TRUE,https://jsonify.hel1.your-objectstorage.com/screenshots/evals/results-2026-08-11-full/obscura/133_booking.kinto-mobility.eu_resultado-de-la-busqueda_pickup_place_Barcelona_-_Sabadell_-_Toyota_Ippon_Motor_picku.png,TRUE,https://jsonify.hel1.your-objectstorage.com/screenshots/evals/results-2026-08-11-full/playwright/133_booking.kinto-mobility.eu_resultado-de-la-busqueda_pickup_place_Barcelona_-_Sabadell_-_Toyota_Ippon_Motor_picku.png,TRUE,https://jsonify.hel1.your-objectstorage.com/screenshots/evals/results-2026-08-11-full/selenium/133_booking.kinto-mobility.eu_resultado-de-la-busqueda_pickup_place_Barcelona_-_Sabadell_-_Toyota_Ippon_Motor_picku.png,TRUE,TRUE
https://www.capterra.com/customer-relationship-management-software/,https://jsonify.hel1.your-objectstorage.com/screenshots/0dc32097-df76-41fd-b10a-9a926f484117.png,TRUE,https://jsonify.hel1.your-objectstorage.com/screenshots/evals/results-2026-08-11-full/bless/134_www.capterra.com_customer-relationship-management-software.png,TRUE,https://jsonify.hel1.your-objectstorage.com/screenshots/evals/results-2026-08-11-full/bbase/134_www.capterra.com_customer-relationship-management-software.png,TRUE,https://jsonify.hel1.your-objectstorage.com/screenshots/evals/results-2026-08-11-full/browseruse/134_www.capterra.com_customer-relationship-management-software.png,TRUE,https://jsonify.hel1.your-objectstorage.com/screenshots/evals/results-2026-08-11-full/firecrawl_browser/134_www.capterra.com_customer-relationship-management-software.png,TRUE,https://jsonify.hel1.your-objectstorage.com/screenshots/evals/results-2026-08-11-full/hyperbrowser/134_www.capterra.com_customer-relationship-management-software.png,FALSE,https://jsonify.hel1.your-objectstorage.com/screenshots/evals/results-2026-08-11-full/obscura/134_www.capterra.com_customer-relationship-management-software.png,FALSE,https://jsonify.hel1.your-objectstorage.com/screenshots/evals/results-2026-08-11-full/playwright/134_www.capterra.com_customer-relationship-management-software.png,FALSE,https://jsonify.hel1.your-objectstorage.com/screenshots/evals/results-2026-08-11-full/selenium/134_www.capterra.com_customer-relationship-management-software.png,FALSE,TRUE
https://chat.openai.com/,https://jsonify.hel1.your-objectstorage.com/screenshots/260aa33e-3439-4539-a963-e1569257bf2d.png,TRUE,https://jsonify.hel1.your-objectstorage.com/screenshots/evals/results-2026-08-11-full/bless/135_chat.openai.com_home.png,TRUE,https://jsonify.hel1.your-objectstorage.com/screenshots/evals/results-2026-08-11-full/bbase/135_chat.openai.com_home.png,TRUE,https://jsonify.hel1.your-objectstorage.com/screenshots/evals/results-2026-08-11-full/browseruse/135_chat.openai.com_home.png,TRUE,https://jsonify.hel1.your-objectstorage.com/screenshots/evals/results-2026-08-11-full/firecrawl_browser/135_chat.openai.com_home.png,TRUE,https://jsonify.hel1.your-objectstorage.com/screenshots/evals/results-2026-08-11-full/hyperbrowser/135_chat.openai.com_home.png,TRUE,https://jsonify.hel1.your-objectstorage.com/screenshots/evals/results-2026-08-11-full/obscura/135_chat.openai.com_home.png,FALSE,https://jsonify.hel1.your-objectstorage.com/screenshots/evals/results-2026-08-11-full/playwright/135_chat.openai.com_home.png,FALSE,https://jsonify.hel1.your-objectstorage.com/screenshots/evals/results-2026-08-11-full/selenium/135_chat.openai.com_home.png,FALSE,TRUE
https://www.europcar.com/en-us/reservation/vehicles?vehicleType=CR&pickupLocation=LIST01&dropoffLocation=LIST01&pickupYear=2026&pickupMonth=10&pickupDay=01&dropoffYear=2026&dropoffMonth=10&dropoffDay=04&pickupHour=11&pickupMinute=00&dropoffHour=17&dropoffMinute=00&driverAge=26&countryOfResidence=US,https://jsonify.hel1.your-objectstorage.com/screenshots/db149d1e-e956-4853-9eae-9be5d68131a8.png,TRUE,https://jsonify.hel1.your-objectstorage.com/screenshots/evals/results-2026-08-11-full/bless/136_www.europcar.com_en-us_reservation_vehicles_vehicleType_CR_pickupLocation_LIST01_dropoffLocation_LIST01.png,TRUE,https://jsonify.hel1.your-objectstorage.com/screenshots/evals/results-2026-08-11-full/bbase/136_www.europcar.com_en-us_reservation_vehicles_vehicleType_CR_pickupLocation_LIST01_dropoffLocation_LIST01.png,TRUE,https://jsonify.hel1.your-objectstorage.com/screenshots/evals/results-2026-08-11-full/browseruse/136_www.europcar.com_en-us_reservation_vehicles_vehicleType_CR_pickupLocation_LIST01_dropoffLocation_LIST01.png,TRUE,https://jsonify.hel1.your-objectstorage.com/screenshots/evals/results-2026-08-11-full/firecrawl_browser/136_www.europcar.com_en-us_reservation_vehicles_vehicleType_CR_pickupLocation_LIST01_dropoffLocation_LIST01.png,TRUE,https://jsonify.hel1.your-objectstorage.com/screenshots/evals/results-2026-08-11-full/hyperbrowser/136_www.europcar.com_en-us_reservation_vehicles_vehicleType_CR_pickupLocation_LIST01_dropoffLocation_LIST01.png,TRUE,https://jsonify.hel1.your-objectstorage.com/screenshots/evals/results-2026-08-11-full/obscura/136_www.europcar.com_en-us_reservation_vehicles_vehicleType_CR_pickupLocation_LIST01_dropoffLocation_LIST01.png,TRUE,https://jsonify.hel1.your-objectstorage.com/screenshots/evals/results-2026-08-11-full/playwright/136_www.europcar.com_en-us_reservation_vehicles_vehicleType_CR_pickupLocation_LIST01_dropoffLocation_LIST01.png,TRUE,https://jsonify.hel1.your-objectstorage.com/screenshots/evals/results-2026-08-11-full/selenium/136_www.europcar.com_en-us_reservation_vehicles_vehicleType_CR_pickupLocation_LIST01_dropoffLocation_LIST01.png,TRUE,TRUE
https://www.facebook.com/Meta/reels/,https://jsonify.hel1.your-objectstorage.com/screenshots/c213bbdb-015d-4025-910f-8dd5fc0932cb.png,TRUE,https://jsonify.hel1.your-objectstorage.com/screenshots/evals/results-2026-08-11-full/bless/137_www.facebook.com_Meta_reels.png,TRUE,https://jsonify.hel1.your-objectstorage.com/screenshots/evals/results-2026-08-11-full/bbase/137_www.facebook.com_Meta_reels.png,TRUE,https://jsonify.hel1.your-objectstorage.com/screenshots/evals/results-2026-08-11-full/browseruse/137_www.facebook.com_Meta_reels.png,TRUE,https://jsonify.hel1.your-objectstorage.com/screenshots/evals/results-2026-08-11-full/firecrawl_browser/137_www.facebook.com_Meta_reels.png,TRUE,https://jsonify.hel1.your-objectstorage.com/screenshots/evals/results-2026-08-11-full/hyperbrowser/137_www.facebook.com_Meta_reels.png,TRUE,https://jsonify.hel1.your-objectstorage.com/screenshots/evals/results-2026-08-11-full/obscura/137_www.facebook.com_Meta_reels.png,TRUE,https://jsonify.hel1.your-objectstorage.com/screenshots/evals/results-2026-08-11-full/playwright/137_www.facebook.com_Meta_reels.png,TRUE,https://jsonify.hel1.your-objectstorage.com/screenshots/evals/results-2026-08-11-full/selenium/137_www.facebook.com_Meta_reels.png,TRUE,TRUE
https://www.funda.nl/koop/amsterdam/,https://jsonify.hel1.your-objectstorage.com/screenshots/f4fbfcd4-ecc1-4ffb-a6cb-f5cea1def783.png,TRUE,https://jsonify.hel1.your-objectstorage.com/screenshots/evals/results-2026-08-11-full/bless/138_www.funda.nl_koop_amsterdam.png,TRUE,https://jsonify.hel1.your-objectstorage.com/screenshots/evals/results-2026-08-11-full/bbase/138_www.funda.nl_koop_amsterdam.png,TRUE,https://jsonify.hel1.your-objectstorage.com/screenshots/evals/results-2026-08-11-full/browseruse/138_www.funda.nl_koop_amsterdam.png,TRUE,https://jsonify.hel1.your-objectstorage.com/screenshots/evals/results-2026-08-11-full/firecrawl_browser/138_www.funda.nl_koop_amsterdam.png,TRUE,https://jsonify.hel1.your-objectstorage.com/screenshots/evals/results-2026-08-11-full/hyperbrowser/138_www.funda.nl_koop_amsterdam.png,TRUE,https://jsonify.hel1.your-objectstorage.com/screenshots/evals/results-2026-08-11-full/obscura/138_www.funda.nl_koop_amsterdam.png,FALSE,https://jsonify.hel1.your-objectstorage.com/screenshots/evals/results-2026-08-11-full/playwright/138_www.funda.nl_koop_amsterdam.png,FALSE,https://jsonify.hel1.your-objectstorage.com/screenshots/evals/results-2026-08-11-full/selenium/138_www.funda.nl_koop_amsterdam.png,FALSE,TRUE
https://www.hertz.com/rentacar/reservation/,https://jsonify.hel1.your-objectstorage.com/screenshots/75fc1cc6-a62d-42f0-9953-0f63670c7596.png,TRUE,https://jsonify.hel1.your-objectstorage.com/screenshots/evals/results-2026-08-11-full/bless/139_www.hertz.com_rentacar_reservation.png,TRUE,https://jsonify.hel1.your-objectstorage.com/screenshots/evals/results-2026-08-11-full/bbase/139_www.hertz.com_rentacar_reservation.png,TRUE,https://jsonify.hel1.your-objectstorage.com/screenshots/evals/results-2026-08-11-full/browseruse/139_www.hertz.com_rentacar_reservation.png,TRUE,https://jsonify.hel1.your-objectstorage.com/screenshots/evals/results-2026-08-11-full/firecrawl_browser/139_www.hertz.com_rentacar_reservation.png,TRUE,https://jsonify.hel1.your-objectstorage.com/screenshots/evals/results-2026-08-11-full/hyperbrowser/139_www.hertz.com_rentacar_reservation.png,TRUE,https://jsonify.hel1.your-objectstorage.com/screenshots/evals/results-2026-08-11-full/obscura/139_www.hertz.com_rentacar_reservation.png,FALSE,https://jsonify.hel1.your-objectstorage.com/screenshots/evals/results-2026-08-11-full/playwright/139_www.hertz.com_rentacar_reservation.png,FALSE,https://jsonify.hel1.your-objectstorage.com/screenshots/evals/results-2026-08-11-full/selenium/139_www.hertz.com_rentacar_reservation.png,FALSE,TRUE
https://www.hertz.de/de/de/book/vehicles?age=27&ddate=2026-12-01T12%3A00%3A00&did=BERT50&dtime=12%3A00&pCountryCode=DE&pdate=2026-11-01T12%3A00%3A00&pid=BERT50&ptime=12%3A00,https://jsonify.hel1.your-objectstorage.com/screenshots/6c9af744-4f45-4240-9d64-a76f2f32a3dc.png,TRUE,https://jsonify.hel1.your-objectstorage.com/screenshots/evals/results-2026-08-11-full/bless/140_www.hertz.de_de_de_book_vehicles_age_27_ddate_2026-12-01T12_3A00_3A00_did_BERT50_dtime_12_3A0.png,TRUE,https://jsonify.hel1.your-objectstorage.com/screenshots/evals/results-2026-08-11-full/bbase/140_www.hertz.de_de_de_book_vehicles_age_27_ddate_2026-12-01T12_3A00_3A00_did_BERT50_dtime_12_3A0.png,TRUE,https://jsonify.hel1.your-objectstorage.com/screenshots/evals/results-2026-08-11-full/browseruse/140_www.hertz.de_de_de_book_vehicles_age_27_ddate_2026-12-01T12_3A00_3A00_did_BERT50_dtime_12_3A0.png,TRUE,https://jsonify.hel1.your-objectstorage.com/screenshots/evals/results-2026-08-11-full/firecrawl_browser/140_www.hertz.de_de_de_book_vehicles_age_27_ddate_2026-12-01T12_3A00_3A00_did_BERT50_dtime_12_3A0.png,FALSE,https://jsonify.hel1.your-objectstorage.com/screenshots/evals/results-2026-08-11-full/hyperbrowser/140_www.hertz.de_de_de_book_vehicles_age_27_ddate_2026-12-01T12_3A00_3A00_did_BERT50_dtime_12_3A0.png,TRUE,https://jsonify.hel1.your-objectstorage.com/screenshots/evals/results-2026-08-11-full/obscura/140_www.hertz.de_de_de_book_vehicles_age_27_ddate_2026-12-01T12_3A00_3A00_did_BERT50_dtime_12_3A0.png,FALSE,https://jsonify.hel1.your-objectstorage.com/screenshots/evals/results-2026-08-11-full/playwright/140_www.hertz.de_de_de_book_vehicles_age_27_ddate_2026-12-01T12_3A00_3A00_did_BERT50_dtime_12_3A0.png,FALSE,https://jsonify.hel1.your-objectstorage.com/screenshots/evals/results-2026-08-11-full/selenium/140_www.hertz.de_de_de_book_vehicles_age_27_ddate_2026-12-01T12_3A00_3A00_did_BERT50_dtime_12_3A0.png,FALSE,TRUE
https://www.imdb.com/chart/top/,,FALSE,https://jsonify.hel1.your-objectstorage.com/screenshots/evals/results-2026-08-11-full/bless/141_www.imdb.com_chart_top.png,TRUE,https://jsonify.hel1.your-objectstorage.com/screenshots/evals/results-2026-08-11-full/bbase/141_www.imdb.com_chart_top.png,TRUE,https://jsonify.hel1.your-objectstorage.com/screenshots/evals/results-2026-08-11-full/browseruse/141_www.imdb.com_chart_top.png,TRUE,https://jsonify.hel1.your-objectstorage.com/screenshots/evals/results-2026-08-11-full/firecrawl_browser/141_www.imdb.com_chart_top.png,TRUE,https://jsonify.hel1.your-objectstorage.com/screenshots/evals/results-2026-08-11-full/hyperbrowser/141_www.imdb.com_chart_top.png,TRUE,https://jsonify.hel1.your-objectstorage.com/screenshots/evals/results-2026-08-11-full/obscura/141_www.imdb.com_chart_top.png,FALSE,https://jsonify.hel1.your-objectstorage.com/screenshots/evals/results-2026-08-11-full/playwright/141_www.imdb.com_chart_top.png,FALSE,https://jsonify.hel1.your-objectstorage.com/screenshots/evals/results-2026-08-11-full/selenium/141_www.imdb.com_chart_top.png,FALSE,TRUE
https://www.instagram.com/natgeo/,https://jsonify.hel1.your-objectstorage.com/screenshots/f7e1716a-d299-478c-bb77-748a6580cc6d.png,TRUE,https://jsonify.hel1.your-objectstorage.com/screenshots/evals/results-2026-08-11-full/bless/142_www.instagram.com_natgeo.png,TRUE,https://jsonify.hel1.your-objectstorage.com/screenshots/evals/results-2026-08-11-full/bbase/142_www.instagram.com_natgeo.png,TRUE,https://jsonify.hel1.your-objectstorage.com/screenshots/evals/results-2026-08-11-full/browseruse/142_www.instagram.com_natgeo.png,FALSE,https://jsonify.hel1.your-objectstorage.com/screenshots/evals/results-2026-08-11-full/firecrawl_browser/142_www.instagram.com_natgeo.png,TRUE,https://jsonify.hel1.your-objectstorage.com/screenshots/evals/results-2026-08-11-full/hyperbrowser/142_www.instagram.com_natgeo.png,TRUE,https://jsonify.hel1.your-objectstorage.com/screenshots/evals/results-2026-08-11-full/obscura/142_www.instagram.com_natgeo.png,TRUE,https://jsonify.hel1.your-objectstorage.com/screenshots/evals/results-2026-08-11-full/playwright/142_www.instagram.com_natgeo.png,TRUE,https://jsonify.hel1.your-objectstorage.com/screenshots/evals/results-2026-08-11-full/selenium/142_www.instagram.com_natgeo.png,TRUE,TRUE
https://www.lemonde.fr/economie/,https://jsonify.hel1.your-objectstorage.com/screenshots/451936c0-3b10-44c8-8a93-229b7e8b9ec3.png,TRUE,https://jsonify.hel1.your-objectstorage.com/screenshots/evals/results-2026-08-11-full/bless/143_www.lemonde.fr_economie.png,TRUE,https://jsonify.hel1.your-objectstorage.com/screenshots/evals/results-2026-08-11-full/bbase/143_www.lemonde.fr_economie.png,TRUE,https://jsonify.hel1.your-objectstorage.com/screenshots/evals/results-2026-08-11-full/browseruse/143_www.lemonde.fr_economie.png,TRUE,https://jsonify.hel1.your-objectstorage.com/screenshots/evals/results-2026-08-11-full/firecrawl_browser/143_www.lemonde.fr_economie.png,TRUE,https://jsonify.hel1.your-objectstorage.com/screenshots/evals/results-2026-08-11-full/hyperbrowser/143_www.lemonde.fr_economie.png,TRUE,https://jsonify.hel1.your-objectstorage.com/screenshots/evals/results-2026-08-11-full/obscura/143_www.lemonde.fr_economie.png,TRUE,https://jsonify.hel1.your-objectstorage.com/screenshots/evals/results-2026-08-11-full/playwright/143_www.lemonde.fr_economie.png,FALSE,https://jsonify.hel1.your-objectstorage.com/screenshots/evals/results-2026-08-11-full/selenium/143_www.lemonde.fr_economie.png,FALSE,TRUE
https://www.olx.pl/elektronika/,https://jsonify.hel1.your-objectstorage.com/screenshots/a172b3de-1471-4263-99b7-6d49f611892a.png,TRUE,https://jsonify.hel1.your-objectstorage.com/screenshots/evals/results-2026-08-11-full/bless/144_www.olx.pl_elektronika.png,TRUE,https://jsonify.hel1.your-objectstorage.com/screenshots/evals/results-2026-08-11-full/bbase/144_www.olx.pl_elektronika.png,TRUE,https://jsonify.hel1.your-objectstorage.com/screenshots/evals/results-2026-08-11-full/browseruse/144_www.olx.pl_elektronika.png,TRUE,https://jsonify.hel1.your-objectstorage.com/screenshots/evals/results-2026-08-11-full/firecrawl_browser/144_www.olx.pl_elektronika.png,TRUE,https://jsonify.hel1.your-objectstorage.com/screenshots/evals/results-2026-08-11-full/hyperbrowser/144_www.olx.pl_elektronika.png,TRUE,https://jsonify.hel1.your-objectstorage.com/screenshots/evals/results-2026-08-11-full/obscura/144_www.olx.pl_elektronika.png,TRUE,https://jsonify.hel1.your-objectstorage.com/screenshots/evals/results-2026-08-11-full/playwright/144_www.olx.pl_elektronika.png,FALSE,https://jsonify.hel1.your-objectstorage.com/screenshots/evals/results-2026-08-11-full/selenium/144_www.olx.pl_elektronika.png,FALSE,TRUE
https://www.perplexity.ai/,https://jsonify.hel1.your-objectstorage.com/screenshots/2a2a30fb-e136-4954-a6d2-9ee046e581fc.png,TRUE,https://jsonify.hel1.your-objectstorage.com/screenshots/evals/results-2026-08-11-full/bless/145_www.perplexity.ai_home.png,TRUE,https://jsonify.hel1.your-objectstorage.com/screenshots/evals/results-2026-08-11-full/bbase/145_www.perplexity.ai_home.png,TRUE,https://jsonify.hel1.your-objectstorage.com/screenshots/evals/results-2026-08-11-full/browseruse/145_www.perplexity.ai_home.png,TRUE,https://jsonify.hel1.your-objectstorage.com/screenshots/evals/results-2026-08-11-full/firecrawl_browser/145_www.perplexity.ai_home.png,TRUE,https://jsonify.hel1.your-objectstorage.com/screenshots/evals/results-2026-08-11-full/hyperbrowser/145_www.perplexity.ai_home.png,TRUE,https://jsonify.hel1.your-objectstorage.com/screenshots/evals/results-2026-08-11-full/obscura/145_www.perplexity.ai_home.png,FALSE,https://jsonify.hel1.your-objectstorage.com/screenshots/evals/results-2026-08-11-full/playwright/145_www.perplexity.ai_home.png,FALSE,https://jsonify.hel1.your-objectstorage.com/screenshots/evals/results-2026-08-11-full/selenium/145_www.perplexity.ai_home.png,FALSE,TRUE
https://www.pinterest.com/search/pins/?q=kitchen,https://jsonify.hel1.your-objectstorage.com/screenshots/7f9c1784-ad81-48bc-af09-082cce349302.png,TRUE,https://jsonify.hel1.your-objectstorage.com/screenshots/evals/results-2026-08-11-full/bless/146_www.pinterest.com_search_pins_q_kitchen.png,TRUE,https://jsonify.hel1.your-objectstorage.com/screenshots/evals/results-2026-08-11-full/bbase/146_www.pinterest.com_search_pins_q_kitchen.png,TRUE,https://jsonify.hel1.your-objectstorage.com/screenshots/evals/results-2026-08-11-full/browseruse/146_www.pinterest.com_search_pins_q_kitchen.png,TRUE,https://jsonify.hel1.your-objectstorage.com/screenshots/evals/results-2026-08-11-full/firecrawl_browser/146_www.pinterest.com_search_pins_q_kitchen.png,TRUE,https://jsonify.hel1.your-objectstorage.com/screenshots/evals/results-2026-08-11-full/hyperbrowser/146_www.pinterest.com_search_pins_q_kitchen.png,TRUE,https://jsonify.hel1.your-objectstorage.com/screenshots/evals/results-2026-08-11-full/obscura/146_www.pinterest.com_search_pins_q_kitchen.png,FALSE,https://jsonify.hel1.your-objectstorage.com/screenshots/evals/results-2026-08-11-full/playwright/146_www.pinterest.com_search_pins_q_kitchen.png,TRUE,https://jsonify.hel1.your-objectstorage.com/screenshots/evals/results-2026-08-11-full/selenium/146_www.pinterest.com_search_pins_q_kitchen.png,TRUE,TRUE
https://www.propertyguru.com.sg/property-for-sale,https://jsonify.hel1.your-objectstorage.com/screenshots/ac58225c-ca61-428e-b9dc-4febc2285dc4.png,TRUE,https://jsonify.hel1.your-objectstorage.com/screenshots/evals/results-2026-08-11-full/bless/147_www.propertyguru.com.sg_property-for-sale.png,TRUE,https://jsonify.hel1.your-objectstorage.com/screenshots/evals/results-2026-08-11-full/bbase/147_www.propertyguru.com.sg_property-for-sale.png,TRUE,https://jsonify.hel1.your-objectstorage.com/screenshots/evals/results-2026-08-11-full/browseruse/147_www.propertyguru.com.sg_property-for-sale.png,TRUE,https://jsonify.hel1.your-objectstorage.com/screenshots/evals/results-2026-08-11-full/firecrawl_browser/147_www.propertyguru.com.sg_property-for-sale.png,FALSE,https://jsonify.hel1.your-objectstorage.com/screenshots/evals/results-2026-08-11-full/hyperbrowser/147_www.propertyguru.com.sg_property-for-sale.png,FALSE,https://jsonify.hel1.your-objectstorage.com/screenshots/evals/results-2026-08-11-full/obscura/147_www.propertyguru.com.sg_property-for-sale.png,FALSE,https://jsonify.hel1.your-objectstorage.com/screenshots/evals/results-2026-08-11-full/playwright/147_www.propertyguru.com.sg_property-for-sale.png,FALSE,https://jsonify.hel1.your-objectstorage.com/screenshots/evals/results-2026-08-11-full/selenium/147_www.propertyguru.com.sg_property-for-sale.png,FALSE,TRUE
https://www.quora.com/What-is-web-scraping,https://jsonify.hel1.your-objectstorage.com/screenshots/bedc66f1-86b2-457d-833f-b982fe929ab1.png,TRUE,https://jsonify.hel1.your-objectstorage.com/screenshots/evals/results-2026-08-11-full/bless/148_www.quora.com_What-is-web-scraping.png,TRUE,https://jsonify.hel1.your-objectstorage.com/screenshots/evals/results-2026-08-11-full/bbase/148_www.quora.com_What-is-web-scraping.png,TRUE,https://jsonify.hel1.your-objectstorage.com/screenshots/evals/results-2026-08-11-full/browseruse/148_www.quora.com_What-is-web-scraping.png,TRUE,https://jsonify.hel1.your-objectstorage.com/screenshots/evals/results-2026-08-11-full/firecrawl_browser/148_www.quora.com_What-is-web-scraping.png,TRUE,https://jsonify.hel1.your-objectstorage.com/screenshots/evals/results-2026-08-11-full/hyperbrowser/148_www.quora.com_What-is-web-scraping.png,FALSE,https://jsonify.hel1.your-objectstorage.com/screenshots/evals/results-2026-08-11-full/obscura/148_www.quora.com_What-is-web-scraping.png,FALSE,https://jsonify.hel1.your-objectstorage.com/screenshots/evals/results-2026-08-11-full/playwright/148_www.quora.com_What-is-web-scraping.png,FALSE,https://jsonify.hel1.your-objectstorage.com/screenshots/evals/results-2026-08-11-full/selenium/148_www.quora.com_What-is-web-scraping.png,FALSE,TRUE
https://stackoverflow.com/questions/tagged/python?tab=votes,https://jsonify.hel1.your-objectstorage.com/screenshots/eb030b84-613b-4173-82e6-c31f6b9643a2.png,TRUE,https://jsonify.hel1.your-objectstorage.com/screenshots/evals/results-2026-08-11-full/bless/149_stackoverflow.com_questions_tagged_python_tab_votes.png,TRUE,https://jsonify.hel1.your-objectstorage.com/screenshots/evals/results-2026-08-11-full/bbase/149_stackoverflow.com_questions_tagged_python_tab_votes.png,TRUE,https://jsonify.hel1.your-objectstorage.com/screenshots/evals/results-2026-08-11-full/browseruse/149_stackoverflow.com_questions_tagged_python_tab_votes.png,TRUE,https://jsonify.hel1.your-objectstorage.com/screenshots/evals/results-2026-08-11-full/firecrawl_browser/149_stackoverflow.com_questions_tagged_python_tab_votes.png,TRUE,https://jsonify.hel1.your-objectstorage.com/screenshots/evals/results-2026-08-11-full/hyperbrowser/149_stackoverflow.com_questions_tagged_python_tab_votes.png,FALSE,https://jsonify.hel1.your-objectstorage.com/screenshots/evals/results-2026-08-11-full/obscura/149_stackoverflow.com_questions_tagged_python_tab_votes.png,FALSE,https://jsonify.hel1.your-objectstorage.com/screenshots/evals/results-2026-08-11-full/playwright/149_stackoverflow.com_questions_tagged_python_tab_votes.png,TRUE,https://jsonify.hel1.your-objectstorage.com/screenshots/evals/results-2026-08-11-full/selenium/149_stackoverflow.com_questions_tagged_python_tab_votes.png,TRUE,TRUE
https://www.stubhub.com/,https://jsonify.hel1.your-objectstorage.com/screenshots/791f80bc-25aa-4c5f-b979-a33ba9f9aa11.png,TRUE,https://jsonify.hel1.your-objectstorage.com/screenshots/evals/results-2026-08-11-full/bless/150_www.stubhub.com_home.png,TRUE,https://jsonify.hel1.your-objectstorage.com/screenshots/evals/results-2026-08-11-full/bbase/150_www.stubhub.com_home.png,TRUE,https://jsonify.hel1.your-objectstorage.com/screenshots/evals/results-2026-08-11-full/browseruse/150_www.stubhub.com_home.png,TRUE,https://jsonify.hel1.your-objectstorage.com/screenshots/evals/results-2026-08-11-full/firecrawl_browser/150_www.stubhub.com_home.png,TRUE,https://jsonify.hel1.your-objectstorage.com/screenshots/evals/results-2026-08-11-full/hyperbrowser/150_www.stubhub.com_home.png,TRUE,https://jsonify.hel1.your-objectstorage.com/screenshots/evals/results-2026-08-11-full/obscura/150_www.stubhub.com_home.png,FALSE,https://jsonify.hel1.your-objectstorage.com/screenshots/evals/results-2026-08-11-full/playwright/150_www.stubhub.com_home.png,TRUE,https://jsonify.hel1.your-objectstorage.com/screenshots/evals/results-2026-08-11-full/selenium/150_www.stubhub.com_home.png,TRUE,TRUE
https://substack.com/home,https://jsonify.hel1.your-objectstorage.com/screenshots/0d034272-77c4-4f53-a479-7e54597df11d.png,TRUE,https://jsonify.hel1.your-objectstorage.com/screenshots/evals/results-2026-08-11-full/bless/151_substack.com_home.png,TRUE,https://jsonify.hel1.your-objectstorage.com/screenshots/evals/results-2026-08-11-full/bbase/151_substack.com_home.png,TRUE,https://jsonify.hel1.your-objectstorage.com/screenshots/evals/results-2026-08-11-full/browseruse/151_substack.com_home.png,TRUE,https://jsonify.hel1.your-objectstorage.com/screenshots/evals/results-2026-08-11-full/firecrawl_browser/151_substack.com_home.png,TRUE,https://jsonify.hel1.your-objectstorage.com/screenshots/evals/results-2026-08-11-full/hyperbrowser/151_substack.com_home.png,TRUE,https://jsonify.hel1.your-objectstorage.com/screenshots/evals/results-2026-08-11-full/obscura/151_substack.com_home.png,FALSE,https://jsonify.hel1.your-objectstorage.com/screenshots/evals/results-2026-08-11-full/playwright/151_substack.com_home.png,TRUE,https://jsonify.hel1.your-objectstorage.com/screenshots/evals/results-2026-08-11-full/selenium/151_substack.com_home.png,TRUE,TRUE
https://www.threads.net/@zuck,https://jsonify.hel1.your-objectstorage.com/screenshots/6d893bc1-d8d1-496b-8be8-65db549940a8.png,TRUE,https://jsonify.hel1.your-objectstorage.com/screenshots/evals/results-2026-08-11-full/bless/152_www.threads.net__zuck.png,FALSE,https://jsonify.hel1.your-objectstorage.com/screenshots/evals/results-2026-08-11-full/bbase/152_www.threads.net__zuck.png,TRUE,https://jsonify.hel1.your-objectstorage.com/screenshots/evals/results-2026-08-11-full/browseruse/152_www.threads.net__zuck.png,TRUE,https://jsonify.hel1.your-objectstorage.com/screenshots/evals/results-2026-08-11-full/firecrawl_browser/152_www.threads.net__zuck.png,TRUE,https://jsonify.hel1.your-objectstorage.com/screenshots/evals/results-2026-08-11-full/hyperbrowser/152_www.threads.net__zuck.png,TRUE,https://jsonify.hel1.your-objectstorage.com/screenshots/evals/results-2026-08-11-full/obscura/152_www.threads.net__zuck.png,TRUE,https://jsonify.hel1.your-objectstorage.com/screenshots/evals/results-2026-08-11-full/playwright/152_www.threads.net__zuck.png,TRUE,https://jsonify.hel1.your-objectstorage.com/screenshots/evals/results-2026-08-11-full/selenium/152_www.threads.net__zuck.png,TRUE,TRUE
https://www.tiktok.com/@khaby.lame,https://jsonify.hel1.your-objectstorage.com/screenshots/1b9e6917-1b35-43b0-b5f0-04dc6fabd135.png,FALSE,https://jsonify.hel1.your-objectstorage.com/screenshots/evals/results-2026-08-11-full/bless/153_www.tiktok.com__khaby.lame.png,FALSE,https://jsonify.hel1.your-objectstorage.com/screenshots/evals/results-2026-08-11-full/bbase/153_www.tiktok.com__khaby.lame.png,TRUE,https://jsonify.hel1.your-objectstorage.com/screenshots/evals/results-2026-08-11-full/browseruse/153_www.tiktok.com__khaby.lame.png,TRUE,https://jsonify.hel1.your-objectstorage.com/screenshots/evals/results-2026-08-11-full/firecrawl_browser/153_www.tiktok.com__khaby.lame.png,FALSE,https://jsonify.hel1.your-objectstorage.com/screenshots/evals/results-2026-08-11-full/hyperbrowser/153_www.tiktok.com__khaby.lame.png,TRUE,https://jsonify.hel1.your-objectstorage.com/screenshots/evals/results-2026-08-11-full/obscura/153_www.tiktok.com__khaby.lame.png,FALSE,https://jsonify.hel1.your-objectstorage.com/screenshots/evals/results-2026-08-11-full/playwright/153_www.tiktok.com__khaby.lame.png,FALSE,https://jsonify.hel1.your-objectstorage.com/screenshots/evals/results-2026-08-11-full/selenium/153_www.tiktok.com__khaby.lame.png,FALSE,TRUE
https://www.wayfair.com/furniture/cat/sofas-c413892.html,https://jsonify.hel1.your-objectstorage.com/screenshots/836ddc3f-6c8f-4691-a30c-bda82b4fd61d.png,TRUE,https://jsonify.hel1.your-objectstorage.com/screenshots/evals/results-2026-08-11-full/bless/154_www.wayfair.com_furniture_cat_sofas-c413892.html.png,TRUE,https://jsonify.hel1.your-objectstorage.com/screenshots/evals/results-2026-08-11-full/bbase/154_www.wayfair.com_furniture_cat_sofas-c413892.html.png,FALSE,https://jsonify.hel1.your-objectstorage.com/screenshots/evals/results-2026-08-11-full/browseruse/154_www.wayfair.com_furniture_cat_sofas-c413892.html.png,TRUE,https://jsonify.hel1.your-objectstorage.com/screenshots/evals/results-2026-08-11-full/firecrawl_browser/154_www.wayfair.com_furniture_cat_sofas-c413892.html.png,TRUE,https://jsonify.hel1.your-objectstorage.com/screenshots/evals/results-2026-08-11-full/hyperbrowser/154_www.wayfair.com_furniture_cat_sofas-c413892.html.png,TRUE,https://jsonify.hel1.your-objectstorage.com/screenshots/evals/results-2026-08-11-full/obscura/154_www.wayfair.com_furniture_cat_sofas-c413892.html.png,FALSE,https://jsonify.hel1.your-objectstorage.com/screenshots/evals/results-2026-08-11-full/playwright/154_www.wayfair.com_furniture_cat_sofas-c413892.html.png,FALSE,https://jsonify.hel1.your-objectstorage.com/screenshots/evals/results-2026-08-11-full/selenium/154_www.wayfair.com_furniture_cat_sofas-c413892.html.png,FALSE,TRUE
https://www.ziprecruiter.de/jobs/search?q=engineer,https://jsonify.hel1.your-objectstorage.com/screenshots/bf05b096-69b3-4aeb-ba3d-c4ba29d6daaf.png,TRUE,https://jsonify.hel1.your-objectstorage.com/screenshots/evals/results-2026-08-11-full/bless/155_www.ziprecruiter.de_jobs_search_q_engineer.png,TRUE,https://jsonify.hel1.your-objectstorage.com/screenshots/evals/results-2026-08-11-full/bbase/155_www.ziprecruiter.de_jobs_search_q_engineer.png,TRUE,https://jsonify.hel1.your-objectstorage.com/screenshots/evals/results-2026-08-11-full/browseruse/155_www.ziprecruiter.de_jobs_search_q_engineer.png,TRUE,https://jsonify.hel1.your-objectstorage.com/screenshots/evals/results-2026-08-11-full/firecrawl_browser/155_www.ziprecruiter.de_jobs_search_q_engineer.png,TRUE,https://jsonify.hel1.your-objectstorage.com/screenshots/evals/results-2026-08-11-full/hyperbrowser/155_www.ziprecruiter.de_jobs_search_q_engineer.png,FALSE,https://jsonify.hel1.your-objectstorage.com/screenshots/evals/results-2026-08-11-full/obscura/155_www.ziprecruiter.de_jobs_search_q_engineer.png,FALSE,https://jsonify.hel1.your-objectstorage.com/screenshots/evals/results-2026-08-11-full/playwright/155_www.ziprecruiter.de_jobs_search_q_engineer.png,FALSE,https://jsonify.hel1.your-objectstorage.com/screenshots/evals/results-2026-08-11-full/selenium/155_www.ziprecruiter.de_jobs_search_q_engineer.png,FALSE,TRUE
https://www.airbnb.com/s/homes,https://jsonify.hel1.your-objectstorage.com/screenshots/f476f829-4813-4fcf-a5de-352065ba3f59.png,TRUE,https://jsonify.hel1.your-objectstorage.com/screenshots/evals/results-2026-08-11-full/bless/156_www.airbnb.com_s_homes.png,TRUE,https://jsonify.hel1.your-objectstorage.com/screenshots/evals/results-2026-08-11-full/bbase/156_www.airbnb.com_s_homes.png,TRUE,https://jsonify.hel1.your-objectstorage.com/screenshots/evals/results-2026-08-11-full/browseruse/156_www.airbnb.com_s_homes.png,FALSE,https://jsonify.hel1.your-objectstorage.com/screenshots/evals/results-2026-08-11-full/firecrawl_browser/156_www.airbnb.com_s_homes.png,FALSE,https://jsonify.hel1.your-objectstorage.com/screenshots/evals/results-2026-08-11-full/hyperbrowser/156_www.airbnb.com_s_homes.png,FALSE,https://jsonify.hel1.your-objectstorage.com/screenshots/evals/results-2026-08-11-full/obscura/156_www.airbnb.com_s_homes.png,TRUE,https://jsonify.hel1.your-objectstorage.com/screenshots/evals/results-2026-08-11-full/playwright/156_www.airbnb.com_s_homes.png,FALSE,https://jsonify.hel1.your-objectstorage.com/screenshots/evals/results-2026-08-11-full/selenium/156_www.airbnb.com_s_homes.png,TRUE,TRUE
https://www.adidas.com/us/men-shoes,https://jsonify.hel1.your-objectstorage.com/screenshots/3decc155-c4ea-4ccd-8cdd-6009c3dd601f.png,FALSE,https://jsonify.hel1.your-objectstorage.com/screenshots/evals/results-2026-08-11-full/bless/157_www.adidas.com_us_men-shoes.png,TRUE,https://jsonify.hel1.your-objectstorage.com/screenshots/evals/results-2026-08-11-full/bbase/157_www.adidas.com_us_men-shoes.png,FALSE,https://jsonify.hel1.your-objectstorage.com/screenshots/evals/results-2026-08-11-full/browseruse/157_www.adidas.com_us_men-shoes.png,TRUE,https://jsonify.hel1.your-objectstorage.com/screenshots/evals/results-2026-08-11-full/firecrawl_browser/157_www.adidas.com_us_men-shoes.png,FALSE,https://jsonify.hel1.your-objectstorage.com/screenshots/evals/results-2026-08-11-full/hyperbrowser/157_www.adidas.com_us_men-shoes.png,FALSE,https://jsonify.hel1.your-objectstorage.com/screenshots/evals/results-2026-08-11-full/obscura/157_www.adidas.com_us_men-shoes.png,FALSE,https://jsonify.hel1.your-objectstorage.com/screenshots/evals/results-2026-08-11-full/playwright/157_www.adidas.com_us_men-shoes.png,FALSE,https://jsonify.hel1.your-objectstorage.com/screenshots/evals/results-2026-08-11-full/selenium/157_www.adidas.com_us_men-shoes.png,FALSE,TRUE
https://www.baidu.com/s?wd=python,https://jsonify.hel1.your-objectstorage.com/screenshots/7cf8f425-067a-456e-a815-0024aceb3836.png,TRUE,https://jsonify.hel1.your-objectstorage.com/screenshots/evals/results-2026-08-11-full/bless/158_www.baidu.com_s_wd_python.png,TRUE,https://jsonify.hel1.your-objectstorage.com/screenshots/evals/results-2026-08-11-full/bbase/158_www.baidu.com_s_wd_python.png,TRUE,https://jsonify.hel1.your-objectstorage.com/screenshots/evals/results-2026-08-11-full/browseruse/158_www.baidu.com_s_wd_python.png,TRUE,https://jsonify.hel1.your-objectstorage.com/screenshots/evals/results-2026-08-11-full/firecrawl_browser/158_www.baidu.com_s_wd_python.png,TRUE,https://jsonify.hel1.your-objectstorage.com/screenshots/evals/results-2026-08-11-full/hyperbrowser/158_www.baidu.com_s_wd_python.png,TRUE,,FALSE,https://jsonify.hel1.your-objectstorage.com/screenshots/evals/results-2026-08-11-full/playwright/158_www.baidu.com_s_wd_python.png,FALSE,https://jsonify.hel1.your-objectstorage.com/screenshots/evals/results-2026-08-11-full/selenium/158_www.baidu.com_s_wd_python.png,FALSE,TRUE
https://www.immobilienscout24.de/Suche/de/berlin/berlin/wohnung-kaufen,https://jsonify.hel1.your-objectstorage.com/screenshots/9d235556-5e87-4944-a507-6c879ee1f5ce.png,TRUE,https://jsonify.hel1.your-objectstorage.com/screenshots/evals/results-2026-08-11-full/bless/159_www.immobilienscout24.de_Suche_de_berlin_berlin_wohnung-kaufen.png,TRUE,https://jsonify.hel1.your-objectstorage.com/screenshots/evals/results-2026-08-11-full/bbase/159_www.immobilienscout24.de_Suche_de_berlin_berlin_wohnung-kaufen.png,TRUE,https://jsonify.hel1.your-objectstorage.com/screenshots/evals/results-2026-08-11-full/browseruse/159_www.immobilienscout24.de_Suche_de_berlin_berlin_wohnung-kaufen.png,TRUE,https://jsonify.hel1.your-objectstorage.com/screenshots/evals/results-2026-08-11-full/firecrawl_browser/159_www.immobilienscout24.de_Suche_de_berlin_berlin_wohnung-kaufen.png,TRUE,https://jsonify.hel1.your-objectstorage.com/screenshots/evals/results-2026-08-11-full/hyperbrowser/159_www.immobilienscout24.de_Suche_de_berlin_berlin_wohnung-kaufen.png,TRUE,https://jsonify.hel1.your-objectstorage.com/screenshots/evals/results-2026-08-11-full/obscura/159_www.immobilienscout24.de_Suche_de_berlin_berlin_wohnung-kaufen.png,TRUE,https://jsonify.hel1.your-objectstorage.com/screenshots/evals/results-2026-08-11-full/playwright/159_www.immobilienscout24.de_Suche_de_berlin_berlin_wohnung-kaufen.png,FALSE,https://jsonify.hel1.your-objectstorage.com/screenshots/evals/results-2026-08-11-full/selenium/159_www.immobilienscout24.de_Suche_de_berlin_berlin_wohnung-kaufen.png,FALSE,TRUE
https://www.immowelt.de/suche/deutschland/wohnungen/kaufen,,FALSE,https://jsonify.hel1.your-objectstorage.com/screenshots/evals/results-2026-08-11-full/bless/160_www.immowelt.de_suche_deutschland_wohnungen_kaufen.png,TRUE,https://jsonify.hel1.your-objectstorage.com/screenshots/evals/results-2026-08-11-full/bbase/160_www.immowelt.de_suche_deutschland_wohnungen_kaufen.png,TRUE,https://jsonify.hel1.your-objectstorage.com/screenshots/evals/results-2026-08-11-full/browseruse/160_www.immowelt.de_suche_deutschland_wohnungen_kaufen.png,TRUE,https://jsonify.hel1.your-objectstorage.com/screenshots/evals/results-2026-08-11-full/firecrawl_browser/160_www.immowelt.de_suche_deutschland_wohnungen_kaufen.png,TRUE,https://jsonify.hel1.your-objectstorage.com/screenshots/evals/results-2026-08-11-full/hyperbrowser/160_www.immowelt.de_suche_deutschland_wohnungen_kaufen.png,TRUE,https://jsonify.hel1.your-objectstorage.com/screenshots/evals/results-2026-08-11-full/obscura/160_www.immowelt.de_suche_deutschland_wohnungen_kaufen.png,FALSE,https://jsonify.hel1.your-objectstorage.com/screenshots/evals/results-2026-08-11-full/playwright/160_www.immowelt.de_suche_deutschland_wohnungen_kaufen.png,TRUE,https://jsonify.hel1.your-objectstorage.com/screenshots/evals/results-2026-08-11-full/selenium/160_www.immowelt.de_suche_deutschland_wohnungen_kaufen.png,TRUE,TRUE
https://www.kayak.com/flight-routes/New-York-NYC/London-LON,https://jsonify.hel1.your-objectstorage.com/screenshots/6fc79e3c-5c9c-4127-be0d-052a7e0581e0.png,TRUE,https://jsonify.hel1.your-objectstorage.com/screenshots/evals/results-2026-08-11-full/bless/161_www.kayak.com_flight-routes_New-York-NYC_London-LON.png,TRUE,https://jsonify.hel1.your-objectstorage.com/screenshots/evals/results-2026-08-11-full/bbase/161_www.kayak.com_flight-routes_New-York-NYC_London-LON.png,TRUE,https://jsonify.hel1.your-objectstorage.com/screenshots/evals/results-2026-08-11-full/browseruse/161_www.kayak.com_flight-routes_New-York-NYC_London-LON.png,TRUE,https://jsonify.hel1.your-objectstorage.com/screenshots/evals/results-2026-08-11-full/firecrawl_browser/161_www.kayak.com_flight-routes_New-York-NYC_London-LON.png,TRUE,https://jsonify.hel1.your-objectstorage.com/screenshots/evals/results-2026-08-11-full/hyperbrowser/161_www.kayak.com_flight-routes_New-York-NYC_London-LON.png,TRUE,https://jsonify.hel1.your-objectstorage.com/screenshots/evals/results-2026-08-11-full/obscura/161_www.kayak.com_flight-routes_New-York-NYC_London-LON.png,TRUE,https://jsonify.hel1.your-objectstorage.com/screenshots/evals/results-2026-08-11-full/playwright/161_www.kayak.com_flight-routes_New-York-NYC_London-LON.png,FALSE,https://jsonify.hel1.your-objectstorage.com/screenshots/evals/results-2026-08-11-full/selenium/161_www.kayak.com_flight-routes_New-York-NYC_London-LON.png,FALSE,TRUE
https://www.linkedin.com/in/satyanadella,https://jsonify.hel1.your-objectstorage.com/screenshots/46c369b4-3cbc-4ff8-941a-d9fb7fa09288.png,TRUE,https://jsonify.hel1.your-objectstorage.com/screenshots/evals/results-2026-08-11-full/bless/162_www.linkedin.com_in_satyanadella.png,TRUE,https://jsonify.hel1.your-objectstorage.com/screenshots/evals/results-2026-08-11-full/bbase/162_www.linkedin.com_in_satyanadella.png,TRUE,https://jsonify.hel1.your-objectstorage.com/screenshots/evals/results-2026-08-11-full/browseruse/162_www.linkedin.com_in_satyanadella.png,TRUE,https://jsonify.hel1.your-objectstorage.com/screenshots/evals/results-2026-08-11-full/firecrawl_browser/162_www.linkedin.com_in_satyanadella.png,TRUE,https://jsonify.hel1.your-objectstorage.com/screenshots/evals/results-2026-08-11-full/hyperbrowser/162_www.linkedin.com_in_satyanadella.png,TRUE,https://jsonify.hel1.your-objectstorage.com/screenshots/evals/results-2026-08-11-full/obscura/162_www.linkedin.com_in_satyanadella.png,TRUE,https://jsonify.hel1.your-objectstorage.com/screenshots/evals/results-2026-08-11-full/playwright/162_www.linkedin.com_in_satyanadella.png,TRUE,https://jsonify.hel1.your-objectstorage.com/screenshots/evals/results-2026-08-11-full/selenium/162_www.linkedin.com_in_satyanadella.png,TRUE,TRUE
https://www.mercadolibre.com.ar/ofertas?category=MLA1512#filter_applied=category&filter_position=3&origin=qcat,https://jsonify.hel1.your-objectstorage.com/screenshots/fd0993d3-7baa-4c65-9a39-69b0741583d8.png,TRUE,https://jsonify.hel1.your-objectstorage.com/screenshots/evals/results-2026-08-11-full/bless/163_www.mercadolibre.com.ar_ofertas_category_MLA1512.png,TRUE,https://jsonify.hel1.your-objectstorage.com/screenshots/evals/results-2026-08-11-full/bbase/163_www.mercadolibre.com.ar_ofertas_category_MLA1512.png,TRUE,https://jsonify.hel1.your-objectstorage.com/screenshots/evals/results-2026-08-11-full/browseruse/163_www.mercadolibre.com.ar_ofertas_category_MLA1512.png,TRUE,https://jsonify.hel1.your-objectstorage.com/screenshots/evals/results-2026-08-11-full/firecrawl_browser/163_www.mercadolibre.com.ar_ofertas_category_MLA1512.png,TRUE,https://jsonify.hel1.your-objectstorage.com/screenshots/evals/results-2026-08-11-full/hyperbrowser/163_www.mercadolibre.com.ar_ofertas_category_MLA1512.png,TRUE,https://jsonify.hel1.your-objectstorage.com/screenshots/evals/results-2026-08-11-full/obscura/163_www.mercadolibre.com.ar_ofertas_category_MLA1512.png,FALSE,https://jsonify.hel1.your-objectstorage.com/screenshots/evals/results-2026-08-11-full/playwright/163_www.mercadolibre.com.ar_ofertas_category_MLA1512.png,FALSE,https://jsonify.hel1.your-objectstorage.com/screenshots/evals/results-2026-08-11-full/selenium/163_www.mercadolibre.com.ar_ofertas_category_MLA1512.png,FALSE,TRUE
https://www.npmjs.com/search?q=json+parser,https://jsonify.hel1.your-objectstorage.com/screenshots/80cda900-4ff3-40b8-9c26-a8a10406119e.png,TRUE,https://jsonify.hel1.your-objectstorage.com/screenshots/evals/results-2026-08-11-full/bless/164_www.npmjs.com_search_q_json_parser.png,TRUE,https://jsonify.hel1.your-objectstorage.com/screenshots/evals/results-2026-08-11-full/bbase/164_www.npmjs.com_search_q_json_parser.png,TRUE,https://jsonify.hel1.your-objectstorage.com/screenshots/evals/results-2026-08-11-full/browseruse/164_www.npmjs.com_search_q_json_parser.png,TRUE,https://jsonify.hel1.your-objectstorage.com/screenshots/evals/results-2026-08-11-full/firecrawl_browser/164_www.npmjs.com_search_q_json_parser.png,TRUE,https://jsonify.hel1.your-objectstorage.com/screenshots/evals/results-2026-08-11-full/hyperbrowser/164_www.npmjs.com_search_q_json_parser.png,FALSE,https://jsonify.hel1.your-objectstorage.com/screenshots/evals/results-2026-08-11-full/obscura/164_www.npmjs.com_search_q_json_parser.png,FALSE,https://jsonify.hel1.your-objectstorage.com/screenshots/evals/results-2026-08-11-full/playwright/164_www.npmjs.com_search_q_json_parser.png,FALSE,https://jsonify.hel1.your-objectstorage.com/screenshots/evals/results-2026-08-11-full/selenium/164_www.npmjs.com_search_q_json_parser.png,FALSE,TRUE
https://www.onthemarket.com/for-sale/property/london/,https://jsonify.hel1.your-objectstorage.com/screenshots/12f8f288-3783-4963-bf22-e0e93d40de5e.png,TRUE,https://jsonify.hel1.your-objectstorage.com/screenshots/evals/results-2026-08-11-full/bless/165_www.onthemarket.com_for-sale_property_london.png,TRUE,https://jsonify.hel1.your-objectstorage.com/screenshots/evals/results-2026-08-11-full/bbase/165_www.onthemarket.com_for-sale_property_london.png,TRUE,https://jsonify.hel1.your-objectstorage.com/screenshots/evals/results-2026-08-11-full/browseruse/165_www.onthemarket.com_for-sale_property_london.png,TRUE,https://jsonify.hel1.your-objectstorage.com/screenshots/evals/results-2026-08-11-full/firecrawl_browser/165_www.onthemarket.com_for-sale_property_london.png,TRUE,https://jsonify.hel1.your-objectstorage.com/screenshots/evals/results-2026-08-11-full/hyperbrowser/165_www.onthemarket.com_for-sale_property_london.png,TRUE,https://jsonify.hel1.your-objectstorage.com/screenshots/evals/results-2026-08-11-full/obscura/165_www.onthemarket.com_for-sale_property_london.png,TRUE,https://jsonify.hel1.your-objectstorage.com/screenshots/evals/results-2026-08-11-full/playwright/165_www.onthemarket.com_for-sale_property_london.png,TRUE,https://jsonify.hel1.your-objectstorage.com/screenshots/evals/results-2026-08-11-full/selenium/165_www.onthemarket.com_for-sale_property_london.png,TRUE,TRUE
https://polymarket.com/,https://jsonify.hel1.your-objectstorage.com/screenshots/c91de9f6-53d8-4e32-88e2-0223d99519c1.png,TRUE,https://jsonify.hel1.your-objectstorage.com/screenshots/evals/results-2026-08-11-full/bless/166_polymarket.com_home.png,TRUE,https://jsonify.hel1.your-objectstorage.com/screenshots/evals/results-2026-08-11-full/bbase/166_polymarket.com_home.png,TRUE,https://jsonify.hel1.your-objectstorage.com/screenshots/evals/results-2026-08-11-full/browseruse/166_polymarket.com_home.png,TRUE,https://jsonify.hel1.your-objectstorage.com/screenshots/evals/results-2026-08-11-full/firecrawl_browser/166_polymarket.com_home.png,TRUE,https://jsonify.hel1.your-objectstorage.com/screenshots/evals/results-2026-08-11-full/hyperbrowser/166_polymarket.com_home.png,TRUE,https://jsonify.hel1.your-objectstorage.com/screenshots/evals/results-2026-08-11-full/obscura/166_polymarket.com_home.png,TRUE,https://jsonify.hel1.your-objectstorage.com/screenshots/evals/results-2026-08-11-full/playwright/166_polymarket.com_home.png,TRUE,https://jsonify.hel1.your-objectstorage.com/screenshots/evals/results-2026-08-11-full/selenium/166_polymarket.com_home.png,TRUE,TRUE
https://www.rakuten.co.jp/,https://jsonify.hel1.your-objectstorage.com/screenshots/37858993-3748-4bd1-9cf9-bb50ad4b0569.png,TRUE,https://jsonify.hel1.your-objectstorage.com/screenshots/evals/results-2026-08-11-full/bless/167_www.rakuten.co.jp_home.png,TRUE,https://jsonify.hel1.your-objectstorage.com/screenshots/evals/results-2026-08-11-full/bbase/167_www.rakuten.co.jp_home.png,TRUE,https://jsonify.hel1.your-objectstorage.com/screenshots/evals/results-2026-08-11-full/browseruse/167_www.rakuten.co.jp_home.png,TRUE,https://jsonify.hel1.your-objectstorage.com/screenshots/evals/results-2026-08-11-full/firecrawl_browser/167_www.rakuten.co.jp_home.png,TRUE,https://jsonify.hel1.your-objectstorage.com/screenshots/evals/results-2026-08-11-full/hyperbrowser/167_www.rakuten.co.jp_home.png,TRUE,https://jsonify.hel1.your-objectstorage.com/screenshots/evals/results-2026-08-11-full/obscura/167_www.rakuten.co.jp_home.png,FALSE,https://jsonify.hel1.your-objectstorage.com/screenshots/evals/results-2026-08-11-full/playwright/167_www.rakuten.co.jp_home.png,TRUE,https://jsonify.hel1.your-objectstorage.com/screenshots/evals/results-2026-08-11-full/selenium/167_www.rakuten.co.jp_home.png,TRUE,TRUE
https://seatgeek.com/sports-tickets,https://jsonify.hel1.your-objectstorage.com/screenshots/33716885-9ae2-4f52-9faa-3430260768f9.png,TRUE,https://jsonify.hel1.your-objectstorage.com/screenshots/evals/results-2026-08-11-full/bless/168_seatgeek.com_sports-tickets.png,FALSE,https://jsonify.hel1.your-objectstorage.com/screenshots/evals/results-2026-08-11-full/bbase/168_seatgeek.com_sports-tickets.png,FALSE,https://jsonify.hel1.your-objectstorage.com/screenshots/evals/results-2026-08-11-full/browseruse/168_seatgeek.com_sports-tickets.png,TRUE,https://jsonify.hel1.your-objectstorage.com/screenshots/evals/results-2026-08-11-full/firecrawl_browser/168_seatgeek.com_sports-tickets.png,FALSE,https://jsonify.hel1.your-objectstorage.com/screenshots/evals/results-2026-08-11-full/hyperbrowser/168_seatgeek.com_sports-tickets.png,FALSE,https://jsonify.hel1.your-objectstorage.com/screenshots/evals/results-2026-08-11-full/obscura/168_seatgeek.com_sports-tickets.png,FALSE,https://jsonify.hel1.your-objectstorage.com/screenshots/evals/results-2026-08-11-full/playwright/168_seatgeek.com_sports-tickets.png,FALSE,https://jsonify.hel1.your-objectstorage.com/screenshots/evals/results-2026-08-11-full/selenium/168_seatgeek.com_sports-tickets.png,FALSE,TRUE
https://www.sixt.com/car-rental/usa/new-york/,https://jsonify.hel1.your-objectstorage.com/screenshots/30e03a54-6cb9-447c-90a5-3891ba746bae.png,TRUE,https://jsonify.hel1.your-objectstorage.com/screenshots/evals/results-2026-08-11-full/bless/169_www.sixt.com_car-rental_usa_new-york.png,TRUE,https://jsonify.hel1.your-objectstorage.com/screenshots/evals/results-2026-08-11-full/bbase/169_www.sixt.com_car-rental_usa_new-york.png,TRUE,https://jsonify.hel1.your-objectstorage.com/screenshots/evals/results-2026-08-11-full/browseruse/169_www.sixt.com_car-rental_usa_new-york.png,TRUE,https://jsonify.hel1.your-objectstorage.com/screenshots/evals/results-2026-08-11-full/firecrawl_browser/169_www.sixt.com_car-rental_usa_new-york.png,TRUE,https://jsonify.hel1.your-objectstorage.com/screenshots/evals/results-2026-08-11-full/hyperbrowser/169_www.sixt.com_car-rental_usa_new-york.png,TRUE,https://jsonify.hel1.your-objectstorage.com/screenshots/evals/results-2026-08-11-full/obscura/169_www.sixt.com_car-rental_usa_new-york.png,FALSE,https://jsonify.hel1.your-objectstorage.com/screenshots/evals/results-2026-08-11-full/playwright/169_www.sixt.com_car-rental_usa_new-york.png,FALSE,https://jsonify.hel1.your-objectstorage.com/screenshots/evals/results-2026-08-11-full/selenium/169_www.sixt.com_car-rental_usa_new-york.png,FALSE,TRUE
https://www.uniqlo.com/us/en/men/shirts-and-polos,https://jsonify.hel1.your-objectstorage.com/screenshots/4d6dba36-d91e-4029-a6b5-657f61309c41.png,TRUE,https://jsonify.hel1.your-objectstorage.com/screenshots/evals/results-2026-08-11-full/bless/170_www.uniqlo.com_us_en_men_shirts-and-polos.png,TRUE,https://jsonify.hel1.your-objectstorage.com/screenshots/evals/results-2026-08-11-full/bbase/170_www.uniqlo.com_us_en_men_shirts-and-polos.png,TRUE,https://jsonify.hel1.your-objectstorage.com/screenshots/evals/results-2026-08-11-full/browseruse/170_www.uniqlo.com_us_en_men_shirts-and-polos.png,TRUE,https://jsonify.hel1.your-objectstorage.com/screenshots/evals/results-2026-08-11-full/firecrawl_browser/170_www.uniqlo.com_us_en_men_shirts-and-polos.png,TRUE,https://jsonify.hel1.your-objectstorage.com/screenshots/evals/results-2026-08-11-full/hyperbrowser/170_www.uniqlo.com_us_en_men_shirts-and-polos.png,TRUE,https://jsonify.hel1.your-objectstorage.com/screenshots/evals/results-2026-08-11-full/obscura/170_www.uniqlo.com_us_en_men_shirts-and-polos.png,FALSE,https://jsonify.hel1.your-objectstorage.com/screenshots/evals/results-2026-08-11-full/playwright/170_www.uniqlo.com_us_en_men_shirts-and-polos.png,TRUE,https://jsonify.hel1.your-objectstorage.com/screenshots/evals/results-2026-08-11-full/selenium/170_www.uniqlo.com_us_en_men_shirts-and-polos.png,TRUE,TRUE
https://www.yahoo.co.jp/,https://jsonify.hel1.your-objectstorage.com/screenshots/32f9ee2c-e300-4e0b-998d-a9b1c10237af.png,TRUE,https://jsonify.hel1.your-objectstorage.com/screenshots/evals/results-2026-08-11-full/bless/171_www.yahoo.co.jp_home.png,FALSE,https://jsonify.hel1.your-objectstorage.com/screenshots/evals/results-2026-08-11-full/bbase/171_www.yahoo.co.jp_home.png,TRUE,https://jsonify.hel1.your-objectstorage.com/screenshots/evals/results-2026-08-11-full/browseruse/171_www.yahoo.co.jp_home.png,TRUE,https://jsonify.hel1.your-objectstorage.com/screenshots/evals/results-2026-08-11-full/firecrawl_browser/171_www.yahoo.co.jp_home.png,TRUE,https://jsonify.hel1.your-objectstorage.com/screenshots/evals/results-2026-08-11-full/hyperbrowser/171_www.yahoo.co.jp_home.png,TRUE,https://jsonify.hel1.your-objectstorage.com/screenshots/evals/results-2026-08-11-full/obscura/171_www.yahoo.co.jp_home.png,TRUE,https://jsonify.hel1.your-objectstorage.com/screenshots/evals/results-2026-08-11-full/playwright/171_www.yahoo.co.jp_home.png,TRUE,https://jsonify.hel1.your-objectstorage.com/screenshots/evals/results-2026-08-11-full/selenium/171_www.yahoo.co.jp_home.png,TRUE,TRUE
https://www.hotels.com/Hotel-Search,https://jsonify.hel1.your-objectstorage.com/screenshots/b42b5d4f-52f4-4eeb-b3c7-99f4f5fd0c86.png,TRUE,https://jsonify.hel1.your-objectstorage.com/screenshots/evals/results-2026-08-11-full/bless/172_www.hotels.com_Hotel-Search.png,TRUE,https://jsonify.hel1.your-objectstorage.com/screenshots/evals/results-2026-08-11-full/bbase/172_www.hotels.com_Hotel-Search.png,TRUE,https://jsonify.hel1.your-objectstorage.com/screenshots/evals/results-2026-08-11-full/browseruse/172_www.hotels.com_Hotel-Search.png,FALSE,https://jsonify.hel1.your-objectstorage.com/screenshots/evals/results-2026-08-11-full/firecrawl_browser/172_www.hotels.com_Hotel-Search.png,FALSE,https://jsonify.hel1.your-objectstorage.com/screenshots/evals/results-2026-08-11-full/hyperbrowser/172_www.hotels.com_Hotel-Search.png,FALSE,https://jsonify.hel1.your-objectstorage.com/screenshots/evals/results-2026-08-11-full/obscura/172_www.hotels.com_Hotel-Search.png,TRUE,https://jsonify.hel1.your-objectstorage.com/screenshots/evals/results-2026-08-11-full/playwright/172_www.hotels.com_Hotel-Search.png,FALSE,https://jsonify.hel1.your-objectstorage.com/screenshots/evals/results-2026-08-11-full/selenium/172_www.hotels.com_Hotel-Search.png,FALSE,TRUE
https://www.priceline.com/relax-ui/listings?destination=3000002573&rooms=1&adults=2,https://jsonify.hel1.your-objectstorage.com/screenshots/9d07ec16-5f08-4406-96fe-acbf614d4db7.png,TRUE,https://jsonify.hel1.your-objectstorage.com/screenshots/evals/results-2026-08-11-full/bless/173_www.priceline.com_relax-ui_listings_destination_3000002573_rooms_1_adults_2.png,TRUE,https://jsonify.hel1.your-objectstorage.com/screenshots/evals/results-2026-08-11-full/bbase/173_www.priceline.com_relax-ui_listings_destination_3000002573_rooms_1_adults_2.png,TRUE,https://jsonify.hel1.your-objectstorage.com/screenshots/evals/results-2026-08-11-full/browseruse/173_www.priceline.com_relax-ui_listings_destination_3000002573_rooms_1_adults_2.png,TRUE,https://jsonify.hel1.your-objectstorage.com/screenshots/evals/results-2026-08-11-full/firecrawl_browser/173_www.priceline.com_relax-ui_listings_destination_3000002573_rooms_1_adults_2.png,TRUE,https://jsonify.hel1.your-objectstorage.com/screenshots/evals/results-2026-08-11-full/hyperbrowser/173_www.priceline.com_relax-ui_listings_destination_3000002573_rooms_1_adults_2.png,TRUE,https://jsonify.hel1.your-objectstorage.com/screenshots/evals/results-2026-08-11-full/obscura/173_www.priceline.com_relax-ui_listings_destination_3000002573_rooms_1_adults_2.png,TRUE,https://jsonify.hel1.your-objectstorage.com/screenshots/evals/results-2026-08-11-full/playwright/173_www.priceline.com_relax-ui_listings_destination_3000002573_rooms_1_adults_2.png,FALSE,https://jsonify.hel1.your-objectstorage.com/screenshots/evals/results-2026-08-11-full/selenium/173_www.priceline.com_relax-ui_listings_destination_3000002573_rooms_1_adults_2.png,FALSE,TRUE
https://www.agoda.com/search?city=14524,https://jsonify.hel1.your-objectstorage.com/screenshots/cce8eb76-c540-463a-867b-6206a30a08f9.png,TRUE,https://jsonify.hel1.your-objectstorage.com/screenshots/evals/results-2026-08-11-full/bless/174_www.agoda.com_search_city_14524.png,TRUE,https://jsonify.hel1.your-objectstorage.com/screenshots/evals/results-2026-08-11-full/bbase/174_www.agoda.com_search_city_14524.png,TRUE,https://jsonify.hel1.your-objectstorage.com/screenshots/evals/results-2026-08-11-full/browseruse/174_www.agoda.com_search_city_14524.png,TRUE,https://jsonify.hel1.your-objectstorage.com/screenshots/evals/results-2026-08-11-full/firecrawl_browser/174_www.agoda.com_search_city_14524.png,TRUE,https://jsonify.hel1.your-objectstorage.com/screenshots/evals/results-2026-08-11-full/hyperbrowser/174_www.agoda.com_search_city_14524.png,TRUE,https://jsonify.hel1.your-objectstorage.com/screenshots/evals/results-2026-08-11-full/obscura/174_www.agoda.com_search_city_14524.png,FALSE,https://jsonify.hel1.your-objectstorage.com/screenshots/evals/results-2026-08-11-full/playwright/174_www.agoda.com_search_city_14524.png,FALSE,https://jsonify.hel1.your-objectstorage.com/screenshots/evals/results-2026-08-11-full/selenium/174_www.agoda.com_search_city_14524.png,FALSE,TRUE
https://us.trip.com/hotels/list?city=58,https://jsonify.hel1.your-objectstorage.com/screenshots/788a514a-c72a-4e29-91c8-116dd4923922.png,TRUE,https://jsonify.hel1.your-objectstorage.com/screenshots/evals/results-2026-08-11-full/bless/175_us.trip.com_hotels_list_city_58.png,FALSE,https://jsonify.hel1.your-objectstorage.com/screenshots/evals/results-2026-08-11-full/bbase/175_us.trip.com_hotels_list_city_58.png,FALSE,https://jsonify.hel1.your-objectstorage.com/screenshots/evals/results-2026-08-11-full/browseruse/175_us.trip.com_hotels_list_city_58.png,TRUE,https://jsonify.hel1.your-objectstorage.com/screenshots/evals/results-2026-08-11-full/firecrawl_browser/175_us.trip.com_hotels_list_city_58.png,FALSE,https://jsonify.hel1.your-objectstorage.com/screenshots/evals/results-2026-08-11-full/hyperbrowser/175_us.trip.com_hotels_list_city_58.png,TRUE,https://jsonify.hel1.your-objectstorage.com/screenshots/evals/results-2026-08-11-full/obscura/175_us.trip.com_hotels_list_city_58.png,TRUE,https://jsonify.hel1.your-objectstorage.com/screenshots/evals/results-2026-08-11-full/playwright/175_us.trip.com_hotels_list_city_58.png,FALSE,https://jsonify.hel1.your-objectstorage.com/screenshots/evals/results-2026-08-11-full/selenium/175_us.trip.com_hotels_list_city_58.png,TRUE,TRUE
https://www.hostelworld.com/st/hostels/europe/england/london/,https://jsonify.hel1.your-objectstorage.com/screenshots/7191a3e8-b632-4db2-bae2-6d932000a902.png,TRUE,https://jsonify.hel1.your-objectstorage.com/screenshots/evals/results-2026-08-11-full/bless/176_www.hostelworld.com_st_hostels_europe_england_london.png,TRUE,https://jsonify.hel1.your-objectstorage.com/screenshots/evals/results-2026-08-11-full/bbase/176_www.hostelworld.com_st_hostels_europe_england_london.png,TRUE,https://jsonify.hel1.your-objectstorage.com/screenshots/evals/results-2026-08-11-full/browseruse/176_www.hostelworld.com_st_hostels_europe_england_london.png,TRUE,https://jsonify.hel1.your-objectstorage.com/screenshots/evals/results-2026-08-11-full/firecrawl_browser/176_www.hostelworld.com_st_hostels_europe_england_london.png,TRUE,https://jsonify.hel1.your-objectstorage.com/screenshots/evals/results-2026-08-11-full/hyperbrowser/176_www.hostelworld.com_st_hostels_europe_england_london.png,TRUE,https://jsonify.hel1.your-objectstorage.com/screenshots/evals/results-2026-08-11-full/obscura/176_www.hostelworld.com_st_hostels_europe_england_london.png,TRUE,https://jsonify.hel1.your-objectstorage.com/screenshots/evals/results-2026-08-11-full/playwright/176_www.hostelworld.com_st_hostels_europe_england_london.png,TRUE,https://jsonify.hel1.your-objectstorage.com/screenshots/evals/results-2026-08-11-full/selenium/176_www.hostelworld.com_st_hostels_europe_england_london.png,TRUE,TRUE
https://www.vrbo.com/search/keywords:london-england-united-kingdom,https://jsonify.hel1.your-objectstorage.com/screenshots/254a374d-9dec-4f13-ba3e-5ddfafbfc0fe.png,TRUE,https://jsonify.hel1.your-objectstorage.com/screenshots/evals/results-2026-08-11-full/bless/177_www.vrbo.com_search_keywords_london-england-united-kingdom.png,TRUE,https://jsonify.hel1.your-objectstorage.com/screenshots/evals/results-2026-08-11-full/bbase/177_www.vrbo.com_search_keywords_london-england-united-kingdom.png,TRUE,https://jsonify.hel1.your-objectstorage.com/screenshots/evals/results-2026-08-11-full/browseruse/177_www.vrbo.com_search_keywords_london-england-united-kingdom.png,TRUE,https://jsonify.hel1.your-objectstorage.com/screenshots/evals/results-2026-08-11-full/firecrawl_browser/177_www.vrbo.com_search_keywords_london-england-united-kingdom.png,FALSE,https://jsonify.hel1.your-objectstorage.com/screenshots/evals/results-2026-08-11-full/hyperbrowser/177_www.vrbo.com_search_keywords_london-england-united-kingdom.png,FALSE,https://jsonify.hel1.your-objectstorage.com/screenshots/evals/results-2026-08-11-full/obscura/177_www.vrbo.com_search_keywords_london-england-united-kingdom.png,FALSE,https://jsonify.hel1.your-objectstorage.com/screenshots/evals/results-2026-08-11-full/playwright/177_www.vrbo.com_search_keywords_london-england-united-kingdom.png,FALSE,https://jsonify.hel1.your-objectstorage.com/screenshots/evals/results-2026-08-11-full/selenium/177_www.vrbo.com_search_keywords_london-england-united-kingdom.png,FALSE,TRUE
"https://www.marriott.com/ru/search/findHotels.mi?lengthOfStay=1&childrenCountBox=0+Children+Per+Room&childrenCount=0&clusterCode=none&useRewardsPoints=false&isAdvanceSearch=false&isNGSF=false&recordsPerPage=20&destinationAddress.type=City&destinationAddress.latitude=25.2048493&isInternalSearch=true&vsInitialRequest=false&searchType=InCity&destinationAddress.stateProvinceDisplayName=%D0%94%D1%83%D0%B1%D0%B0%D0%B9&countryName=AE&destinationAddress.stateProvince=%D0%94%D1%83%D0%B1%D0%B0%D0%B9&searchRadius=50&singleSearchAutoSuggest=Unmatched&destinationAddress.placeId=ChIJRcbZaklDXz4RYlEphFBu5r0&for-hotels-nearme=Near&destinationAddress.country=AE&destinationAddress.address=%D0%94%D1%83%D0%B1%D0%B0%D0%B9+-+%D0%9E%D0%B1%D1%8A%D0%B5%D0%B4%D0%B8%D0%BD%D0%B5%D0%BD%D0%BD%D1%8B%D0%B5+%D0%90%D1%80%D0%B0%D0%B1%D1%81%D0%BA%D0%B8%D0%B5+%D0%AD%D0%BC%D0%B8%D1%80%D0%B0%D1%82%D1%8B&collapseAccordian=is-hidden&singleSearch=true&destinationAddress.secondaryText=%D0%94%D1%83%D0%B1%D0%B0%D0%B9,+AE&destinationAddress.city=%D0%94%D1%83%D0%B1%D0%B0%D0%B9&destinationAddress.mainText=%D0%94%D1%83%D0%B1%D0%B0%D0%B9&isTransient=true&destinationAddress.longitude=55.2707828&initialRequest=false&flexibleDateSearchRateDisplay=false&isSearch=true&isRateCalendar=false&destinationAddress.destination=%D0%94%D1%83%D0%B1%D0%B0%D0%B9&isHideFlexibleDateCalendar=false&roomCountBox=1+Room&roomCount=1&guestCountBox=1+Adult+Per+Room&numAdultsPerRoom=1&deviceType=desktop-web&view=list#/1/",https://jsonify.hel1.your-objectstorage.com/screenshots/41bcc194-ec8e-4e36-b3ed-032ce0c71ba1.png,FALSE,https://jsonify.hel1.your-objectstorage.com/screenshots/evals/results-2026-08-11-full/bless/178_www.marriott.com_ru_search_findHotels.mi_lengthOfStay_1_childrenCountBox_0_Children_Per_Room_children.png,FALSE,https://jsonify.hel1.your-objectstorage.com/screenshots/evals/results-2026-08-11-full/bbase/178_www.marriott.com_ru_search_findHotels.mi_lengthOfStay_1_childrenCountBox_0_Children_Per_Room_children.png,FALSE,https://jsonify.hel1.your-objectstorage.com/screenshots/evals/results-2026-08-11-full/browseruse/178_www.marriott.com_ru_search_findHotels.mi_lengthOfStay_1_childrenCountBox_0_Children_Per_Room_children.png,FALSE,https://jsonify.hel1.your-objectstorage.com/screenshots/evals/results-2026-08-11-full/firecrawl_browser/178_www.marriott.com_ru_search_findHotels.mi_lengthOfStay_1_childrenCountBox_0_Children_Per_Room_children.png,TRUE,https://jsonify.hel1.your-objectstorage.com/screenshots/evals/results-2026-08-11-full/hyperbrowser/178_www.marriott.com_ru_search_findHotels.mi_lengthOfStay_1_childrenCountBox_0_Children_Per_Room_children.png,FALSE,https://jsonify.hel1.your-objectstorage.com/screenshots/evals/results-2026-08-11-full/obscura/178_www.marriott.com_ru_search_findHotels.mi_lengthOfStay_1_childrenCountBox_0_Children_Per_Room_children.png,FALSE,https://jsonify.hel1.your-objectstorage.com/screenshots/evals/results-2026-08-11-full/playwright/178_www.marriott.com_ru_search_findHotels.mi_lengthOfStay_1_childrenCountBox_0_Children_Per_Room_children.png,FALSE,https://jsonify.hel1.your-objectstorage.com/screenshots/evals/results-2026-08-11-full/selenium/178_www.marriott.com_ru_search_findHotels.mi_lengthOfStay_1_childrenCountBox_0_Children_Per_Room_children.png,FALSE,TRUE
https://www.hilton.com/en/locations/france/paris/,https://jsonify.hel1.your-objectstorage.com/screenshots/da6b18d8-9a65-4355-9d54-1af794acfaa9.png,TRUE,https://jsonify.hel1.your-objectstorage.com/screenshots/evals/results-2026-08-11-full/bless/179_www.hilton.com_en_locations_france_paris.png,TRUE,https://jsonify.hel1.your-objectstorage.com/screenshots/evals/results-2026-08-11-full/bbase/179_www.hilton.com_en_locations_france_paris.png,TRUE,https://jsonify.hel1.your-objectstorage.com/screenshots/evals/results-2026-08-11-full/browseruse/179_www.hilton.com_en_locations_france_paris.png,TRUE,https://jsonify.hel1.your-objectstorage.com/screenshots/evals/results-2026-08-11-full/firecrawl_browser/179_www.hilton.com_en_locations_france_paris.png,TRUE,https://jsonify.hel1.your-objectstorage.com/screenshots/evals/results-2026-08-11-full/hyperbrowser/179_www.hilton.com_en_locations_france_paris.png,TRUE,https://jsonify.hel1.your-objectstorage.com/screenshots/evals/results-2026-08-11-full/obscura/179_www.hilton.com_en_locations_france_paris.png,TRUE,https://jsonify.hel1.your-objectstorage.com/screenshots/evals/results-2026-08-11-full/playwright/179_www.hilton.com_en_locations_france_paris.png,TRUE,https://jsonify.hel1.your-objectstorage.com/screenshots/evals/results-2026-08-11-full/selenium/179_www.hilton.com_en_locations_france_paris.png,TRUE,TRUE
https://www.wyndhamhotels.com/vacation-getaways?icid=IN%3Avh3r3tkq88bqdrk,https://jsonify.hel1.your-objectstorage.com/screenshots/35477382-1833-4a1e-b2af-c33b2b3ab2a3.png,TRUE,https://jsonify.hel1.your-objectstorage.com/screenshots/evals/results-2026-08-11-full/bless/180_www.wyndhamhotels.com_vacation-getaways_icid_IN_3Avh3r3tkq88bqdrk.png,FALSE,https://jsonify.hel1.your-objectstorage.com/screenshots/evals/results-2026-08-11-full/bbase/180_www.wyndhamhotels.com_vacation-getaways_icid_IN_3Avh3r3tkq88bqdrk.png,TRUE,https://jsonify.hel1.your-objectstorage.com/screenshots/evals/results-2026-08-11-full/browseruse/180_www.wyndhamhotels.com_vacation-getaways_icid_IN_3Avh3r3tkq88bqdrk.png,TRUE,https://jsonify.hel1.your-objectstorage.com/screenshots/evals/results-2026-08-11-full/firecrawl_browser/180_www.wyndhamhotels.com_vacation-getaways_icid_IN_3Avh3r3tkq88bqdrk.png,TRUE,https://jsonify.hel1.your-objectstorage.com/screenshots/evals/results-2026-08-11-full/hyperbrowser/180_www.wyndhamhotels.com_vacation-getaways_icid_IN_3Avh3r3tkq88bqdrk.png,TRUE,https://jsonify.hel1.your-objectstorage.com/screenshots/evals/results-2026-08-11-full/obscura/180_www.wyndhamhotels.com_vacation-getaways_icid_IN_3Avh3r3tkq88bqdrk.png,FALSE,https://jsonify.hel1.your-objectstorage.com/screenshots/evals/results-2026-08-11-full/playwright/180_www.wyndhamhotels.com_vacation-getaways_icid_IN_3Avh3r3tkq88bqdrk.png,TRUE,https://jsonify.hel1.your-objectstorage.com/screenshots/evals/results-2026-08-11-full/selenium/180_www.wyndhamhotels.com_vacation-getaways_icid_IN_3Avh3r3tkq88bqdrk.png,TRUE,TRUE
https://www.ihg.com/hotels/us/en/find-hotels/hotel-search?fromRedirect=true&qBrs=6c.hi.ex.sb.ul.ic.cp.cw.in.vn.cv.rs.ki.kd.ma.sp.va.re.vx.nd.sx.we.lx.rn.sn.nu.ge.fa&qSrt=sAV&qDest=denver&qErm=false&qRms=1&qAdlt=1&qChld=0&qAAR=6CBARC&qRtP=6CBARC&setPMCookies=true&qpMbw=0&qpMn=1&srb_u=1&qSt=denver&qRad=30&qRdU=mi,https://jsonify.hel1.your-objectstorage.com/screenshots/b6f0dd11-60c6-4aa1-a9b6-434cdc679e89.png,TRUE,https://jsonify.hel1.your-objectstorage.com/screenshots/evals/results-2026-08-11-full/bless/181_www.ihg.com_hotels_us_en_find-hotels_hotel-search_fromRedirect_true_qBrs_6c.hi.ex.sb.ul.ic.cp.cw.in.vn.cv.rs.k.png,TRUE,https://jsonify.hel1.your-objectstorage.com/screenshots/evals/results-2026-08-11-full/bbase/181_www.ihg.com_hotels_us_en_find-hotels_hotel-search_fromRedirect_true_qBrs_6c.hi.ex.sb.ul.ic.cp.cw.in.vn.cv.rs.k.png,TRUE,https://jsonify.hel1.your-objectstorage.com/screenshots/evals/results-2026-08-11-full/browseruse/181_www.ihg.com_hotels_us_en_find-hotels_hotel-search_fromRedirect_true_qBrs_6c.hi.ex.sb.ul.ic.cp.cw.in.vn.cv.rs.k.png,TRUE,https://jsonify.hel1.your-objectstorage.com/screenshots/evals/results-2026-08-11-full/firecrawl_browser/181_www.ihg.com_hotels_us_en_find-hotels_hotel-search_fromRedirect_true_qBrs_6c.hi.ex.sb.ul.ic.cp.cw.in.vn.cv.rs.k.png,TRUE,https://jsonify.hel1.your-objectstorage.com/screenshots/evals/results-2026-08-11-full/hyperbrowser/181_www.ihg.com_hotels_us_en_find-hotels_hotel-search_fromRedirect_true_qBrs_6c.hi.ex.sb.ul.ic.cp.cw.in.vn.cv.rs.k.png,TRUE,https://jsonify.hel1.your-objectstorage.com/screenshots/evals/results-2026-08-11-full/obscura/181_www.ihg.com_hotels_us_en_find-hotels_hotel-search_fromRedirect_true_qBrs_6c.hi.ex.sb.ul.ic.cp.cw.in.vn.cv.rs.k.png,FALSE,https://jsonify.hel1.your-objectstorage.com/screenshots/evals/results-2026-08-11-full/playwright/181_www.ihg.com_hotels_us_en_find-hotels_hotel-search_fromRedirect_true_qBrs_6c.hi.ex.sb.ul.ic.cp.cw.in.vn.cv.rs.k.png,FALSE,https://jsonify.hel1.your-objectstorage.com/screenshots/evals/results-2026-08-11-full/selenium/181_www.ihg.com_hotels_us_en_find-hotels_hotel-search_fromRedirect_true_qBrs_6c.hi.ex.sb.ul.ic.cp.cw.in.vn.cv.rs.k.png,FALSE,TRUE
https://all.accor.com/booking/en/accor/hotels/san-francisco-ca-usa,https://jsonify.hel1.your-objectstorage.com/screenshots/9897cde9-f931-4e96-ab82-9d04b0bb8108.png,TRUE,https://jsonify.hel1.your-objectstorage.com/screenshots/evals/results-2026-08-11-full/bless/182_all.accor.com_booking_en_accor_hotels_san-francisco-ca-usa.png,TRUE,https://jsonify.hel1.your-objectstorage.com/screenshots/evals/results-2026-08-11-full/bbase/182_all.accor.com_booking_en_accor_hotels_san-francisco-ca-usa.png,TRUE,https://jsonify.hel1.your-objectstorage.com/screenshots/evals/results-2026-08-11-full/browseruse/182_all.accor.com_booking_en_accor_hotels_san-francisco-ca-usa.png,TRUE,https://jsonify.hel1.your-objectstorage.com/screenshots/evals/results-2026-08-11-full/firecrawl_browser/182_all.accor.com_booking_en_accor_hotels_san-francisco-ca-usa.png,TRUE,https://jsonify.hel1.your-objectstorage.com/screenshots/evals/results-2026-08-11-full/hyperbrowser/182_all.accor.com_booking_en_accor_hotels_san-francisco-ca-usa.png,TRUE,https://jsonify.hel1.your-objectstorage.com/screenshots/evals/results-2026-08-11-full/obscura/182_all.accor.com_booking_en_accor_hotels_san-francisco-ca-usa.png,TRUE,https://jsonify.hel1.your-objectstorage.com/screenshots/evals/results-2026-08-11-full/playwright/182_all.accor.com_booking_en_accor_hotels_san-francisco-ca-usa.png,TRUE,https://jsonify.hel1.your-objectstorage.com/screenshots/evals/results-2026-08-11-full/selenium/182_all.accor.com_booking_en_accor_hotels_san-francisco-ca-usa.png,TRUE,TRUE
https://www.hyatt.com/explore-hotels,,FALSE,https://jsonify.hel1.your-objectstorage.com/screenshots/evals/results-2026-08-11-full/bless/183_www.hyatt.com_explore-hotels.png,TRUE,https://jsonify.hel1.your-objectstorage.com/screenshots/evals/results-2026-08-11-full/bbase/183_www.hyatt.com_explore-hotels.png,TRUE,https://jsonify.hel1.your-objectstorage.com/screenshots/evals/results-2026-08-11-full/browseruse/183_www.hyatt.com_explore-hotels.png,FALSE,https://jsonify.hel1.your-objectstorage.com/screenshots/evals/results-2026-08-11-full/firecrawl_browser/183_www.hyatt.com_explore-hotels.png,FALSE,https://jsonify.hel1.your-objectstorage.com/screenshots/evals/results-2026-08-11-full/hyperbrowser/183_www.hyatt.com_explore-hotels.png,FALSE,https://jsonify.hel1.your-objectstorage.com/screenshots/evals/results-2026-08-11-full/obscura/183_www.hyatt.com_explore-hotels.png,FALSE,https://jsonify.hel1.your-objectstorage.com/screenshots/evals/results-2026-08-11-full/playwright/183_www.hyatt.com_explore-hotels.png,FALSE,https://jsonify.hel1.your-objectstorage.com/screenshots/evals/results-2026-08-11-full/selenium/183_www.hyatt.com_explore-hotels.png,FALSE,TRUE
https://www.hotwire.com/hotels/search?destination=Paris%2C%20France,https://jsonify.hel1.your-objectstorage.com/screenshots/c6fe34fa-5b27-44fe-a0fd-48f28c9b1798.png,TRUE,https://jsonify.hel1.your-objectstorage.com/screenshots/evals/results-2026-08-11-full/bless/184_www.hotwire.com_hotels_search_destination_Paris_2C_20France.png,TRUE,https://jsonify.hel1.your-objectstorage.com/screenshots/evals/results-2026-08-11-full/bbase/184_www.hotwire.com_hotels_search_destination_Paris_2C_20France.png,TRUE,https://jsonify.hel1.your-objectstorage.com/screenshots/evals/results-2026-08-11-full/browseruse/184_www.hotwire.com_hotels_search_destination_Paris_2C_20France.png,TRUE,https://jsonify.hel1.your-objectstorage.com/screenshots/evals/results-2026-08-11-full/firecrawl_browser/184_www.hotwire.com_hotels_search_destination_Paris_2C_20France.png,TRUE,https://jsonify.hel1.your-objectstorage.com/screenshots/evals/results-2026-08-11-full/hyperbrowser/184_www.hotwire.com_hotels_search_destination_Paris_2C_20France.png,TRUE,https://jsonify.hel1.your-objectstorage.com/screenshots/evals/results-2026-08-11-full/obscura/184_www.hotwire.com_hotels_search_destination_Paris_2C_20France.png,FALSE,https://jsonify.hel1.your-objectstorage.com/screenshots/evals/results-2026-08-11-full/playwright/184_www.hotwire.com_hotels_search_destination_Paris_2C_20France.png,TRUE,https://jsonify.hel1.your-objectstorage.com/screenshots/evals/results-2026-08-11-full/selenium/184_www.hotwire.com_hotels_search_destination_Paris_2C_20France.png,TRUE,TRUE
https://www.orbitz.com/Hotel-Search,https://jsonify.hel1.your-objectstorage.com/screenshots/a72961e9-1d60-4d67-aa51-5fd7823691e7.png,TRUE,https://jsonify.hel1.your-objectstorage.com/screenshots/evals/results-2026-08-11-full/bless/185_www.orbitz.com_Hotel-Search.png,TRUE,https://jsonify.hel1.your-objectstorage.com/screenshots/evals/results-2026-08-11-full/bbase/185_www.orbitz.com_Hotel-Search.png,TRUE,https://jsonify.hel1.your-objectstorage.com/screenshots/evals/results-2026-08-11-full/browseruse/185_www.orbitz.com_Hotel-Search.png,FALSE,https://jsonify.hel1.your-objectstorage.com/screenshots/evals/results-2026-08-11-full/firecrawl_browser/185_www.orbitz.com_Hotel-Search.png,FALSE,https://jsonify.hel1.your-objectstorage.com/screenshots/evals/results-2026-08-11-full/hyperbrowser/185_www.orbitz.com_Hotel-Search.png,FALSE,https://jsonify.hel1.your-objectstorage.com/screenshots/evals/results-2026-08-11-full/obscura/185_www.orbitz.com_Hotel-Search.png,FALSE,https://jsonify.hel1.your-objectstorage.com/screenshots/evals/results-2026-08-11-full/playwright/185_www.orbitz.com_Hotel-Search.png,FALSE,https://jsonify.hel1.your-objectstorage.com/screenshots/evals/results-2026-08-11-full/selenium/185_www.orbitz.com_Hotel-Search.png,FALSE,TRUE
https://www.travelocity.com/Hotel-Search,https://jsonify.hel1.your-objectstorage.com/screenshots/c14cfcc2-c8bf-4ba1-b180-721631e33c12.png,TRUE,https://jsonify.hel1.your-objectstorage.com/screenshots/evals/results-2026-08-11-full/bless/186_www.travelocity.com_Hotel-Search.png,TRUE,https://jsonify.hel1.your-objectstorage.com/screenshots/evals/results-2026-08-11-full/bbase/186_www.travelocity.com_Hotel-Search.png,FALSE,https://jsonify.hel1.your-objectstorage.com/screenshots/evals/results-2026-08-11-full/browseruse/186_www.travelocity.com_Hotel-Search.png,FALSE,https://jsonify.hel1.your-objectstorage.com/screenshots/evals/results-2026-08-11-full/firecrawl_browser/186_www.travelocity.com_Hotel-Search.png,FALSE,https://jsonify.hel1.your-objectstorage.com/screenshots/evals/results-2026-08-11-full/hyperbrowser/186_www.travelocity.com_Hotel-Search.png,FALSE,https://jsonify.hel1.your-objectstorage.com/screenshots/evals/results-2026-08-11-full/obscura/186_www.travelocity.com_Hotel-Search.png,FALSE,https://jsonify.hel1.your-objectstorage.com/screenshots/evals/results-2026-08-11-full/playwright/186_www.travelocity.com_Hotel-Search.png,FALSE,https://jsonify.hel1.your-objectstorage.com/screenshots/evals/results-2026-08-11-full/selenium/186_www.travelocity.com_Hotel-Search.png,FALSE,TRUE
https://www.skyscanner.com/transport/flights/nyca/lond/,https://jsonify.hel1.your-objectstorage.com/screenshots/a8e0ef53-d180-4bb9-9b15-d99cbdee0597.png,FALSE,https://jsonify.hel1.your-objectstorage.com/screenshots/evals/results-2026-08-11-full/bless/187_www.skyscanner.com_transport_flights_nyca_lond.png,FALSE,https://jsonify.hel1.your-objectstorage.com/screenshots/evals/results-2026-08-11-full/bbase/187_www.skyscanner.com_transport_flights_nyca_lond.png,FALSE,https://jsonify.hel1.your-objectstorage.com/screenshots/evals/results-2026-08-11-full/browseruse/187_www.skyscanner.com_transport_flights_nyca_lond.png,TRUE,https://jsonify.hel1.your-objectstorage.com/screenshots/evals/results-2026-08-11-full/firecrawl_browser/187_www.skyscanner.com_transport_flights_nyca_lond.png,FALSE,https://jsonify.hel1.your-objectstorage.com/screenshots/evals/results-2026-08-11-full/hyperbrowser/187_www.skyscanner.com_transport_flights_nyca_lond.png,FALSE,https://jsonify.hel1.your-objectstorage.com/screenshots/evals/results-2026-08-11-full/obscura/187_www.skyscanner.com_transport_flights_nyca_lond.png,FALSE,https://jsonify.hel1.your-objectstorage.com/screenshots/evals/results-2026-08-11-full/playwright/187_www.skyscanner.com_transport_flights_nyca_lond.png,FALSE,https://jsonify.hel1.your-objectstorage.com/screenshots/evals/results-2026-08-11-full/selenium/187_www.skyscanner.com_transport_flights_nyca_lond.png,FALSE,TRUE
https://www.momondo.com/explore/,https://jsonify.hel1.your-objectstorage.com/screenshots/cb0b2c7b-036d-46d7-9b89-005d8cac9bc4.png,TRUE,https://jsonify.hel1.your-objectstorage.com/screenshots/evals/results-2026-08-11-full/bless/188_www.momondo.com_explore.png,TRUE,https://jsonify.hel1.your-objectstorage.com/screenshots/evals/results-2026-08-11-full/bbase/188_www.momondo.com_explore.png,TRUE,https://jsonify.hel1.your-objectstorage.com/screenshots/evals/results-2026-08-11-full/browseruse/188_www.momondo.com_explore.png,TRUE,https://jsonify.hel1.your-objectstorage.com/screenshots/evals/results-2026-08-11-full/firecrawl_browser/188_www.momondo.com_explore.png,TRUE,https://jsonify.hel1.your-objectstorage.com/screenshots/evals/results-2026-08-11-full/hyperbrowser/188_www.momondo.com_explore.png,TRUE,https://jsonify.hel1.your-objectstorage.com/screenshots/evals/results-2026-08-11-full/obscura/188_www.momondo.com_explore.png,FALSE,https://jsonify.hel1.your-objectstorage.com/screenshots/evals/results-2026-08-11-full/playwright/188_www.momondo.com_explore.png,FALSE,https://jsonify.hel1.your-objectstorage.com/screenshots/evals/results-2026-08-11-full/selenium/188_www.momondo.com_explore.png,FALSE,TRUE
https://vagamo.com/fares/NYC-LON/2026-09-07/LON-NYC/2026-09-14/adult-1/economy,https://jsonify.hel1.your-objectstorage.com/screenshots/589ca090-42cb-46c1-8842-6d68a1970c51.png,TRUE,https://jsonify.hel1.your-objectstorage.com/screenshots/evals/results-2026-08-11-full/bless/189_vagamo.com_fares_NYC-LON_2026-09-07_LON-NYC_2026-09-14_adult-1_economy.png,TRUE,https://jsonify.hel1.your-objectstorage.com/screenshots/evals/results-2026-08-11-full/bbase/189_vagamo.com_fares_NYC-LON_2026-09-07_LON-NYC_2026-09-14_adult-1_economy.png,FALSE,https://jsonify.hel1.your-objectstorage.com/screenshots/evals/results-2026-08-11-full/browseruse/189_vagamo.com_fares_NYC-LON_2026-09-07_LON-NYC_2026-09-14_adult-1_economy.png,TRUE,https://jsonify.hel1.your-objectstorage.com/screenshots/evals/results-2026-08-11-full/firecrawl_browser/189_vagamo.com_fares_NYC-LON_2026-09-07_LON-NYC_2026-09-14_adult-1_economy.png,TRUE,https://jsonify.hel1.your-objectstorage.com/screenshots/evals/results-2026-08-11-full/hyperbrowser/189_vagamo.com_fares_NYC-LON_2026-09-07_LON-NYC_2026-09-14_adult-1_economy.png,TRUE,https://jsonify.hel1.your-objectstorage.com/screenshots/evals/results-2026-08-11-full/obscura/189_vagamo.com_fares_NYC-LON_2026-09-07_LON-NYC_2026-09-14_adult-1_economy.png,FALSE,https://jsonify.hel1.your-objectstorage.com/screenshots/evals/results-2026-08-11-full/playwright/189_vagamo.com_fares_NYC-LON_2026-09-07_LON-NYC_2026-09-14_adult-1_economy.png,FALSE,https://jsonify.hel1.your-objectstorage.com/screenshots/evals/results-2026-08-11-full/selenium/189_vagamo.com_fares_NYC-LON_2026-09-07_LON-NYC_2026-09-14_adult-1_economy.png,TRUE,TRUE
https://www.lufthansa.com/us/en/flight-search,https://jsonify.hel1.your-objectstorage.com/screenshots/ca492c1c-74ff-4fb0-848f-16688b594418.png,TRUE,https://jsonify.hel1.your-objectstorage.com/screenshots/evals/results-2026-08-11-full/bless/190_www.lufthansa.com_us_en_flight-search.png,TRUE,https://jsonify.hel1.your-objectstorage.com/screenshots/evals/results-2026-08-11-full/bbase/190_www.lufthansa.com_us_en_flight-search.png,TRUE,https://jsonify.hel1.your-objectstorage.com/screenshots/evals/results-2026-08-11-full/browseruse/190_www.lufthansa.com_us_en_flight-search.png,TRUE,https://jsonify.hel1.your-objectstorage.com/screenshots/evals/results-2026-08-11-full/firecrawl_browser/190_www.lufthansa.com_us_en_flight-search.png,TRUE,https://jsonify.hel1.your-objectstorage.com/screenshots/evals/results-2026-08-11-full/hyperbrowser/190_www.lufthansa.com_us_en_flight-search.png,FALSE,https://jsonify.hel1.your-objectstorage.com/screenshots/evals/results-2026-08-11-full/obscura/190_www.lufthansa.com_us_en_flight-search.png,FALSE,https://jsonify.hel1.your-objectstorage.com/screenshots/evals/results-2026-08-11-full/playwright/190_www.lufthansa.com_us_en_flight-search.png,FALSE,https://jsonify.hel1.your-objectstorage.com/screenshots/evals/results-2026-08-11-full/selenium/190_www.lufthansa.com_us_en_flight-search.png,FALSE,TRUE
https://www.ryanair.com/us/en/trip/flights/select?adults=1&teens=0&children=0&infants=0&dateOut=2026-09-09&dateIn=2026-09-14&discount=0&isReturn=true&promoCode=&originIata=HHN&destinationIata=STN&tpAdults=1&tpTeens=0&tpChildren=0&tpInfants=0&tpStartDate=2026-09-09&tpEndDate=2026-09-14&tpDiscount=0&tpPromoCode=&tpOriginIata=HHN&tpDestinationIata=STN,https://jsonify.hel1.your-objectstorage.com/screenshots/805e811c-9de8-428f-a6d3-6c689e038719.png,TRUE,https://jsonify.hel1.your-objectstorage.com/screenshots/evals/results-2026-08-11-full/bless/191_www.ryanair.com_us_en_trip_flights_select_adults_1_teens_0_children_0_infants_0_dateOut_2026-09-09_dat.png,TRUE,https://jsonify.hel1.your-objectstorage.com/screenshots/evals/results-2026-08-11-full/bbase/191_www.ryanair.com_us_en_trip_flights_select_adults_1_teens_0_children_0_infants_0_dateOut_2026-09-09_dat.png,TRUE,https://jsonify.hel1.your-objectstorage.com/screenshots/evals/results-2026-08-11-full/browseruse/191_www.ryanair.com_us_en_trip_flights_select_adults_1_teens_0_children_0_infants_0_dateOut_2026-09-09_dat.png,TRUE,https://jsonify.hel1.your-objectstorage.com/screenshots/evals/results-2026-08-11-full/firecrawl_browser/191_www.ryanair.com_us_en_trip_flights_select_adults_1_teens_0_children_0_infants_0_dateOut_2026-09-09_dat.png,TRUE,https://jsonify.hel1.your-objectstorage.com/screenshots/evals/results-2026-08-11-full/hyperbrowser/191_www.ryanair.com_us_en_trip_flights_select_adults_1_teens_0_children_0_infants_0_dateOut_2026-09-09_dat.png,TRUE,https://jsonify.hel1.your-objectstorage.com/screenshots/evals/results-2026-08-11-full/obscura/191_www.ryanair.com_us_en_trip_flights_select_adults_1_teens_0_children_0_infants_0_dateOut_2026-09-09_dat.png,TRUE,https://jsonify.hel1.your-objectstorage.com/screenshots/evals/results-2026-08-11-full/playwright/191_www.ryanair.com_us_en_trip_flights_select_adults_1_teens_0_children_0_infants_0_dateOut_2026-09-09_dat.png,TRUE,https://jsonify.hel1.your-objectstorage.com/screenshots/evals/results-2026-08-11-full/selenium/191_www.ryanair.com_us_en_trip_flights_select_adults_1_teens_0_children_0_infants_0_dateOut_2026-09-09_dat.png,TRUE,TRUE
https://www.emirates.com/booking/search-results/?searchRequest=eyJqb3VybmV5VHlwZSI6IlJFVFVSTiIsImJvb2tpbmdUeXBlIjoiUkVWRU5VRSIsInBhc3NlbmdlcnMiOlt7InR5cGUiOiJBRFQiLCJjb3VudCI6MX1dLCJzZWdtZW50cyI6W3siZGVwYXJ0dXJlIjoiRlJBIiwiYXJyaXZhbCI6IkFDQyIsInRyYXZlbERhdGUiOiIyMDI2LTA5LTA5IiwiY2FiaW5DbGFzcyI6IlkifSx7ImRlcGFydHVyZSI6IkFDQyIsImFycml2YWwiOiJGUkEiLCJ0cmF2ZWxEYXRlIjoiMjAyNi0xMC0xMiIsImNhYmluQ2xhc3MiOiJZIn1dLCJyZWZlcnJlciI6Ii9ib29raW5nL2Vycm9yIiwic291cmNlIjoiZXJyb3ItcGFnZSJ9&refreshId=689808&ttid=U38Pc2MzMxN0UnMHB2VmDW8hQRQzBDNUUwxvSwUjCHs%252FZmFH,https://jsonify.hel1.your-objectstorage.com/screenshots/39685c7f-c7c5-4987-a604-fe63a270bc54.png,FALSE,https://jsonify.hel1.your-objectstorage.com/screenshots/evals/results-2026-08-11-full/bless/192_www.emirates.com_booking_search-results_searchRequest_eyJqb3VybmV5VHlwZSI6IlJFVFVSTiIsImJvb2tpbmdUeX.png,FALSE,https://jsonify.hel1.your-objectstorage.com/screenshots/evals/results-2026-08-11-full/bbase/192_www.emirates.com_booking_search-results_searchRequest_eyJqb3VybmV5VHlwZSI6IlJFVFVSTiIsImJvb2tpbmdUeX.png,TRUE,https://jsonify.hel1.your-objectstorage.com/screenshots/evals/results-2026-08-11-full/browseruse/192_www.emirates.com_booking_search-results_searchRequest_eyJqb3VybmV5VHlwZSI6IlJFVFVSTiIsImJvb2tpbmdUeX.png,FALSE,https://jsonify.hel1.your-objectstorage.com/screenshots/evals/results-2026-08-11-full/firecrawl_browser/192_www.emirates.com_booking_search-results_searchRequest_eyJqb3VybmV5VHlwZSI6IlJFVFVSTiIsImJvb2tpbmdUeX.png,TRUE,https://jsonify.hel1.your-objectstorage.com/screenshots/evals/results-2026-08-11-full/hyperbrowser/192_www.emirates.com_booking_search-results_searchRequest_eyJqb3VybmV5VHlwZSI6IlJFVFVSTiIsImJvb2tpbmdUeX.png,FALSE,https://jsonify.hel1.your-objectstorage.com/screenshots/evals/results-2026-08-11-full/obscura/192_www.emirates.com_booking_search-results_searchRequest_eyJqb3VybmV5VHlwZSI6IlJFVFVSTiIsImJvb2tpbmdUeX.png,FALSE,https://jsonify.hel1.your-objectstorage.com/screenshots/evals/results-2026-08-11-full/playwright/192_www.emirates.com_booking_search-results_searchRequest_eyJqb3VybmV5VHlwZSI6IlJFVFVSTiIsImJvb2tpbmdUeX.png,FALSE,https://jsonify.hel1.your-objectstorage.com/screenshots/evals/results-2026-08-11-full/selenium/192_www.emirates.com_booking_search-results_searchRequest_eyJqb3VybmV5VHlwZSI6IlJFVFVSTiIsImJvb2tpbmdUeX.png,FALSE,TRUE
https://www.vividseats.com/search?query=taylor%20swift,https://jsonify.hel1.your-objectstorage.com/screenshots/8a98237d-fabb-4617-9c45-7bf9b7076d54.png,TRUE,https://jsonify.hel1.your-objectstorage.com/screenshots/evals/results-2026-08-11-full/bless/193_www.vividseats.com_search_query_taylor_20swift.png,TRUE,https://jsonify.hel1.your-objectstorage.com/screenshots/evals/results-2026-08-11-full/bbase/193_www.vividseats.com_search_query_taylor_20swift.png,TRUE,https://jsonify.hel1.your-objectstorage.com/screenshots/evals/results-2026-08-11-full/browseruse/193_www.vividseats.com_search_query_taylor_20swift.png,TRUE,https://jsonify.hel1.your-objectstorage.com/screenshots/evals/results-2026-08-11-full/firecrawl_browser/193_www.vividseats.com_search_query_taylor_20swift.png,TRUE,https://jsonify.hel1.your-objectstorage.com/screenshots/evals/results-2026-08-11-full/hyperbrowser/193_www.vividseats.com_search_query_taylor_20swift.png,TRUE,https://jsonify.hel1.your-objectstorage.com/screenshots/evals/results-2026-08-11-full/obscura/193_www.vividseats.com_search_query_taylor_20swift.png,FALSE,https://jsonify.hel1.your-objectstorage.com/screenshots/evals/results-2026-08-11-full/playwright/193_www.vividseats.com_search_query_taylor_20swift.png,TRUE,https://jsonify.hel1.your-objectstorage.com/screenshots/evals/results-2026-08-11-full/selenium/193_www.vividseats.com_search_query_taylor_20swift.png,TRUE,TRUE
https://www.axs.com/events,https://jsonify.hel1.your-objectstorage.com/screenshots/3ababd37-4763-4d2b-a721-1a9c4c686a55.png,TRUE,https://jsonify.hel1.your-objectstorage.com/screenshots/evals/results-2026-08-11-full/bless/194_www.axs.com_events.png,FALSE,https://jsonify.hel1.your-objectstorage.com/screenshots/evals/results-2026-08-11-full/bbase/194_www.axs.com_events.png,TRUE,https://jsonify.hel1.your-objectstorage.com/screenshots/evals/results-2026-08-11-full/browseruse/194_www.axs.com_events.png,TRUE,https://jsonify.hel1.your-objectstorage.com/screenshots/evals/results-2026-08-11-full/firecrawl_browser/194_www.axs.com_events.png,FALSE,https://jsonify.hel1.your-objectstorage.com/screenshots/evals/results-2026-08-11-full/hyperbrowser/194_www.axs.com_events.png,FALSE,https://jsonify.hel1.your-objectstorage.com/screenshots/evals/results-2026-08-11-full/obscura/194_www.axs.com_events.png,FALSE,https://jsonify.hel1.your-objectstorage.com/screenshots/evals/results-2026-08-11-full/playwright/194_www.axs.com_events.png,FALSE,https://jsonify.hel1.your-objectstorage.com/screenshots/evals/results-2026-08-11-full/selenium/194_www.axs.com_events.png,FALSE,TRUE
https://www.viagogo.com/Sports-Tickets,https://jsonify.hel1.your-objectstorage.com/screenshots/88f3ef97-0c10-4a12-a614-e8fdf21dd43f.png,TRUE,https://jsonify.hel1.your-objectstorage.com/screenshots/evals/results-2026-08-11-full/bless/195_www.viagogo.com_Sports-Tickets.png,TRUE,https://jsonify.hel1.your-objectstorage.com/screenshots/evals/results-2026-08-11-full/bbase/195_www.viagogo.com_Sports-Tickets.png,TRUE,https://jsonify.hel1.your-objectstorage.com/screenshots/evals/results-2026-08-11-full/browseruse/195_www.viagogo.com_Sports-Tickets.png,TRUE,https://jsonify.hel1.your-objectstorage.com/screenshots/evals/results-2026-08-11-full/firecrawl_browser/195_www.viagogo.com_Sports-Tickets.png,TRUE,https://jsonify.hel1.your-objectstorage.com/screenshots/evals/results-2026-08-11-full/hyperbrowser/195_www.viagogo.com_Sports-Tickets.png,FALSE,https://jsonify.hel1.your-objectstorage.com/screenshots/evals/results-2026-08-11-full/obscura/195_www.viagogo.com_Sports-Tickets.png,FALSE,https://jsonify.hel1.your-objectstorage.com/screenshots/evals/results-2026-08-11-full/playwright/195_www.viagogo.com_Sports-Tickets.png,TRUE,https://jsonify.hel1.your-objectstorage.com/screenshots/evals/results-2026-08-11-full/selenium/195_www.viagogo.com_Sports-Tickets.png,TRUE,TRUE
https://www.twickets.live/,https://jsonify.hel1.your-objectstorage.com/screenshots/54df948d-ee6a-4ca7-87bd-c7c406f9e05d.png,TRUE,https://jsonify.hel1.your-objectstorage.com/screenshots/evals/results-2026-08-11-full/bless/196_www.twickets.live_home.png,TRUE,https://jsonify.hel1.your-objectstorage.com/screenshots/evals/results-2026-08-11-full/bbase/196_www.twickets.live_home.png,TRUE,https://jsonify.hel1.your-objectstorage.com/screenshots/evals/results-2026-08-11-full/browseruse/196_www.twickets.live_home.png,TRUE,https://jsonify.hel1.your-objectstorage.com/screenshots/evals/results-2026-08-11-full/firecrawl_browser/196_www.twickets.live_home.png,TRUE,https://jsonify.hel1.your-objectstorage.com/screenshots/evals/results-2026-08-11-full/hyperbrowser/196_www.twickets.live_home.png,TRUE,https://jsonify.hel1.your-objectstorage.com/screenshots/evals/results-2026-08-11-full/obscura/196_www.twickets.live_home.png,TRUE,https://jsonify.hel1.your-objectstorage.com/screenshots/evals/results-2026-08-11-full/playwright/196_www.twickets.live_home.png,FALSE,https://jsonify.hel1.your-objectstorage.com/screenshots/evals/results-2026-08-11-full/selenium/196_www.twickets.live_home.png,FALSE,TRUE
https://www.ticketnetwork.com/en/search?text=nba,https://jsonify.hel1.your-objectstorage.com/screenshots/acc67261-530f-44a4-aff9-a48216825399.png,TRUE,https://jsonify.hel1.your-objectstorage.com/screenshots/evals/results-2026-08-11-full/bless/197_www.ticketnetwork.com_en_search_text_nba.png,TRUE,https://jsonify.hel1.your-objectstorage.com/screenshots/evals/results-2026-08-11-full/bbase/197_www.ticketnetwork.com_en_search_text_nba.png,TRUE,https://jsonify.hel1.your-objectstorage.com/screenshots/evals/results-2026-08-11-full/browseruse/197_www.ticketnetwork.com_en_search_text_nba.png,TRUE,https://jsonify.hel1.your-objectstorage.com/screenshots/evals/results-2026-08-11-full/firecrawl_browser/197_www.ticketnetwork.com_en_search_text_nba.png,FALSE,https://jsonify.hel1.your-objectstorage.com/screenshots/evals/results-2026-08-11-full/hyperbrowser/197_www.ticketnetwork.com_en_search_text_nba.png,TRUE,https://jsonify.hel1.your-objectstorage.com/screenshots/evals/results-2026-08-11-full/obscura/197_www.ticketnetwork.com_en_search_text_nba.png,FALSE,https://jsonify.hel1.your-objectstorage.com/screenshots/evals/results-2026-08-11-full/playwright/197_www.ticketnetwork.com_en_search_text_nba.png,TRUE,https://jsonify.hel1.your-objectstorage.com/screenshots/evals/results-2026-08-11-full/selenium/197_www.ticketnetwork.com_en_search_text_nba.png,TRUE,TRUE
https://www.tickpick.com/,https://jsonify.hel1.your-objectstorage.com/screenshots/705e7970-d48b-4a90-aaf7-393c3a2db10c.png,TRUE,https://jsonify.hel1.your-objectstorage.com/screenshots/evals/results-2026-08-11-full/bless/198_www.tickpick.com_home.png,TRUE,https://jsonify.hel1.your-objectstorage.com/screenshots/evals/results-2026-08-11-full/bbase/198_www.tickpick.com_home.png,TRUE,https://jsonify.hel1.your-objectstorage.com/screenshots/evals/results-2026-08-11-full/browseruse/198_www.tickpick.com_home.png,TRUE,https://jsonify.hel1.your-objectstorage.com/screenshots/evals/results-2026-08-11-full/firecrawl_browser/198_www.tickpick.com_home.png,TRUE,https://jsonify.hel1.your-objectstorage.com/screenshots/evals/results-2026-08-11-full/hyperbrowser/198_www.tickpick.com_home.png,TRUE,https://jsonify.hel1.your-objectstorage.com/screenshots/evals/results-2026-08-11-full/obscura/198_www.tickpick.com_home.png,TRUE,https://jsonify.hel1.your-objectstorage.com/screenshots/evals/results-2026-08-11-full/playwright/198_www.tickpick.com_home.png,FALSE,https://jsonify.hel1.your-objectstorage.com/screenshots/evals/results-2026-08-11-full/selenium/198_www.tickpick.com_home.png,FALSE,TRUE
https://www.livenation.com/events,https://jsonify.hel1.your-objectstorage.com/screenshots/e0008a74-103f-41c3-898f-b45da69f536a.png,TRUE,https://jsonify.hel1.your-objectstorage.com/screenshots/evals/results-2026-08-11-full/bless/199_www.livenation.com_events.png,TRUE,https://jsonify.hel1.your-objectstorage.com/screenshots/evals/results-2026-08-11-full/bbase/199_www.livenation.com_events.png,TRUE,https://jsonify.hel1.your-objectstorage.com/screenshots/evals/results-2026-08-11-full/browseruse/199_www.livenation.com_events.png,TRUE,https://jsonify.hel1.your-objectstorage.com/screenshots/evals/results-2026-08-11-full/firecrawl_browser/199_www.livenation.com_events.png,TRUE,https://jsonify.hel1.your-objectstorage.com/screenshots/evals/results-2026-08-11-full/hyperbrowser/199_www.livenation.com_events.png,TRUE,,FALSE,https://jsonify.hel1.your-objectstorage.com/screenshots/evals/results-2026-08-11-full/playwright/199_www.livenation.com_events.png,TRUE,https://jsonify.hel1.your-objectstorage.com/screenshots/evals/results-2026-08-11-full/selenium/199_www.livenation.com_events.png,TRUE,TRUE
https://www.ticketweb.com/events/thisweek,https://jsonify.hel1.your-objectstorage.com/screenshots/fdc18abb-e38b-4637-b164-95782f1e9f62.png,TRUE,https://jsonify.hel1.your-objectstorage.com/screenshots/evals/results-2026-08-11-full/bless/200_www.ticketweb.com_events_thisweek.png,TRUE,https://jsonify.hel1.your-objectstorage.com/screenshots/evals/results-2026-08-11-full/bbase/200_www.ticketweb.com_events_thisweek.png,TRUE,https://jsonify.hel1.your-objectstorage.com/screenshots/evals/results-2026-08-11-full/browseruse/200_www.ticketweb.com_events_thisweek.png,TRUE,https://jsonify.hel1.your-objectstorage.com/screenshots/evals/results-2026-08-11-full/firecrawl_browser/200_www.ticketweb.com_events_thisweek.png,TRUE,https://jsonify.hel1.your-objectstorage.com/screenshots/evals/results-2026-08-11-full/hyperbrowser/200_www.ticketweb.com_events_thisweek.png,TRUE,https://jsonify.hel1.your-objectstorage.com/screenshots/evals/results-2026-08-11-full/obscura/200_www.ticketweb.com_events_thisweek.png,TRUE,https://jsonify.hel1.your-objectstorage.com/screenshots/evals/results-2026-08-11-full/playwright/200_www.ticketweb.com_events_thisweek.png,FALSE,https://jsonify.hel1.your-objectstorage.com/screenshots/evals/results-2026-08-11-full/selenium/200_www.ticketweb.com_events_thisweek.png,FALSE,TRUE
https://www.eventim.com/en/,https://jsonify.hel1.your-objectstorage.com/screenshots/97f6e72b-0e25-4244-88a9-703a67c81fe6.png,TRUE,https://jsonify.hel1.your-objectstorage.com/screenshots/evals/results-2026-08-11-full/bless/201_www.eventim.com_en.png,TRUE,https://jsonify.hel1.your-objectstorage.com/screenshots/evals/results-2026-08-11-full/bbase/201_www.eventim.com_en.png,TRUE,https://jsonify.hel1.your-objectstorage.com/screenshots/evals/results-2026-08-11-full/browseruse/201_www.eventim.com_en.png,TRUE,https://jsonify.hel1.your-objectstorage.com/screenshots/evals/results-2026-08-11-full/firecrawl_browser/201_www.eventim.com_en.png,TRUE,https://jsonify.hel1.your-objectstorage.com/screenshots/evals/results-2026-08-11-full/hyperbrowser/201_www.eventim.com_en.png,TRUE,https://jsonify.hel1.your-objectstorage.com/screenshots/evals/results-2026-08-11-full/obscura/201_www.eventim.com_en.png,TRUE,https://jsonify.hel1.your-objectstorage.com/screenshots/evals/results-2026-08-11-full/playwright/201_www.eventim.com_en.png,FALSE,https://jsonify.hel1.your-objectstorage.com/screenshots/evals/results-2026-08-11-full/selenium/201_www.eventim.com_en.png,FALSE,TRUE
https://seatpick.com/nba-tickets,https://jsonify.hel1.your-objectstorage.com/screenshots/e4033041-4b57-4f41-8c14-766eaeade4d4.png,TRUE,https://jsonify.hel1.your-objectstorage.com/screenshots/evals/results-2026-08-11-full/bless/202_seatpick.com_nba-tickets.png,TRUE,https://jsonify.hel1.your-objectstorage.com/screenshots/evals/results-2026-08-11-full/bbase/202_seatpick.com_nba-tickets.png,TRUE,https://jsonify.hel1.your-objectstorage.com/screenshots/evals/results-2026-08-11-full/browseruse/202_seatpick.com_nba-tickets.png,FALSE,https://jsonify.hel1.your-objectstorage.com/screenshots/evals/results-2026-08-11-full/firecrawl_browser/202_seatpick.com_nba-tickets.png,TRUE,https://jsonify.hel1.your-objectstorage.com/screenshots/evals/results-2026-08-11-full/hyperbrowser/202_seatpick.com_nba-tickets.png,TRUE,https://jsonify.hel1.your-objectstorage.com/screenshots/evals/results-2026-08-11-full/obscura/202_seatpick.com_nba-tickets.png,FALSE,https://jsonify.hel1.your-objectstorage.com/screenshots/evals/results-2026-08-11-full/playwright/202_seatpick.com_nba-tickets.png,FALSE,https://jsonify.hel1.your-objectstorage.com/screenshots/evals/results-2026-08-11-full/selenium/202_seatpick.com_nba-tickets.png,FALSE,TRUE
https://dice.fm/browse,https://jsonify.hel1.your-objectstorage.com/screenshots/fffc0c13-197e-48f6-afd4-60b069f5d9e5.png,TRUE,https://jsonify.hel1.your-objectstorage.com/screenshots/evals/results-2026-08-11-full/bless/203_dice.fm_browse.png,TRUE,https://jsonify.hel1.your-objectstorage.com/screenshots/evals/results-2026-08-11-full/bbase/203_dice.fm_browse.png,TRUE,https://jsonify.hel1.your-objectstorage.com/screenshots/evals/results-2026-08-11-full/browseruse/203_dice.fm_browse.png,FALSE,https://jsonify.hel1.your-objectstorage.com/screenshots/evals/results-2026-08-11-full/firecrawl_browser/203_dice.fm_browse.png,TRUE,https://jsonify.hel1.your-objectstorage.com/screenshots/evals/results-2026-08-11-full/hyperbrowser/203_dice.fm_browse.png,FALSE,https://jsonify.hel1.your-objectstorage.com/screenshots/evals/results-2026-08-11-full/obscura/203_dice.fm_browse.png,TRUE,https://jsonify.hel1.your-objectstorage.com/screenshots/evals/results-2026-08-11-full/playwright/203_dice.fm_browse.png,FALSE,https://jsonify.hel1.your-objectstorage.com/screenshots/evals/results-2026-08-11-full/selenium/203_dice.fm_browse.png,FALSE,TRUE
https://www.bestbuy.com/site/searchpage.jsp?st=laptop,https://jsonify.hel1.your-objectstorage.com/screenshots/56361640-1e8d-447c-9848-66a43e3ba9bc.png,TRUE,https://jsonify.hel1.your-objectstorage.com/screenshots/evals/results-2026-08-11-full/bless/204_www.bestbuy.com_site_searchpage.jsp_st_laptop.png,FALSE,https://jsonify.hel1.your-objectstorage.com/screenshots/evals/results-2026-08-11-full/bbase/204_www.bestbuy.com_site_searchpage.jsp_st_laptop.png,TRUE,https://jsonify.hel1.your-objectstorage.com/screenshots/evals/results-2026-08-11-full/browseruse/204_www.bestbuy.com_site_searchpage.jsp_st_laptop.png,TRUE,https://jsonify.hel1.your-objectstorage.com/screenshots/evals/results-2026-08-11-full/firecrawl_browser/204_www.bestbuy.com_site_searchpage.jsp_st_laptop.png,TRUE,https://jsonify.hel1.your-objectstorage.com/screenshots/evals/results-2026-08-11-full/hyperbrowser/204_www.bestbuy.com_site_searchpage.jsp_st_laptop.png,TRUE,https://jsonify.hel1.your-objectstorage.com/screenshots/evals/results-2026-08-11-full/obscura/204_www.bestbuy.com_site_searchpage.jsp_st_laptop.png,FALSE,https://jsonify.hel1.your-objectstorage.com/screenshots/evals/results-2026-08-11-full/playwright/204_www.bestbuy.com_site_searchpage.jsp_st_laptop.png,TRUE,https://jsonify.hel1.your-objectstorage.com/screenshots/evals/results-2026-08-11-full/selenium/204_www.bestbuy.com_site_searchpage.jsp_st_laptop.png,TRUE,TRUE
https://www.newegg.com/p/pl?d=rtx+4090,https://jsonify.hel1.your-objectstorage.com/screenshots/bc1e50eb-3fb9-471f-9a66-ee19757cb235.png,TRUE,https://jsonify.hel1.your-objectstorage.com/screenshots/evals/results-2026-08-11-full/bless/205_www.newegg.com_p_pl_d_rtx_4090.png,FALSE,https://jsonify.hel1.your-objectstorage.com/screenshots/evals/results-2026-08-11-full/bbase/205_www.newegg.com_p_pl_d_rtx_4090.png,FALSE,https://jsonify.hel1.your-objectstorage.com/screenshots/evals/results-2026-08-11-full/browseruse/205_www.newegg.com_p_pl_d_rtx_4090.png,FALSE,https://jsonify.hel1.your-objectstorage.com/screenshots/evals/results-2026-08-11-full/firecrawl_browser/205_www.newegg.com_p_pl_d_rtx_4090.png,FALSE,https://jsonify.hel1.your-objectstorage.com/screenshots/evals/results-2026-08-11-full/hyperbrowser/205_www.newegg.com_p_pl_d_rtx_4090.png,FALSE,,FALSE,https://jsonify.hel1.your-objectstorage.com/screenshots/evals/results-2026-08-11-full/playwright/205_www.newegg.com_p_pl_d_rtx_4090.png,TRUE,https://jsonify.hel1.your-objectstorage.com/screenshots/evals/results-2026-08-11-full/selenium/205_www.newegg.com_p_pl_d_rtx_4090.png,TRUE,TRUE
https://www.ikea.com/us/en/cat/sofas-fu003/,https://jsonify.hel1.your-objectstorage.com/screenshots/3904d2f6-7a01-4be7-bfbd-af725f571fe7.png,TRUE,https://jsonify.hel1.your-objectstorage.com/screenshots/evals/results-2026-08-11-full/bless/206_www.ikea.com_us_en_cat_sofas-fu003.png,TRUE,https://jsonify.hel1.your-objectstorage.com/screenshots/evals/results-2026-08-11-full/bbase/206_www.ikea.com_us_en_cat_sofas-fu003.png,TRUE,https://jsonify.hel1.your-objectstorage.com/screenshots/evals/results-2026-08-11-full/browseruse/206_www.ikea.com_us_en_cat_sofas-fu003.png,TRUE,https://jsonify.hel1.your-objectstorage.com/screenshots/evals/results-2026-08-11-full/firecrawl_browser/206_www.ikea.com_us_en_cat_sofas-fu003.png,TRUE,https://jsonify.hel1.your-objectstorage.com/screenshots/evals/results-2026-08-11-full/hyperbrowser/206_www.ikea.com_us_en_cat_sofas-fu003.png,TRUE,,FALSE,https://jsonify.hel1.your-objectstorage.com/screenshots/evals/results-2026-08-11-full/playwright/206_www.ikea.com_us_en_cat_sofas-fu003.png,TRUE,https://jsonify.hel1.your-objectstorage.com/screenshots/evals/results-2026-08-11-full/selenium/206_www.ikea.com_us_en_cat_sofas-fu003.png,TRUE,TRUE
https://www.zara.com/us/en/man-l855.html,https://jsonify.hel1.your-objectstorage.com/screenshots/7c2f3afb-c8df-4f5c-9a7b-4cd929493116.png,TRUE,https://jsonify.hel1.your-objectstorage.com/screenshots/evals/results-2026-08-11-full/bless/207_www.zara.com_us_en_man-l855.html.png,TRUE,https://jsonify.hel1.your-objectstorage.com/screenshots/evals/results-2026-08-11-full/bbase/207_www.zara.com_us_en_man-l855.html.png,TRUE,https://jsonify.hel1.your-objectstorage.com/screenshots/evals/results-2026-08-11-full/browseruse/207_www.zara.com_us_en_man-l855.html.png,TRUE,https://jsonify.hel1.your-objectstorage.com/screenshots/evals/results-2026-08-11-full/firecrawl_browser/207_www.zara.com_us_en_man-l855.html.png,TRUE,https://jsonify.hel1.your-objectstorage.com/screenshots/evals/results-2026-08-11-full/hyperbrowser/207_www.zara.com_us_en_man-l855.html.png,TRUE,https://jsonify.hel1.your-objectstorage.com/screenshots/evals/results-2026-08-11-full/obscura/207_www.zara.com_us_en_man-l855.html.png,FALSE,https://jsonify.hel1.your-objectstorage.com/screenshots/evals/results-2026-08-11-full/playwright/207_www.zara.com_us_en_man-l855.html.png,FALSE,https://jsonify.hel1.your-objectstorage.com/screenshots/evals/results-2026-08-11-full/selenium/207_www.zara.com_us_en_man-l855.html.png,FALSE,TRUE
https://www.nike.com/w/mens-shoes-nik1zy7ok,https://jsonify.hel1.your-objectstorage.com/screenshots/cc9fb751-02ad-49d7-90af-9caa4e766ed9.png,TRUE,https://jsonify.hel1.your-objectstorage.com/screenshots/evals/results-2026-08-11-full/bless/208_www.nike.com_w_mens-shoes-nik1zy7ok.png,TRUE,https://jsonify.hel1.your-objectstorage.com/screenshots/evals/results-2026-08-11-full/bbase/208_www.nike.com_w_mens-shoes-nik1zy7ok.png,TRUE,https://jsonify.hel1.your-objectstorage.com/screenshots/evals/results-2026-08-11-full/browseruse/208_www.nike.com_w_mens-shoes-nik1zy7ok.png,TRUE,https://jsonify.hel1.your-objectstorage.com/screenshots/evals/results-2026-08-11-full/firecrawl_browser/208_www.nike.com_w_mens-shoes-nik1zy7ok.png,TRUE,https://jsonify.hel1.your-objectstorage.com/screenshots/evals/results-2026-08-11-full/hyperbrowser/208_www.nike.com_w_mens-shoes-nik1zy7ok.png,TRUE,https://jsonify.hel1.your-objectstorage.com/screenshots/evals/results-2026-08-11-full/obscura/208_www.nike.com_w_mens-shoes-nik1zy7ok.png,FALSE,https://jsonify.hel1.your-objectstorage.com/screenshots/evals/results-2026-08-11-full/playwright/208_www.nike.com_w_mens-shoes-nik1zy7ok.png,TRUE,https://jsonify.hel1.your-objectstorage.com/screenshots/evals/results-2026-08-11-full/selenium/208_www.nike.com_w_mens-shoes-nik1zy7ok.png,TRUE,TRUE
https://www2.hm.com/en_us/men/products/shirts.html,https://jsonify.hel1.your-objectstorage.com/screenshots/f7867c2a-cdd3-491a-8dfd-b4f1fbb37f51.png,TRUE,https://jsonify.hel1.your-objectstorage.com/screenshots/evals/results-2026-08-11-full/bless/209_www2.hm.com_en_us_men_products_shirts.html.png,TRUE,https://jsonify.hel1.your-objectstorage.com/screenshots/evals/results-2026-08-11-full/bbase/209_www2.hm.com_en_us_men_products_shirts.html.png,TRUE,https://jsonify.hel1.your-objectstorage.com/screenshots/evals/results-2026-08-11-full/browseruse/209_www2.hm.com_en_us_men_products_shirts.html.png,TRUE,https://jsonify.hel1.your-objectstorage.com/screenshots/evals/results-2026-08-11-full/firecrawl_browser/209_www2.hm.com_en_us_men_products_shirts.html.png,TRUE,https://jsonify.hel1.your-objectstorage.com/screenshots/evals/results-2026-08-11-full/hyperbrowser/209_www2.hm.com_en_us_men_products_shirts.html.png,TRUE,https://jsonify.hel1.your-objectstorage.com/screenshots/evals/results-2026-08-11-full/obscura/209_www2.hm.com_en_us_men_products_shirts.html.png,TRUE,https://jsonify.hel1.your-objectstorage.com/screenshots/evals/results-2026-08-11-full/playwright/209_www2.hm.com_en_us_men_products_shirts.html.png,FALSE,https://jsonify.hel1.your-objectstorage.com/screenshots/evals/results-2026-08-11-full/selenium/209_www2.hm.com_en_us_men_products_shirts.html.png,FALSE,TRUE
https://www.macys.com/shop/mens-clothing?id=1,https://jsonify.hel1.your-objectstorage.com/screenshots/c635f277-8e13-4833-b99e-77c2ee709d37.png,TRUE,https://jsonify.hel1.your-objectstorage.com/screenshots/evals/results-2026-08-11-full/bless/210_www.macys.com_shop_mens-clothing_id_1.png,TRUE,https://jsonify.hel1.your-objectstorage.com/screenshots/evals/results-2026-08-11-full/bbase/210_www.macys.com_shop_mens-clothing_id_1.png,TRUE,https://jsonify.hel1.your-objectstorage.com/screenshots/evals/results-2026-08-11-full/browseruse/210_www.macys.com_shop_mens-clothing_id_1.png,TRUE,https://jsonify.hel1.your-objectstorage.com/screenshots/evals/results-2026-08-11-full/firecrawl_browser/210_www.macys.com_shop_mens-clothing_id_1.png,TRUE,https://jsonify.hel1.your-objectstorage.com/screenshots/evals/results-2026-08-11-full/hyperbrowser/210_www.macys.com_shop_mens-clothing_id_1.png,TRUE,https://jsonify.hel1.your-objectstorage.com/screenshots/evals/results-2026-08-11-full/obscura/210_www.macys.com_shop_mens-clothing_id_1.png,TRUE,https://jsonify.hel1.your-objectstorage.com/screenshots/evals/results-2026-08-11-full/playwright/210_www.macys.com_shop_mens-clothing_id_1.png,FALSE,https://jsonify.hel1.your-objectstorage.com/screenshots/evals/results-2026-08-11-full/selenium/210_www.macys.com_shop_mens-clothing_id_1.png,FALSE,TRUE
https://www.nordstrom.com/browse/men/clothing,https://jsonify.hel1.your-objectstorage.com/screenshots/e70e2a75-75a7-4a19-9be0-4a28b2989e08.png,TRUE,https://jsonify.hel1.your-objectstorage.com/screenshots/evals/results-2026-08-11-full/bless/211_www.nordstrom.com_browse_men_clothing.png,TRUE,https://jsonify.hel1.your-objectstorage.com/screenshots/evals/results-2026-08-11-full/bbase/211_www.nordstrom.com_browse_men_clothing.png,TRUE,https://jsonify.hel1.your-objectstorage.com/screenshots/evals/results-2026-08-11-full/browseruse/211_www.nordstrom.com_browse_men_clothing.png,TRUE,https://jsonify.hel1.your-objectstorage.com/screenshots/evals/results-2026-08-11-full/firecrawl_browser/211_www.nordstrom.com_browse_men_clothing.png,TRUE,https://jsonify.hel1.your-objectstorage.com/screenshots/evals/results-2026-08-11-full/hyperbrowser/211_www.nordstrom.com_browse_men_clothing.png,TRUE,https://jsonify.hel1.your-objectstorage.com/screenshots/evals/results-2026-08-11-full/obscura/211_www.nordstrom.com_browse_men_clothing.png,FALSE,https://jsonify.hel1.your-objectstorage.com/screenshots/evals/results-2026-08-11-full/playwright/211_www.nordstrom.com_browse_men_clothing.png,FALSE,https://jsonify.hel1.your-objectstorage.com/screenshots/evals/results-2026-08-11-full/selenium/211_www.nordstrom.com_browse_men_clothing.png,FALSE,TRUE
https://www.kohls.com/catalog/juniors-preppy-sport.jsp?CN=Gender:Juniors+Trend:Preppy%20Sport&BST=7863177&icid=hpmf-micro-vintagevarsity,https://jsonify.hel1.your-objectstorage.com/screenshots/6a9bbcf6-0d74-4168-806f-3ce0c7c1ec1f.png,FALSE,https://jsonify.hel1.your-objectstorage.com/screenshots/evals/results-2026-08-11-full/bless/212_www.kohls.com_catalog_juniors-preppy-sport.jsp_CN_Gender_Juniors_Trend_Preppy_20Sport_BST_7863177_icid_hpmf.png,TRUE,https://jsonify.hel1.your-objectstorage.com/screenshots/evals/results-2026-08-11-full/bbase/212_www.kohls.com_catalog_juniors-preppy-sport.jsp_CN_Gender_Juniors_Trend_Preppy_20Sport_BST_7863177_icid_hpmf.png,FALSE,https://jsonify.hel1.your-objectstorage.com/screenshots/evals/results-2026-08-11-full/browseruse/212_www.kohls.com_catalog_juniors-preppy-sport.jsp_CN_Gender_Juniors_Trend_Preppy_20Sport_BST_7863177_icid_hpmf.png,TRUE,https://jsonify.hel1.your-objectstorage.com/screenshots/evals/results-2026-08-11-full/firecrawl_browser/212_www.kohls.com_catalog_juniors-preppy-sport.jsp_CN_Gender_Juniors_Trend_Preppy_20Sport_BST_7863177_icid_hpmf.png,FALSE,https://jsonify.hel1.your-objectstorage.com/screenshots/evals/results-2026-08-11-full/hyperbrowser/212_www.kohls.com_catalog_juniors-preppy-sport.jsp_CN_Gender_Juniors_Trend_Preppy_20Sport_BST_7863177_icid_hpmf.png,FALSE,https://jsonify.hel1.your-objectstorage.com/screenshots/evals/results-2026-08-11-full/obscura/212_www.kohls.com_catalog_juniors-preppy-sport.jsp_CN_Gender_Juniors_Trend_Preppy_20Sport_BST_7863177_icid_hpmf.png,FALSE,https://jsonify.hel1.your-objectstorage.com/screenshots/evals/results-2026-08-11-full/playwright/212_www.kohls.com_catalog_juniors-preppy-sport.jsp_CN_Gender_Juniors_Trend_Preppy_20Sport_BST_7863177_icid_hpmf.png,FALSE,https://jsonify.hel1.your-objectstorage.com/screenshots/evals/results-2026-08-11-full/selenium/212_www.kohls.com_catalog_juniors-preppy-sport.jsp_CN_Gender_Juniors_Trend_Preppy_20Sport_BST_7863177_icid_hpmf.png,FALSE,TRUE
https://www.jcpenney.com/g/men/mens-shirts?id=cat100240025,https://jsonify.hel1.your-objectstorage.com/screenshots/72f0699c-4cb4-4e02-8b05-304c3cc1d5a5.png,TRUE,https://jsonify.hel1.your-objectstorage.com/screenshots/evals/results-2026-08-11-full/bless/213_www.jcpenney.com_g_men_mens-shirts_id_cat100240025.png,FALSE,https://jsonify.hel1.your-objectstorage.com/screenshots/evals/results-2026-08-11-full/bbase/213_www.jcpenney.com_g_men_mens-shirts_id_cat100240025.png,TRUE,https://jsonify.hel1.your-objectstorage.com/screenshots/evals/results-2026-08-11-full/browseruse/213_www.jcpenney.com_g_men_mens-shirts_id_cat100240025.png,TRUE,https://jsonify.hel1.your-objectstorage.com/screenshots/evals/results-2026-08-11-full/firecrawl_browser/213_www.jcpenney.com_g_men_mens-shirts_id_cat100240025.png,TRUE,https://jsonify.hel1.your-objectstorage.com/screenshots/evals/results-2026-08-11-full/hyperbrowser/213_www.jcpenney.com_g_men_mens-shirts_id_cat100240025.png,TRUE,https://jsonify.hel1.your-objectstorage.com/screenshots/evals/results-2026-08-11-full/obscura/213_www.jcpenney.com_g_men_mens-shirts_id_cat100240025.png,FALSE,https://jsonify.hel1.your-objectstorage.com/screenshots/evals/results-2026-08-11-full/playwright/213_www.jcpenney.com_g_men_mens-shirts_id_cat100240025.png,FALSE,https://jsonify.hel1.your-objectstorage.com/screenshots/evals/results-2026-08-11-full/selenium/213_www.jcpenney.com_g_men_mens-shirts_id_cat100240025.png,FALSE,TRUE
https://www.samsclub.com/s/laptop,https://jsonify.hel1.your-objectstorage.com/screenshots/e44a9af7-57c0-4492-82cd-70f458012b3c.png,FALSE,https://jsonify.hel1.your-objectstorage.com/screenshots/evals/results-2026-08-11-full/bless/214_www.samsclub.com_s_laptop.png,TRUE,https://jsonify.hel1.your-objectstorage.com/screenshots/evals/results-2026-08-11-full/bbase/214_www.samsclub.com_s_laptop.png,FALSE,https://jsonify.hel1.your-objectstorage.com/screenshots/evals/results-2026-08-11-full/browseruse/214_www.samsclub.com_s_laptop.png,TRUE,https://jsonify.hel1.your-objectstorage.com/screenshots/evals/results-2026-08-11-full/firecrawl_browser/214_www.samsclub.com_s_laptop.png,FALSE,https://jsonify.hel1.your-objectstorage.com/screenshots/evals/results-2026-08-11-full/hyperbrowser/214_www.samsclub.com_s_laptop.png,FALSE,https://jsonify.hel1.your-objectstorage.com/screenshots/evals/results-2026-08-11-full/obscura/214_www.samsclub.com_s_laptop.png,TRUE,https://jsonify.hel1.your-objectstorage.com/screenshots/evals/results-2026-08-11-full/playwright/214_www.samsclub.com_s_laptop.png,FALSE,https://jsonify.hel1.your-objectstorage.com/screenshots/evals/results-2026-08-11-full/selenium/214_www.samsclub.com_s_laptop.png,FALSE,TRUE
https://www.walgreens.com/search/results.jsp?Ntt=vitamins,https://jsonify.hel1.your-objectstorage.com/screenshots/ddb58ff8-9eb9-4277-81f3-a208de413e44.png,TRUE,https://jsonify.hel1.your-objectstorage.com/screenshots/evals/results-2026-08-11-full/bless/215_www.walgreens.com_search_results.jsp_Ntt_vitamins.png,TRUE,https://jsonify.hel1.your-objectstorage.com/screenshots/evals/results-2026-08-11-full/bbase/215_www.walgreens.com_search_results.jsp_Ntt_vitamins.png,TRUE,https://jsonify.hel1.your-objectstorage.com/screenshots/evals/results-2026-08-11-full/browseruse/215_www.walgreens.com_search_results.jsp_Ntt_vitamins.png,TRUE,https://jsonify.hel1.your-objectstorage.com/screenshots/evals/results-2026-08-11-full/firecrawl_browser/215_www.walgreens.com_search_results.jsp_Ntt_vitamins.png,TRUE,https://jsonify.hel1.your-objectstorage.com/screenshots/evals/results-2026-08-11-full/hyperbrowser/215_www.walgreens.com_search_results.jsp_Ntt_vitamins.png,TRUE,https://jsonify.hel1.your-objectstorage.com/screenshots/evals/results-2026-08-11-full/obscura/215_www.walgreens.com_search_results.jsp_Ntt_vitamins.png,FALSE,https://jsonify.hel1.your-objectstorage.com/screenshots/evals/results-2026-08-11-full/playwright/215_www.walgreens.com_search_results.jsp_Ntt_vitamins.png,TRUE,https://jsonify.hel1.your-objectstorage.com/screenshots/evals/results-2026-08-11-full/selenium/215_www.walgreens.com_search_results.jsp_Ntt_vitamins.png,TRUE,TRUE
https://www.cvs.com/shop/shop-all,https://jsonify.hel1.your-objectstorage.com/screenshots/5e52e25d-1c49-4547-9584-98a06f89e9e5.png,FALSE,https://jsonify.hel1.your-objectstorage.com/screenshots/evals/results-2026-08-11-full/bless/216_www.cvs.com_shop_shop-all.png,FALSE,https://jsonify.hel1.your-objectstorage.com/screenshots/evals/results-2026-08-11-full/bbase/216_www.cvs.com_shop_shop-all.png,FALSE,https://jsonify.hel1.your-objectstorage.com/screenshots/evals/results-2026-08-11-full/browseruse/216_www.cvs.com_shop_shop-all.png,FALSE,https://jsonify.hel1.your-objectstorage.com/screenshots/evals/results-2026-08-11-full/firecrawl_browser/216_www.cvs.com_shop_shop-all.png,FALSE,https://jsonify.hel1.your-objectstorage.com/screenshots/evals/results-2026-08-11-full/hyperbrowser/216_www.cvs.com_shop_shop-all.png,FALSE,https://jsonify.hel1.your-objectstorage.com/screenshots/evals/results-2026-08-11-full/obscura/216_www.cvs.com_shop_shop-all.png,FALSE,https://jsonify.hel1.your-objectstorage.com/screenshots/evals/results-2026-08-11-full/playwright/216_www.cvs.com_shop_shop-all.png,FALSE,https://jsonify.hel1.your-objectstorage.com/screenshots/evals/results-2026-08-11-full/selenium/216_www.cvs.com_shop_shop-all.png,FALSE,TRUE
https://riteaid.com/tests,https://jsonify.hel1.your-objectstorage.com/screenshots/e2d7e4cc-4b52-4f77-97e9-648098684e7c.png,TRUE,https://jsonify.hel1.your-objectstorage.com/screenshots/evals/results-2026-08-11-full/bless/217_riteaid.com_tests.png,FALSE,https://jsonify.hel1.your-objectstorage.com/screenshots/evals/results-2026-08-11-full/bbase/217_riteaid.com_tests.png,TRUE,https://jsonify.hel1.your-objectstorage.com/screenshots/evals/results-2026-08-11-full/browseruse/217_riteaid.com_tests.png,TRUE,https://jsonify.hel1.your-objectstorage.com/screenshots/evals/results-2026-08-11-full/firecrawl_browser/217_riteaid.com_tests.png,TRUE,https://jsonify.hel1.your-objectstorage.com/screenshots/evals/results-2026-08-11-full/hyperbrowser/217_riteaid.com_tests.png,TRUE,https://jsonify.hel1.your-objectstorage.com/screenshots/evals/results-2026-08-11-full/obscura/217_riteaid.com_tests.png,TRUE,https://jsonify.hel1.your-objectstorage.com/screenshots/evals/results-2026-08-11-full/playwright/217_riteaid.com_tests.png,TRUE,https://jsonify.hel1.your-objectstorage.com/screenshots/evals/results-2026-08-11-full/selenium/217_riteaid.com_tests.png,TRUE,TRUE
https://www.sephora.com/shop/makeup-cosmetics,https://jsonify.hel1.your-objectstorage.com/screenshots/db2bba96-0a8b-4ef7-a129-b9159ab16902.png,TRUE,https://jsonify.hel1.your-objectstorage.com/screenshots/evals/results-2026-08-11-full/bless/218_www.sephora.com_shop_makeup-cosmetics.png,TRUE,https://jsonify.hel1.your-objectstorage.com/screenshots/evals/results-2026-08-11-full/bbase/218_www.sephora.com_shop_makeup-cosmetics.png,FALSE,https://jsonify.hel1.your-objectstorage.com/screenshots/evals/results-2026-08-11-full/browseruse/218_www.sephora.com_shop_makeup-cosmetics.png,FALSE,https://jsonify.hel1.your-objectstorage.com/screenshots/evals/results-2026-08-11-full/firecrawl_browser/218_www.sephora.com_shop_makeup-cosmetics.png,FALSE,https://jsonify.hel1.your-objectstorage.com/screenshots/evals/results-2026-08-11-full/hyperbrowser/218_www.sephora.com_shop_makeup-cosmetics.png,FALSE,https://jsonify.hel1.your-objectstorage.com/screenshots/evals/results-2026-08-11-full/obscura/218_www.sephora.com_shop_makeup-cosmetics.png,FALSE,https://jsonify.hel1.your-objectstorage.com/screenshots/evals/results-2026-08-11-full/playwright/218_www.sephora.com_shop_makeup-cosmetics.png,FALSE,https://jsonify.hel1.your-objectstorage.com/screenshots/evals/results-2026-08-11-full/selenium/218_www.sephora.com_shop_makeup-cosmetics.png,FALSE,TRUE
https://www.ulta.com/shop/makeup,https://jsonify.hel1.your-objectstorage.com/screenshots/6e67abec-d7c6-4f88-acc0-8bf764a7369e.png,TRUE,https://jsonify.hel1.your-objectstorage.com/screenshots/evals/results-2026-08-11-full/bless/219_www.ulta.com_shop_makeup.png,TRUE,https://jsonify.hel1.your-objectstorage.com/screenshots/evals/results-2026-08-11-full/bbase/219_www.ulta.com_shop_makeup.png,TRUE,https://jsonify.hel1.your-objectstorage.com/screenshots/evals/results-2026-08-11-full/browseruse/219_www.ulta.com_shop_makeup.png,TRUE,https://jsonify.hel1.your-objectstorage.com/screenshots/evals/results-2026-08-11-full/firecrawl_browser/219_www.ulta.com_shop_makeup.png,TRUE,https://jsonify.hel1.your-objectstorage.com/screenshots/evals/results-2026-08-11-full/hyperbrowser/219_www.ulta.com_shop_makeup.png,TRUE,https://jsonify.hel1.your-objectstorage.com/screenshots/evals/results-2026-08-11-full/obscura/219_www.ulta.com_shop_makeup.png,FALSE,https://jsonify.hel1.your-objectstorage.com/screenshots/evals/results-2026-08-11-full/playwright/219_www.ulta.com_shop_makeup.png,TRUE,https://jsonify.hel1.your-objectstorage.com/screenshots/evals/results-2026-08-11-full/selenium/219_www.ulta.com_shop_makeup.png,TRUE,TRUE
https://www.petco.com/shop/en/petcostore/category/dog/dog-food,https://jsonify.hel1.your-objectstorage.com/screenshots/e3471ff3-d28d-4457-b6ff-c22965c7f1de.png,TRUE,https://jsonify.hel1.your-objectstorage.com/screenshots/evals/results-2026-08-11-full/bless/220_www.petco.com_shop_en_petcostore_category_dog_dog-food.png,TRUE,https://jsonify.hel1.your-objectstorage.com/screenshots/evals/results-2026-08-11-full/bbase/220_www.petco.com_shop_en_petcostore_category_dog_dog-food.png,FALSE,https://jsonify.hel1.your-objectstorage.com/screenshots/evals/results-2026-08-11-full/browseruse/220_www.petco.com_shop_en_petcostore_category_dog_dog-food.png,TRUE,https://jsonify.hel1.your-objectstorage.com/screenshots/evals/results-2026-08-11-full/firecrawl_browser/220_www.petco.com_shop_en_petcostore_category_dog_dog-food.png,TRUE,https://jsonify.hel1.your-objectstorage.com/screenshots/evals/results-2026-08-11-full/hyperbrowser/220_www.petco.com_shop_en_petcostore_category_dog_dog-food.png,FALSE,https://jsonify.hel1.your-objectstorage.com/screenshots/evals/results-2026-08-11-full/obscura/220_www.petco.com_shop_en_petcostore_category_dog_dog-food.png,FALSE,https://jsonify.hel1.your-objectstorage.com/screenshots/evals/results-2026-08-11-full/playwright/220_www.petco.com_shop_en_petcostore_category_dog_dog-food.png,FALSE,https://jsonify.hel1.your-objectstorage.com/screenshots/evals/results-2026-08-11-full/selenium/220_www.petco.com_shop_en_petcostore_category_dog_dog-food.png,FALSE,TRUE
https://www.chewy.com/b/vitamins-supplements-374,https://jsonify.hel1.your-objectstorage.com/screenshots/4362037b-1df3-4a1e-bd10-e3f642c4ea11.png,FALSE,https://jsonify.hel1.your-objectstorage.com/screenshots/evals/results-2026-08-11-full/bless/221_www.chewy.com_b_vitamins-supplements-374.png,TRUE,https://jsonify.hel1.your-objectstorage.com/screenshots/evals/results-2026-08-11-full/bbase/221_www.chewy.com_b_vitamins-supplements-374.png,TRUE,https://jsonify.hel1.your-objectstorage.com/screenshots/evals/results-2026-08-11-full/browseruse/221_www.chewy.com_b_vitamins-supplements-374.png,TRUE,https://jsonify.hel1.your-objectstorage.com/screenshots/evals/results-2026-08-11-full/firecrawl_browser/221_www.chewy.com_b_vitamins-supplements-374.png,FALSE,https://jsonify.hel1.your-objectstorage.com/screenshots/evals/results-2026-08-11-full/hyperbrowser/221_www.chewy.com_b_vitamins-supplements-374.png,FALSE,https://jsonify.hel1.your-objectstorage.com/screenshots/evals/results-2026-08-11-full/obscura/221_www.chewy.com_b_vitamins-supplements-374.png,FALSE,https://jsonify.hel1.your-objectstorage.com/screenshots/evals/results-2026-08-11-full/playwright/221_www.chewy.com_b_vitamins-supplements-374.png,FALSE,https://jsonify.hel1.your-objectstorage.com/screenshots/evals/results-2026-08-11-full/selenium/221_www.chewy.com_b_vitamins-supplements-374.png,FALSE,TRUE
https://www.gamestop.com/video-games,https://jsonify.hel1.your-objectstorage.com/screenshots/2b6c3efe-e8c8-4265-a453-97497b65cf35.png,TRUE,https://jsonify.hel1.your-objectstorage.com/screenshots/evals/results-2026-08-11-full/bless/222_www.gamestop.com_video-games.png,FALSE,https://jsonify.hel1.your-objectstorage.com/screenshots/evals/results-2026-08-11-full/bbase/222_www.gamestop.com_video-games.png,TRUE,https://jsonify.hel1.your-objectstorage.com/screenshots/evals/results-2026-08-11-full/browseruse/222_www.gamestop.com_video-games.png,TRUE,https://jsonify.hel1.your-objectstorage.com/screenshots/evals/results-2026-08-11-full/firecrawl_browser/222_www.gamestop.com_video-games.png,FALSE,https://jsonify.hel1.your-objectstorage.com/screenshots/evals/results-2026-08-11-full/hyperbrowser/222_www.gamestop.com_video-games.png,TRUE,https://jsonify.hel1.your-objectstorage.com/screenshots/evals/results-2026-08-11-full/obscura/222_www.gamestop.com_video-games.png,FALSE,https://jsonify.hel1.your-objectstorage.com/screenshots/evals/results-2026-08-11-full/playwright/222_www.gamestop.com_video-games.png,FALSE,https://jsonify.hel1.your-objectstorage.com/screenshots/evals/results-2026-08-11-full/selenium/222_www.gamestop.com_video-games.png,FALSE,TRUE
https://www.bhphotovideo.com/c/buy/Instant-Film-Cameras/ci/14536/N/4288586277,https://jsonify.hel1.your-objectstorage.com/screenshots/e39f8ab5-fe92-4cf1-abcb-dbde9023b384.png,TRUE,https://jsonify.hel1.your-objectstorage.com/screenshots/evals/results-2026-08-11-full/bless/223_www.bhphotovideo.com_c_buy_Instant-Film-Cameras_ci_14536_N_4288586277.png,TRUE,https://jsonify.hel1.your-objectstorage.com/screenshots/evals/results-2026-08-11-full/bbase/223_www.bhphotovideo.com_c_buy_Instant-Film-Cameras_ci_14536_N_4288586277.png,TRUE,https://jsonify.hel1.your-objectstorage.com/screenshots/evals/results-2026-08-11-full/browseruse/223_www.bhphotovideo.com_c_buy_Instant-Film-Cameras_ci_14536_N_4288586277.png,FALSE,https://jsonify.hel1.your-objectstorage.com/screenshots/evals/results-2026-08-11-full/firecrawl_browser/223_www.bhphotovideo.com_c_buy_Instant-Film-Cameras_ci_14536_N_4288586277.png,TRUE,https://jsonify.hel1.your-objectstorage.com/screenshots/evals/results-2026-08-11-full/hyperbrowser/223_www.bhphotovideo.com_c_buy_Instant-Film-Cameras_ci_14536_N_4288586277.png,TRUE,https://jsonify.hel1.your-objectstorage.com/screenshots/evals/results-2026-08-11-full/obscura/223_www.bhphotovideo.com_c_buy_Instant-Film-Cameras_ci_14536_N_4288586277.png,FALSE,https://jsonify.hel1.your-objectstorage.com/screenshots/evals/results-2026-08-11-full/playwright/223_www.bhphotovideo.com_c_buy_Instant-Film-Cameras_ci_14536_N_4288586277.png,FALSE,https://jsonify.hel1.your-objectstorage.com/screenshots/evals/results-2026-08-11-full/selenium/223_www.bhphotovideo.com_c_buy_Instant-Film-Cameras_ci_14536_N_4288586277.png,FALSE,TRUE
https://www.dell.com/en-us/shop/laptops/sr/laptops,https://jsonify.hel1.your-objectstorage.com/screenshots/ed898931-85b7-499c-840f-a4badd5af8c6.png,TRUE,https://jsonify.hel1.your-objectstorage.com/screenshots/evals/results-2026-08-11-full/bless/224_www.dell.com_en-us_shop_laptops_sr_laptops.png,TRUE,https://jsonify.hel1.your-objectstorage.com/screenshots/evals/results-2026-08-11-full/bbase/224_www.dell.com_en-us_shop_laptops_sr_laptops.png,TRUE,https://jsonify.hel1.your-objectstorage.com/screenshots/evals/results-2026-08-11-full/browseruse/224_www.dell.com_en-us_shop_laptops_sr_laptops.png,FALSE,https://jsonify.hel1.your-objectstorage.com/screenshots/evals/results-2026-08-11-full/firecrawl_browser/224_www.dell.com_en-us_shop_laptops_sr_laptops.png,TRUE,https://jsonify.hel1.your-objectstorage.com/screenshots/evals/results-2026-08-11-full/hyperbrowser/224_www.dell.com_en-us_shop_laptops_sr_laptops.png,FALSE,,FALSE,https://jsonify.hel1.your-objectstorage.com/screenshots/evals/results-2026-08-11-full/playwright/224_www.dell.com_en-us_shop_laptops_sr_laptops.png,FALSE,https://jsonify.hel1.your-objectstorage.com/screenshots/evals/results-2026-08-11-full/selenium/224_www.dell.com_en-us_shop_laptops_sr_laptops.png,FALSE,TRUE
https://www.lenovo.com/us/en/c/laptops/,https://jsonify.hel1.your-objectstorage.com/screenshots/591a53cb-f9da-42b8-b341-012e81233853.png,TRUE,https://jsonify.hel1.your-objectstorage.com/screenshots/evals/results-2026-08-11-full/bless/225_www.lenovo.com_us_en_c_laptops.png,TRUE,https://jsonify.hel1.your-objectstorage.com/screenshots/evals/results-2026-08-11-full/bbase/225_www.lenovo.com_us_en_c_laptops.png,TRUE,https://jsonify.hel1.your-objectstorage.com/screenshots/evals/results-2026-08-11-full/browseruse/225_www.lenovo.com_us_en_c_laptops.png,TRUE,https://jsonify.hel1.your-objectstorage.com/screenshots/evals/results-2026-08-11-full/firecrawl_browser/225_www.lenovo.com_us_en_c_laptops.png,TRUE,https://jsonify.hel1.your-objectstorage.com/screenshots/evals/results-2026-08-11-full/hyperbrowser/225_www.lenovo.com_us_en_c_laptops.png,TRUE,https://jsonify.hel1.your-objectstorage.com/screenshots/evals/results-2026-08-11-full/obscura/225_www.lenovo.com_us_en_c_laptops.png,TRUE,https://jsonify.hel1.your-objectstorage.com/screenshots/evals/results-2026-08-11-full/playwright/225_www.lenovo.com_us_en_c_laptops.png,TRUE,https://jsonify.hel1.your-objectstorage.com/screenshots/evals/results-2026-08-11-full/selenium/225_www.lenovo.com_us_en_c_laptops.png,TRUE,TRUE
https://www.apple.com/us/shop/goto/mac,https://jsonify.hel1.your-objectstorage.com/screenshots/5849ec2d-8215-48d1-afd2-9cce865cda1b.png,TRUE,https://jsonify.hel1.your-objectstorage.com/screenshots/evals/results-2026-08-11-full/bless/226_www.apple.com_us_shop_goto_mac.png,TRUE,https://jsonify.hel1.your-objectstorage.com/screenshots/evals/results-2026-08-11-full/bbase/226_www.apple.com_us_shop_goto_mac.png,TRUE,https://jsonify.hel1.your-objectstorage.com/screenshots/evals/results-2026-08-11-full/browseruse/226_www.apple.com_us_shop_goto_mac.png,TRUE,https://jsonify.hel1.your-objectstorage.com/screenshots/evals/results-2026-08-11-full/firecrawl_browser/226_www.apple.com_us_shop_goto_mac.png,TRUE,https://jsonify.hel1.your-objectstorage.com/screenshots/evals/results-2026-08-11-full/hyperbrowser/226_www.apple.com_us_shop_goto_mac.png,FALSE,https://jsonify.hel1.your-objectstorage.com/screenshots/evals/results-2026-08-11-full/obscura/226_www.apple.com_us_shop_goto_mac.png,FALSE,https://jsonify.hel1.your-objectstorage.com/screenshots/evals/results-2026-08-11-full/playwright/226_www.apple.com_us_shop_goto_mac.png,FALSE,https://jsonify.hel1.your-objectstorage.com/screenshots/evals/results-2026-08-11-full/selenium/226_www.apple.com_us_shop_goto_mac.png,FALSE,TRUE
https://www.temu.com/de-ru/c/mens-work-utility-footwear-o4-1537.html?refer_page_name=all_category_page&refer_page_id=15005_1784282686837_6bzqojeu86&refer_page_sn=15005&_x_sessn_id=h5fi2dc1q6,https://jsonify.hel1.your-objectstorage.com/screenshots/9b693f6a-c2f8-4ada-be6b-7ea3577fabfd.png,FALSE,https://jsonify.hel1.your-objectstorage.com/screenshots/evals/results-2026-08-11-full/bless/227_www.temu.com_de-ru_c_mens-work-utility-footwear-o4-1537.html_refer_page_name_all_category_page_refer_page_id_15005_178428.png,FALSE,https://jsonify.hel1.your-objectstorage.com/screenshots/evals/results-2026-08-11-full/bbase/227_www.temu.com_de-ru_c_mens-work-utility-footwear-o4-1537.html_refer_page_name_all_category_page_refer_page_id_15005_178428.png,FALSE,https://jsonify.hel1.your-objectstorage.com/screenshots/evals/results-2026-08-11-full/browseruse/227_www.temu.com_de-ru_c_mens-work-utility-footwear-o4-1537.html_refer_page_name_all_category_page_refer_page_id_15005_178428.png,FALSE,https://jsonify.hel1.your-objectstorage.com/screenshots/evals/results-2026-08-11-full/firecrawl_browser/227_www.temu.com_de-ru_c_mens-work-utility-footwear-o4-1537.html_refer_page_name_all_category_page_refer_page_id_15005_178428.png,FALSE,https://jsonify.hel1.your-objectstorage.com/screenshots/evals/results-2026-08-11-full/hyperbrowser/227_www.temu.com_de-ru_c_mens-work-utility-footwear-o4-1537.html_refer_page_name_all_category_page_refer_page_id_15005_178428.png,FALSE,https://jsonify.hel1.your-objectstorage.com/screenshots/evals/results-2026-08-11-full/obscura/227_www.temu.com_de-ru_c_mens-work-utility-footwear-o4-1537.html_refer_page_name_all_category_page_refer_page_id_15005_178428.png,FALSE,https://jsonify.hel1.your-objectstorage.com/screenshots/evals/results-2026-08-11-full/playwright/227_www.temu.com_de-ru_c_mens-work-utility-footwear-o4-1537.html_refer_page_name_all_category_page_refer_page_id_15005_178428.png,FALSE,https://jsonify.hel1.your-objectstorage.com/screenshots/evals/results-2026-08-11-full/selenium/227_www.temu.com_de-ru_c_mens-work-utility-footwear-o4-1537.html_refer_page_name_all_category_page_refer_page_id_15005_178428.png,FALSE,TRUE
https://us.shein.com/pdsearch/jeans/,https://jsonify.hel1.your-objectstorage.com/screenshots/5d2244a8-effe-4b2f-879b-5effebe95968.png,FALSE,https://jsonify.hel1.your-objectstorage.com/screenshots/evals/results-2026-08-11-full/bless/228_us.shein.com_pdsearch_jeans.png,FALSE,https://jsonify.hel1.your-objectstorage.com/screenshots/evals/results-2026-08-11-full/bbase/228_us.shein.com_pdsearch_jeans.png,FALSE,https://jsonify.hel1.your-objectstorage.com/screenshots/evals/results-2026-08-11-full/browseruse/228_us.shein.com_pdsearch_jeans.png,FALSE,https://jsonify.hel1.your-objectstorage.com/screenshots/evals/results-2026-08-11-full/firecrawl_browser/228_us.shein.com_pdsearch_jeans.png,FALSE,https://jsonify.hel1.your-objectstorage.com/screenshots/evals/results-2026-08-11-full/hyperbrowser/228_us.shein.com_pdsearch_jeans.png,FALSE,https://jsonify.hel1.your-objectstorage.com/screenshots/evals/results-2026-08-11-full/obscura/228_us.shein.com_pdsearch_jeans.png,FALSE,https://jsonify.hel1.your-objectstorage.com/screenshots/evals/results-2026-08-11-full/playwright/228_us.shein.com_pdsearch_jeans.png,FALSE,https://jsonify.hel1.your-objectstorage.com/screenshots/evals/results-2026-08-11-full/selenium/228_us.shein.com_pdsearch_jeans.png,FALSE,TRUE
https://www.argos.co.uk/search/laptop/,https://jsonify.hel1.your-objectstorage.com/screenshots/bc3aa556-0861-4cb3-8cf0-52526a21c255.png,TRUE,https://jsonify.hel1.your-objectstorage.com/screenshots/evals/results-2026-08-11-full/bless/229_www.argos.co.uk_search_laptop.png,FALSE,https://jsonify.hel1.your-objectstorage.com/screenshots/evals/results-2026-08-11-full/bbase/229_www.argos.co.uk_search_laptop.png,FALSE,https://jsonify.hel1.your-objectstorage.com/screenshots/evals/results-2026-08-11-full/browseruse/229_www.argos.co.uk_search_laptop.png,FALSE,https://jsonify.hel1.your-objectstorage.com/screenshots/evals/results-2026-08-11-full/firecrawl_browser/229_www.argos.co.uk_search_laptop.png,FALSE,https://jsonify.hel1.your-objectstorage.com/screenshots/evals/results-2026-08-11-full/hyperbrowser/229_www.argos.co.uk_search_laptop.png,FALSE,https://jsonify.hel1.your-objectstorage.com/screenshots/evals/results-2026-08-11-full/obscura/229_www.argos.co.uk_search_laptop.png,FALSE,https://jsonify.hel1.your-objectstorage.com/screenshots/evals/results-2026-08-11-full/playwright/229_www.argos.co.uk_search_laptop.png,FALSE,https://jsonify.hel1.your-objectstorage.com/screenshots/evals/results-2026-08-11-full/selenium/229_www.argos.co.uk_search_laptop.png,FALSE,TRUE
https://www.currys.co.uk/search?q=laptop,https://jsonify.hel1.your-objectstorage.com/screenshots/e73b9ce0-4121-48ae-83d9-83d7e5a7251c.png,TRUE,https://jsonify.hel1.your-objectstorage.com/screenshots/evals/results-2026-08-11-full/bless/230_www.currys.co.uk_search_q_laptop.png,TRUE,https://jsonify.hel1.your-objectstorage.com/screenshots/evals/results-2026-08-11-full/bbase/230_www.currys.co.uk_search_q_laptop.png,TRUE,https://jsonify.hel1.your-objectstorage.com/screenshots/evals/results-2026-08-11-full/browseruse/230_www.currys.co.uk_search_q_laptop.png,TRUE,https://jsonify.hel1.your-objectstorage.com/screenshots/evals/results-2026-08-11-full/firecrawl_browser/230_www.currys.co.uk_search_q_laptop.png,TRUE,https://jsonify.hel1.your-objectstorage.com/screenshots/evals/results-2026-08-11-full/hyperbrowser/230_www.currys.co.uk_search_q_laptop.png,TRUE,https://jsonify.hel1.your-objectstorage.com/screenshots/evals/results-2026-08-11-full/obscura/230_www.currys.co.uk_search_q_laptop.png,FALSE,https://jsonify.hel1.your-objectstorage.com/screenshots/evals/results-2026-08-11-full/playwright/230_www.currys.co.uk_search_q_laptop.png,FALSE,https://jsonify.hel1.your-objectstorage.com/screenshots/evals/results-2026-08-11-full/selenium/230_www.currys.co.uk_search_q_laptop.png,FALSE,TRUE
https://www.taobao.com/,https://jsonify.hel1.your-objectstorage.com/screenshots/658b4f73-982d-4012-9aeb-311cf7806f52.png,TRUE,https://jsonify.hel1.your-objectstorage.com/screenshots/evals/results-2026-08-11-full/bless/231_www.taobao.com_home.png,TRUE,https://jsonify.hel1.your-objectstorage.com/screenshots/evals/results-2026-08-11-full/bbase/231_www.taobao.com_home.png,TRUE,https://jsonify.hel1.your-objectstorage.com/screenshots/evals/results-2026-08-11-full/browseruse/231_www.taobao.com_home.png,TRUE,https://jsonify.hel1.your-objectstorage.com/screenshots/evals/results-2026-08-11-full/firecrawl_browser/231_www.taobao.com_home.png,TRUE,https://jsonify.hel1.your-objectstorage.com/screenshots/evals/results-2026-08-11-full/hyperbrowser/231_www.taobao.com_home.png,TRUE,https://jsonify.hel1.your-objectstorage.com/screenshots/evals/results-2026-08-11-full/obscura/231_www.taobao.com_home.png,TRUE,https://jsonify.hel1.your-objectstorage.com/screenshots/evals/results-2026-08-11-full/playwright/231_www.taobao.com_home.png,FALSE,https://jsonify.hel1.your-objectstorage.com/screenshots/evals/results-2026-08-11-full/selenium/231_www.taobao.com_home.png,TRUE,TRUE
https://www.alibaba.com/trade/search?SearchText=laptop,https://jsonify.hel1.your-objectstorage.com/screenshots/907a941b-1cd7-455e-9319-d8c7032e42ee.png,TRUE,https://jsonify.hel1.your-objectstorage.com/screenshots/evals/results-2026-08-11-full/bless/232_www.alibaba.com_trade_search_SearchText_laptop.png,TRUE,https://jsonify.hel1.your-objectstorage.com/screenshots/evals/results-2026-08-11-full/bbase/232_www.alibaba.com_trade_search_SearchText_laptop.png,TRUE,https://jsonify.hel1.your-objectstorage.com/screenshots/evals/results-2026-08-11-full/browseruse/232_www.alibaba.com_trade_search_SearchText_laptop.png,TRUE,https://jsonify.hel1.your-objectstorage.com/screenshots/evals/results-2026-08-11-full/firecrawl_browser/232_www.alibaba.com_trade_search_SearchText_laptop.png,FALSE,https://jsonify.hel1.your-objectstorage.com/screenshots/evals/results-2026-08-11-full/hyperbrowser/232_www.alibaba.com_trade_search_SearchText_laptop.png,TRUE,https://jsonify.hel1.your-objectstorage.com/screenshots/evals/results-2026-08-11-full/obscura/232_www.alibaba.com_trade_search_SearchText_laptop.png,FALSE,https://jsonify.hel1.your-objectstorage.com/screenshots/evals/results-2026-08-11-full/playwright/232_www.alibaba.com_trade_search_SearchText_laptop.png,FALSE,https://jsonify.hel1.your-objectstorage.com/screenshots/evals/results-2026-08-11-full/selenium/232_www.alibaba.com_trade_search_SearchText_laptop.png,FALSE,TRUE
https://www.craigslist.org/search/area/newyork?cat=sss&query=bike#search=2~gallery~0,,FALSE,https://jsonify.hel1.your-objectstorage.com/screenshots/evals/results-2026-08-11-full/bless/233_www.craigslist.org_search_area_newyork_cat_sss_query_bike.png,FALSE,https://jsonify.hel1.your-objectstorage.com/screenshots/evals/results-2026-08-11-full/bbase/233_www.craigslist.org_search_area_newyork_cat_sss_query_bike.png,TRUE,https://jsonify.hel1.your-objectstorage.com/screenshots/evals/results-2026-08-11-full/browseruse/233_www.craigslist.org_search_area_newyork_cat_sss_query_bike.png,TRUE,,FALSE,https://jsonify.hel1.your-objectstorage.com/screenshots/evals/results-2026-08-11-full/hyperbrowser/233_www.craigslist.org_search_area_newyork_cat_sss_query_bike.png,TRUE,https://jsonify.hel1.your-objectstorage.com/screenshots/evals/results-2026-08-11-full/obscura/233_www.craigslist.org_search_area_newyork_cat_sss_query_bike.png,FALSE,https://jsonify.hel1.your-objectstorage.com/screenshots/evals/results-2026-08-11-full/playwright/233_www.craigslist.org_search_area_newyork_cat_sss_query_bike.png,TRUE,https://jsonify.hel1.your-objectstorage.com/screenshots/evals/results-2026-08-11-full/selenium/233_www.craigslist.org_search_area_newyork_cat_sss_query_bike.png,TRUE,TRUE
https://offerup.com/search?q=iphone,https://jsonify.hel1.your-objectstorage.com/screenshots/f8b6941f-9e2e-4cf7-94fd-d11f79f87c45.png,TRUE,https://jsonify.hel1.your-objectstorage.com/screenshots/evals/results-2026-08-11-full/bless/234_offerup.com_search_q_iphone.png,FALSE,https://jsonify.hel1.your-objectstorage.com/screenshots/evals/results-2026-08-11-full/bbase/234_offerup.com_search_q_iphone.png,TRUE,https://jsonify.hel1.your-objectstorage.com/screenshots/evals/results-2026-08-11-full/browseruse/234_offerup.com_search_q_iphone.png,TRUE,https://jsonify.hel1.your-objectstorage.com/screenshots/evals/results-2026-08-11-full/firecrawl_browser/234_offerup.com_search_q_iphone.png,FALSE,https://jsonify.hel1.your-objectstorage.com/screenshots/evals/results-2026-08-11-full/hyperbrowser/234_offerup.com_search_q_iphone.png,TRUE,https://jsonify.hel1.your-objectstorage.com/screenshots/evals/results-2026-08-11-full/obscura/234_offerup.com_search_q_iphone.png,TRUE,https://jsonify.hel1.your-objectstorage.com/screenshots/evals/results-2026-08-11-full/playwright/234_offerup.com_search_q_iphone.png,TRUE,https://jsonify.hel1.your-objectstorage.com/screenshots/evals/results-2026-08-11-full/selenium/234_offerup.com_search_q_iphone.png,TRUE,TRUE
https://www.mercari.com/search/?keyword=sneakers,https://jsonify.hel1.your-objectstorage.com/screenshots/a91ffff1-393e-4636-a91f-0f885deba7e3.png,TRUE,https://jsonify.hel1.your-objectstorage.com/screenshots/evals/results-2026-08-11-full/bless/235_www.mercari.com_search_keyword_sneakers.png,TRUE,https://jsonify.hel1.your-objectstorage.com/screenshots/evals/results-2026-08-11-full/bbase/235_www.mercari.com_search_keyword_sneakers.png,TRUE,https://jsonify.hel1.your-objectstorage.com/screenshots/evals/results-2026-08-11-full/browseruse/235_www.mercari.com_search_keyword_sneakers.png,TRUE,https://jsonify.hel1.your-objectstorage.com/screenshots/evals/results-2026-08-11-full/firecrawl_browser/235_www.mercari.com_search_keyword_sneakers.png,TRUE,https://jsonify.hel1.your-objectstorage.com/screenshots/evals/results-2026-08-11-full/hyperbrowser/235_www.mercari.com_search_keyword_sneakers.png,TRUE,https://jsonify.hel1.your-objectstorage.com/screenshots/evals/results-2026-08-11-full/obscura/235_www.mercari.com_search_keyword_sneakers.png,FALSE,https://jsonify.hel1.your-objectstorage.com/screenshots/evals/results-2026-08-11-full/playwright/235_www.mercari.com_search_keyword_sneakers.png,FALSE,https://jsonify.hel1.your-objectstorage.com/screenshots/evals/results-2026-08-11-full/selenium/235_www.mercari.com_search_keyword_sneakers.png,FALSE,TRUE
https://poshmark.com/search?query=nike,https://jsonify.hel1.your-objectstorage.com/screenshots/7e580b53-74d5-4051-a333-9f26109db7c5.png,TRUE,https://jsonify.hel1.your-objectstorage.com/screenshots/evals/results-2026-08-11-full/bless/236_poshmark.com_search_query_nike.png,TRUE,https://jsonify.hel1.your-objectstorage.com/screenshots/evals/results-2026-08-11-full/bbase/236_poshmark.com_search_query_nike.png,TRUE,https://jsonify.hel1.your-objectstorage.com/screenshots/evals/results-2026-08-11-full/browseruse/236_poshmark.com_search_query_nike.png,TRUE,https://jsonify.hel1.your-objectstorage.com/screenshots/evals/results-2026-08-11-full/firecrawl_browser/236_poshmark.com_search_query_nike.png,TRUE,https://jsonify.hel1.your-objectstorage.com/screenshots/evals/results-2026-08-11-full/hyperbrowser/236_poshmark.com_search_query_nike.png,TRUE,https://jsonify.hel1.your-objectstorage.com/screenshots/evals/results-2026-08-11-full/obscura/236_poshmark.com_search_query_nike.png,TRUE,https://jsonify.hel1.your-objectstorage.com/screenshots/evals/results-2026-08-11-full/playwright/236_poshmark.com_search_query_nike.png,TRUE,https://jsonify.hel1.your-objectstorage.com/screenshots/evals/results-2026-08-11-full/selenium/236_poshmark.com_search_query_nike.png,TRUE,TRUE
https://www.depop.com/search/?q=vintage%20tee,https://jsonify.hel1.your-objectstorage.com/screenshots/84a4a463-9c32-474b-937b-f36d2e91104a.png,TRUE,https://jsonify.hel1.your-objectstorage.com/screenshots/evals/results-2026-08-11-full/bless/237_www.depop.com_search_q_vintage_20tee.png,TRUE,https://jsonify.hel1.your-objectstorage.com/screenshots/evals/results-2026-08-11-full/bbase/237_www.depop.com_search_q_vintage_20tee.png,TRUE,https://jsonify.hel1.your-objectstorage.com/screenshots/evals/results-2026-08-11-full/browseruse/237_www.depop.com_search_q_vintage_20tee.png,FALSE,https://jsonify.hel1.your-objectstorage.com/screenshots/evals/results-2026-08-11-full/firecrawl_browser/237_www.depop.com_search_q_vintage_20tee.png,TRUE,https://jsonify.hel1.your-objectstorage.com/screenshots/evals/results-2026-08-11-full/hyperbrowser/237_www.depop.com_search_q_vintage_20tee.png,FALSE,https://jsonify.hel1.your-objectstorage.com/screenshots/evals/results-2026-08-11-full/obscura/237_www.depop.com_search_q_vintage_20tee.png,FALSE,https://jsonify.hel1.your-objectstorage.com/screenshots/evals/results-2026-08-11-full/playwright/237_www.depop.com_search_q_vintage_20tee.png,FALSE,https://jsonify.hel1.your-objectstorage.com/screenshots/evals/results-2026-08-11-full/selenium/237_www.depop.com_search_q_vintage_20tee.png,FALSE,TRUE
https://reverb.com/marketplace,https://jsonify.hel1.your-objectstorage.com/screenshots/f26ab4d6-6a82-4a7a-8f99-212c7951e29b.png,TRUE,https://jsonify.hel1.your-objectstorage.com/screenshots/evals/results-2026-08-11-full/bless/238_reverb.com_marketplace.png,TRUE,https://jsonify.hel1.your-objectstorage.com/screenshots/evals/results-2026-08-11-full/bbase/238_reverb.com_marketplace.png,TRUE,https://jsonify.hel1.your-objectstorage.com/screenshots/evals/results-2026-08-11-full/browseruse/238_reverb.com_marketplace.png,TRUE,https://jsonify.hel1.your-objectstorage.com/screenshots/evals/results-2026-08-11-full/firecrawl_browser/238_reverb.com_marketplace.png,TRUE,https://jsonify.hel1.your-objectstorage.com/screenshots/evals/results-2026-08-11-full/hyperbrowser/238_reverb.com_marketplace.png,FALSE,https://jsonify.hel1.your-objectstorage.com/screenshots/evals/results-2026-08-11-full/obscura/238_reverb.com_marketplace.png,FALSE,https://jsonify.hel1.your-objectstorage.com/screenshots/evals/results-2026-08-11-full/playwright/238_reverb.com_marketplace.png,FALSE,https://jsonify.hel1.your-objectstorage.com/screenshots/evals/results-2026-08-11-full/selenium/238_reverb.com_marketplace.png,FALSE,TRUE
https://www.discogs.com/search/?q=daft+punk&type=all,https://jsonify.hel1.your-objectstorage.com/screenshots/69e7f672-b920-4b38-8429-f056df17ce35.png,TRUE,https://jsonify.hel1.your-objectstorage.com/screenshots/evals/results-2026-08-11-full/bless/239_www.discogs.com_search_q_daft_punk_type_all.png,TRUE,https://jsonify.hel1.your-objectstorage.com/screenshots/evals/results-2026-08-11-full/bbase/239_www.discogs.com_search_q_daft_punk_type_all.png,TRUE,https://jsonify.hel1.your-objectstorage.com/screenshots/evals/results-2026-08-11-full/browseruse/239_www.discogs.com_search_q_daft_punk_type_all.png,TRUE,https://jsonify.hel1.your-objectstorage.com/screenshots/evals/results-2026-08-11-full/firecrawl_browser/239_www.discogs.com_search_q_daft_punk_type_all.png,TRUE,https://jsonify.hel1.your-objectstorage.com/screenshots/evals/results-2026-08-11-full/hyperbrowser/239_www.discogs.com_search_q_daft_punk_type_all.png,FALSE,https://jsonify.hel1.your-objectstorage.com/screenshots/evals/results-2026-08-11-full/obscura/239_www.discogs.com_search_q_daft_punk_type_all.png,FALSE,https://jsonify.hel1.your-objectstorage.com/screenshots/evals/results-2026-08-11-full/playwright/239_www.discogs.com_search_q_daft_punk_type_all.png,FALSE,https://jsonify.hel1.your-objectstorage.com/screenshots/evals/results-2026-08-11-full/selenium/239_www.discogs.com_search_q_daft_punk_type_all.png,FALSE,TRUE
https://www.autotrader.com/cars-for-sale/all-cars,https://jsonify.hel1.your-objectstorage.com/screenshots/aa9b37bf-1487-4f2a-bc34-0a56b247657d.png,TRUE,https://jsonify.hel1.your-objectstorage.com/screenshots/evals/results-2026-08-11-full/bless/240_www.autotrader.com_cars-for-sale_all-cars.png,TRUE,https://jsonify.hel1.your-objectstorage.com/screenshots/evals/results-2026-08-11-full/bbase/240_www.autotrader.com_cars-for-sale_all-cars.png,TRUE,https://jsonify.hel1.your-objectstorage.com/screenshots/evals/results-2026-08-11-full/browseruse/240_www.autotrader.com_cars-for-sale_all-cars.png,FALSE,https://jsonify.hel1.your-objectstorage.com/screenshots/evals/results-2026-08-11-full/firecrawl_browser/240_www.autotrader.com_cars-for-sale_all-cars.png,TRUE,https://jsonify.hel1.your-objectstorage.com/screenshots/evals/results-2026-08-11-full/hyperbrowser/240_www.autotrader.com_cars-for-sale_all-cars.png,FALSE,https://jsonify.hel1.your-objectstorage.com/screenshots/evals/results-2026-08-11-full/obscura/240_www.autotrader.com_cars-for-sale_all-cars.png,FALSE,https://jsonify.hel1.your-objectstorage.com/screenshots/evals/results-2026-08-11-full/playwright/240_www.autotrader.com_cars-for-sale_all-cars.png,FALSE,https://jsonify.hel1.your-objectstorage.com/screenshots/evals/results-2026-08-11-full/selenium/240_www.autotrader.com_cars-for-sale_all-cars.png,FALSE,TRUE
https://www.cars.com/shopping/results/,https://jsonify.hel1.your-objectstorage.com/screenshots/1991f6e6-b12f-43f7-b363-1dd66e97616e.png,TRUE,https://jsonify.hel1.your-objectstorage.com/screenshots/evals/results-2026-08-11-full/bless/241_www.cars.com_shopping_results.png,TRUE,https://jsonify.hel1.your-objectstorage.com/screenshots/evals/results-2026-08-11-full/bbase/241_www.cars.com_shopping_results.png,TRUE,https://jsonify.hel1.your-objectstorage.com/screenshots/evals/results-2026-08-11-full/browseruse/241_www.cars.com_shopping_results.png,TRUE,https://jsonify.hel1.your-objectstorage.com/screenshots/evals/results-2026-08-11-full/firecrawl_browser/241_www.cars.com_shopping_results.png,TRUE,https://jsonify.hel1.your-objectstorage.com/screenshots/evals/results-2026-08-11-full/hyperbrowser/241_www.cars.com_shopping_results.png,FALSE,https://jsonify.hel1.your-objectstorage.com/screenshots/evals/results-2026-08-11-full/obscura/241_www.cars.com_shopping_results.png,FALSE,https://jsonify.hel1.your-objectstorage.com/screenshots/evals/results-2026-08-11-full/playwright/241_www.cars.com_shopping_results.png,FALSE,https://jsonify.hel1.your-objectstorage.com/screenshots/evals/results-2026-08-11-full/selenium/241_www.cars.com_shopping_results.png,FALSE,TRUE
https://www.cargurus.com/Cars/inventorylisting/viewDetailsFilterViewInventoryListing.action,https://jsonify.hel1.your-objectstorage.com/screenshots/369340fc-54f0-4fc1-9f0c-5c314fc030e6.png,TRUE,https://jsonify.hel1.your-objectstorage.com/screenshots/evals/results-2026-08-11-full/bless/242_www.cargurus.com_Cars_inventorylisting_viewDetailsFilterViewInventoryListing.action.png,TRUE,https://jsonify.hel1.your-objectstorage.com/screenshots/evals/results-2026-08-11-full/bbase/242_www.cargurus.com_Cars_inventorylisting_viewDetailsFilterViewInventoryListing.action.png,FALSE,https://jsonify.hel1.your-objectstorage.com/screenshots/evals/results-2026-08-11-full/browseruse/242_www.cargurus.com_Cars_inventorylisting_viewDetailsFilterViewInventoryListing.action.png,FALSE,https://jsonify.hel1.your-objectstorage.com/screenshots/evals/results-2026-08-11-full/firecrawl_browser/242_www.cargurus.com_Cars_inventorylisting_viewDetailsFilterViewInventoryListing.action.png,TRUE,https://jsonify.hel1.your-objectstorage.com/screenshots/evals/results-2026-08-11-full/hyperbrowser/242_www.cargurus.com_Cars_inventorylisting_viewDetailsFilterViewInventoryListing.action.png,FALSE,https://jsonify.hel1.your-objectstorage.com/screenshots/evals/results-2026-08-11-full/obscura/242_www.cargurus.com_Cars_inventorylisting_viewDetailsFilterViewInventoryListing.action.png,FALSE,https://jsonify.hel1.your-objectstorage.com/screenshots/evals/results-2026-08-11-full/playwright/242_www.cargurus.com_Cars_inventorylisting_viewDetailsFilterViewInventoryListing.action.png,FALSE,https://jsonify.hel1.your-objectstorage.com/screenshots/evals/results-2026-08-11-full/selenium/242_www.cargurus.com_Cars_inventorylisting_viewDetailsFilterViewInventoryListing.action.png,FALSE,TRUE
https://www.edmunds.com/inventory/srp.html,https://jsonify.hel1.your-objectstorage.com/screenshots/854258a4-bb2b-4584-a6bc-9cba13529eea.png,FALSE,https://jsonify.hel1.your-objectstorage.com/screenshots/evals/results-2026-08-11-full/bless/243_www.edmunds.com_inventory_srp.html.png,TRUE,https://jsonify.hel1.your-objectstorage.com/screenshots/evals/results-2026-08-11-full/bbase/243_www.edmunds.com_inventory_srp.html.png,FALSE,https://jsonify.hel1.your-objectstorage.com/screenshots/evals/results-2026-08-11-full/browseruse/243_www.edmunds.com_inventory_srp.html.png,FALSE,https://jsonify.hel1.your-objectstorage.com/screenshots/evals/results-2026-08-11-full/firecrawl_browser/243_www.edmunds.com_inventory_srp.html.png,FALSE,https://jsonify.hel1.your-objectstorage.com/screenshots/evals/results-2026-08-11-full/hyperbrowser/243_www.edmunds.com_inventory_srp.html.png,FALSE,https://jsonify.hel1.your-objectstorage.com/screenshots/evals/results-2026-08-11-full/obscura/243_www.edmunds.com_inventory_srp.html.png,FALSE,https://jsonify.hel1.your-objectstorage.com/screenshots/evals/results-2026-08-11-full/playwright/243_www.edmunds.com_inventory_srp.html.png,FALSE,https://jsonify.hel1.your-objectstorage.com/screenshots/evals/results-2026-08-11-full/selenium/243_www.edmunds.com_inventory_srp.html.png,FALSE,TRUE
https://www.carvana.com/cars,https://jsonify.hel1.your-objectstorage.com/screenshots/71bc3c9d-ea66-4866-8846-681b320defdf.png,TRUE,https://jsonify.hel1.your-objectstorage.com/screenshots/evals/results-2026-08-11-full/bless/244_www.carvana.com_cars.png,FALSE,https://jsonify.hel1.your-objectstorage.com/screenshots/evals/results-2026-08-11-full/bbase/244_www.carvana.com_cars.png,TRUE,https://jsonify.hel1.your-objectstorage.com/screenshots/evals/results-2026-08-11-full/browseruse/244_www.carvana.com_cars.png,TRUE,https://jsonify.hel1.your-objectstorage.com/screenshots/evals/results-2026-08-11-full/firecrawl_browser/244_www.carvana.com_cars.png,TRUE,https://jsonify.hel1.your-objectstorage.com/screenshots/evals/results-2026-08-11-full/hyperbrowser/244_www.carvana.com_cars.png,FALSE,https://jsonify.hel1.your-objectstorage.com/screenshots/evals/results-2026-08-11-full/obscura/244_www.carvana.com_cars.png,FALSE,https://jsonify.hel1.your-objectstorage.com/screenshots/evals/results-2026-08-11-full/playwright/244_www.carvana.com_cars.png,FALSE,https://jsonify.hel1.your-objectstorage.com/screenshots/evals/results-2026-08-11-full/selenium/244_www.carvana.com_cars.png,FALSE,TRUE
https://www.copart.com/vehicleFinder,https://jsonify.hel1.your-objectstorage.com/screenshots/3fe47ed5-0cb9-4f31-a52d-aa4579db7a40.png,TRUE,https://jsonify.hel1.your-objectstorage.com/screenshots/evals/results-2026-08-11-full/bless/245_www.copart.com_vehicleFinder.png,TRUE,https://jsonify.hel1.your-objectstorage.com/screenshots/evals/results-2026-08-11-full/bbase/245_www.copart.com_vehicleFinder.png,TRUE,https://jsonify.hel1.your-objectstorage.com/screenshots/evals/results-2026-08-11-full/browseruse/245_www.copart.com_vehicleFinder.png,TRUE,https://jsonify.hel1.your-objectstorage.com/screenshots/evals/results-2026-08-11-full/firecrawl_browser/245_www.copart.com_vehicleFinder.png,TRUE,https://jsonify.hel1.your-objectstorage.com/screenshots/evals/results-2026-08-11-full/hyperbrowser/245_www.copart.com_vehicleFinder.png,TRUE,https://jsonify.hel1.your-objectstorage.com/screenshots/evals/results-2026-08-11-full/obscura/245_www.copart.com_vehicleFinder.png,TRUE,https://jsonify.hel1.your-objectstorage.com/screenshots/evals/results-2026-08-11-full/playwright/245_www.copart.com_vehicleFinder.png,FALSE,https://jsonify.hel1.your-objectstorage.com/screenshots/evals/results-2026-08-11-full/selenium/245_www.copart.com_vehicleFinder.png,FALSE,TRUE
https://bringatrailer.com/auctions/,https://jsonify.hel1.your-objectstorage.com/screenshots/4435c4c0-fda7-4953-a6fd-2eb7ef47b271.png,TRUE,https://jsonify.hel1.your-objectstorage.com/screenshots/evals/results-2026-08-11-full/bless/246_bringatrailer.com_auctions.png,TRUE,https://jsonify.hel1.your-objectstorage.com/screenshots/evals/results-2026-08-11-full/bbase/246_bringatrailer.com_auctions.png,TRUE,https://jsonify.hel1.your-objectstorage.com/screenshots/evals/results-2026-08-11-full/browseruse/246_bringatrailer.com_auctions.png,TRUE,https://jsonify.hel1.your-objectstorage.com/screenshots/evals/results-2026-08-11-full/firecrawl_browser/246_bringatrailer.com_auctions.png,TRUE,https://jsonify.hel1.your-objectstorage.com/screenshots/evals/results-2026-08-11-full/hyperbrowser/246_bringatrailer.com_auctions.png,TRUE,https://jsonify.hel1.your-objectstorage.com/screenshots/evals/results-2026-08-11-full/obscura/246_bringatrailer.com_auctions.png,FALSE,https://jsonify.hel1.your-objectstorage.com/screenshots/evals/results-2026-08-11-full/playwright/246_bringatrailer.com_auctions.png,TRUE,https://jsonify.hel1.your-objectstorage.com/screenshots/evals/results-2026-08-11-full/selenium/246_bringatrailer.com_auctions.png,TRUE,TRUE
https://www.kijiji.ca/b-cars-vehicles/canada/c27l0,https://jsonify.hel1.your-objectstorage.com/screenshots/3b992e38-544d-43ad-9bc7-3cd4a04921f7.png,TRUE,https://jsonify.hel1.your-objectstorage.com/screenshots/evals/results-2026-08-11-full/bless/247_www.kijiji.ca_b-cars-vehicles_canada_c27l0.png,TRUE,https://jsonify.hel1.your-objectstorage.com/screenshots/evals/results-2026-08-11-full/bbase/247_www.kijiji.ca_b-cars-vehicles_canada_c27l0.png,TRUE,https://jsonify.hel1.your-objectstorage.com/screenshots/evals/results-2026-08-11-full/browseruse/247_www.kijiji.ca_b-cars-vehicles_canada_c27l0.png,TRUE,https://jsonify.hel1.your-objectstorage.com/screenshots/evals/results-2026-08-11-full/firecrawl_browser/247_www.kijiji.ca_b-cars-vehicles_canada_c27l0.png,TRUE,https://jsonify.hel1.your-objectstorage.com/screenshots/evals/results-2026-08-11-full/hyperbrowser/247_www.kijiji.ca_b-cars-vehicles_canada_c27l0.png,TRUE,https://jsonify.hel1.your-objectstorage.com/screenshots/evals/results-2026-08-11-full/obscura/247_www.kijiji.ca_b-cars-vehicles_canada_c27l0.png,TRUE,https://jsonify.hel1.your-objectstorage.com/screenshots/evals/results-2026-08-11-full/playwright/247_www.kijiji.ca_b-cars-vehicles_canada_c27l0.png,TRUE,https://jsonify.hel1.your-objectstorage.com/screenshots/evals/results-2026-08-11-full/selenium/247_www.kijiji.ca_b-cars-vehicles_canada_c27l0.png,TRUE,TRUE
https://www.gumtree.com/search?search_category=all&q=bike,https://jsonify.hel1.your-objectstorage.com/screenshots/7c43027b-aab8-447d-883f-176f06cdaea8.png,TRUE,https://jsonify.hel1.your-objectstorage.com/screenshots/evals/results-2026-08-11-full/bless/248_www.gumtree.com_search_search_category_all_q_bike.png,TRUE,https://jsonify.hel1.your-objectstorage.com/screenshots/evals/results-2026-08-11-full/bbase/248_www.gumtree.com_search_search_category_all_q_bike.png,TRUE,https://jsonify.hel1.your-objectstorage.com/screenshots/evals/results-2026-08-11-full/browseruse/248_www.gumtree.com_search_search_category_all_q_bike.png,TRUE,https://jsonify.hel1.your-objectstorage.com/screenshots/evals/results-2026-08-11-full/firecrawl_browser/248_www.gumtree.com_search_search_category_all_q_bike.png,TRUE,https://jsonify.hel1.your-objectstorage.com/screenshots/evals/results-2026-08-11-full/hyperbrowser/248_www.gumtree.com_search_search_category_all_q_bike.png,TRUE,https://jsonify.hel1.your-objectstorage.com/screenshots/evals/results-2026-08-11-full/obscura/248_www.gumtree.com_search_search_category_all_q_bike.png,FALSE,https://jsonify.hel1.your-objectstorage.com/screenshots/evals/results-2026-08-11-full/playwright/248_www.gumtree.com_search_search_category_all_q_bike.png,TRUE,https://jsonify.hel1.your-objectstorage.com/screenshots/evals/results-2026-08-11-full/selenium/248_www.gumtree.com_search_search_category_all_q_bike.png,TRUE,TRUE
https://www.avito.ru/rossiya?q=iphone,https://jsonify.hel1.your-objectstorage.com/screenshots/9c08fded-91ff-4b94-ad8a-dd9e0cfc0d9c.png,TRUE,https://jsonify.hel1.your-objectstorage.com/screenshots/evals/results-2026-08-11-full/bless/249_www.avito.ru_rossiya_q_iphone.png,FALSE,https://jsonify.hel1.your-objectstorage.com/screenshots/evals/results-2026-08-11-full/bbase/249_www.avito.ru_rossiya_q_iphone.png,FALSE,https://jsonify.hel1.your-objectstorage.com/screenshots/evals/results-2026-08-11-full/browseruse/249_www.avito.ru_rossiya_q_iphone.png,FALSE,https://jsonify.hel1.your-objectstorage.com/screenshots/evals/results-2026-08-11-full/firecrawl_browser/249_www.avito.ru_rossiya_q_iphone.png,FALSE,https://jsonify.hel1.your-objectstorage.com/screenshots/evals/results-2026-08-11-full/hyperbrowser/249_www.avito.ru_rossiya_q_iphone.png,FALSE,https://jsonify.hel1.your-objectstorage.com/screenshots/evals/results-2026-08-11-full/obscura/249_www.avito.ru_rossiya_q_iphone.png,FALSE,https://jsonify.hel1.your-objectstorage.com/screenshots/evals/results-2026-08-11-full/playwright/249_www.avito.ru_rossiya_q_iphone.png,FALSE,https://jsonify.hel1.your-objectstorage.com/screenshots/evals/results-2026-08-11-full/selenium/249_www.avito.ru_rossiya_q_iphone.png,TRUE,TRUE
"https://www.trulia.com/for_sale/New_York,NY/",https://jsonify.hel1.your-objectstorage.com/screenshots/490a7fff-5f44-4462-8c5f-669e04fd9244.png,TRUE,https://jsonify.hel1.your-objectstorage.com/screenshots/evals/results-2026-08-11-full/bless/250_www.trulia.com_for_sale_New_York_NY.png,TRUE,https://jsonify.hel1.your-objectstorage.com/screenshots/evals/results-2026-08-11-full/bbase/250_www.trulia.com_for_sale_New_York_NY.png,TRUE,https://jsonify.hel1.your-objectstorage.com/screenshots/evals/results-2026-08-11-full/browseruse/250_www.trulia.com_for_sale_New_York_NY.png,TRUE,https://jsonify.hel1.your-objectstorage.com/screenshots/evals/results-2026-08-11-full/firecrawl_browser/250_www.trulia.com_for_sale_New_York_NY.png,TRUE,https://jsonify.hel1.your-objectstorage.com/screenshots/evals/results-2026-08-11-full/hyperbrowser/250_www.trulia.com_for_sale_New_York_NY.png,TRUE,https://jsonify.hel1.your-objectstorage.com/screenshots/evals/results-2026-08-11-full/obscura/250_www.trulia.com_for_sale_New_York_NY.png,TRUE,https://jsonify.hel1.your-objectstorage.com/screenshots/evals/results-2026-08-11-full/playwright/250_www.trulia.com_for_sale_New_York_NY.png,FALSE,https://jsonify.hel1.your-objectstorage.com/screenshots/evals/results-2026-08-11-full/selenium/250_www.trulia.com_for_sale_New_York_NY.png,FALSE,TRUE
https://hotpads.com/new-york-ny/apartments-for-rent,https://jsonify.hel1.your-objectstorage.com/screenshots/c94a46b3-adf6-4404-abb4-12c1fd37d196.png,FALSE,https://jsonify.hel1.your-objectstorage.com/screenshots/evals/results-2026-08-11-full/bless/251_hotpads.com_new-york-ny_apartments-for-rent.png,FALSE,https://jsonify.hel1.your-objectstorage.com/screenshots/evals/results-2026-08-11-full/bbase/251_hotpads.com_new-york-ny_apartments-for-rent.png,FALSE,https://jsonify.hel1.your-objectstorage.com/screenshots/evals/results-2026-08-11-full/browseruse/251_hotpads.com_new-york-ny_apartments-for-rent.png,TRUE,https://jsonify.hel1.your-objectstorage.com/screenshots/evals/results-2026-08-11-full/firecrawl_browser/251_hotpads.com_new-york-ny_apartments-for-rent.png,FALSE,https://jsonify.hel1.your-objectstorage.com/screenshots/evals/results-2026-08-11-full/hyperbrowser/251_hotpads.com_new-york-ny_apartments-for-rent.png,FALSE,https://jsonify.hel1.your-objectstorage.com/screenshots/evals/results-2026-08-11-full/obscura/251_hotpads.com_new-york-ny_apartments-for-rent.png,TRUE,https://jsonify.hel1.your-objectstorage.com/screenshots/evals/results-2026-08-11-full/playwright/251_hotpads.com_new-york-ny_apartments-for-rent.png,FALSE,https://jsonify.hel1.your-objectstorage.com/screenshots/evals/results-2026-08-11-full/selenium/251_hotpads.com_new-york-ny_apartments-for-rent.png,FALSE,TRUE
https://www.rent.com/new-york/new-york-apartments,https://jsonify.hel1.your-objectstorage.com/screenshots/7adcb2f8-6638-4f27-83ff-d62be46ba666.png,TRUE,https://jsonify.hel1.your-objectstorage.com/screenshots/evals/results-2026-08-11-full/bless/252_www.rent.com_new-york_new-york-apartments.png,TRUE,https://jsonify.hel1.your-objectstorage.com/screenshots/evals/results-2026-08-11-full/bbase/252_www.rent.com_new-york_new-york-apartments.png,TRUE,https://jsonify.hel1.your-objectstorage.com/screenshots/evals/results-2026-08-11-full/browseruse/252_www.rent.com_new-york_new-york-apartments.png,TRUE,https://jsonify.hel1.your-objectstorage.com/screenshots/evals/results-2026-08-11-full/firecrawl_browser/252_www.rent.com_new-york_new-york-apartments.png,TRUE,https://jsonify.hel1.your-objectstorage.com/screenshots/evals/results-2026-08-11-full/hyperbrowser/252_www.rent.com_new-york_new-york-apartments.png,TRUE,https://jsonify.hel1.your-objectstorage.com/screenshots/evals/results-2026-08-11-full/obscura/252_www.rent.com_new-york_new-york-apartments.png,TRUE,https://jsonify.hel1.your-objectstorage.com/screenshots/evals/results-2026-08-11-full/playwright/252_www.rent.com_new-york_new-york-apartments.png,FALSE,https://jsonify.hel1.your-objectstorage.com/screenshots/evals/results-2026-08-11-full/selenium/252_www.rent.com_new-york_new-york-apartments.png,FALSE,TRUE
https://www.zumper.com/apartments-for-rent/new-york-ny,https://jsonify.hel1.your-objectstorage.com/screenshots/f35b9411-1cfb-4bad-b197-0f30681a5547.png,TRUE,https://jsonify.hel1.your-objectstorage.com/screenshots/evals/results-2026-08-11-full/bless/253_www.zumper.com_apartments-for-rent_new-york-ny.png,TRUE,https://jsonify.hel1.your-objectstorage.com/screenshots/evals/results-2026-08-11-full/bbase/253_www.zumper.com_apartments-for-rent_new-york-ny.png,TRUE,https://jsonify.hel1.your-objectstorage.com/screenshots/evals/results-2026-08-11-full/browseruse/253_www.zumper.com_apartments-for-rent_new-york-ny.png,TRUE,https://jsonify.hel1.your-objectstorage.com/screenshots/evals/results-2026-08-11-full/firecrawl_browser/253_www.zumper.com_apartments-for-rent_new-york-ny.png,TRUE,https://jsonify.hel1.your-objectstorage.com/screenshots/evals/results-2026-08-11-full/hyperbrowser/253_www.zumper.com_apartments-for-rent_new-york-ny.png,TRUE,https://jsonify.hel1.your-objectstorage.com/screenshots/evals/results-2026-08-11-full/obscura/253_www.zumper.com_apartments-for-rent_new-york-ny.png,TRUE,https://jsonify.hel1.your-objectstorage.com/screenshots/evals/results-2026-08-11-full/playwright/253_www.zumper.com_apartments-for-rent_new-york-ny.png,TRUE,https://jsonify.hel1.your-objectstorage.com/screenshots/evals/results-2026-08-11-full/selenium/253_www.zumper.com_apartments-for-rent_new-york-ny.png,FALSE,TRUE
https://www.immobiliare.it/vendita-case/roma/,https://jsonify.hel1.your-objectstorage.com/screenshots/e8c6a47c-ecf1-4253-a752-2ef0ba979dc0.png,TRUE,https://jsonify.hel1.your-objectstorage.com/screenshots/evals/results-2026-08-11-full/bless/254_www.immobiliare.it_vendita-case_roma.png,TRUE,https://jsonify.hel1.your-objectstorage.com/screenshots/evals/results-2026-08-11-full/bbase/254_www.immobiliare.it_vendita-case_roma.png,FALSE,https://jsonify.hel1.your-objectstorage.com/screenshots/evals/results-2026-08-11-full/browseruse/254_www.immobiliare.it_vendita-case_roma.png,FALSE,https://jsonify.hel1.your-objectstorage.com/screenshots/evals/results-2026-08-11-full/firecrawl_browser/254_www.immobiliare.it_vendita-case_roma.png,FALSE,https://jsonify.hel1.your-objectstorage.com/screenshots/evals/results-2026-08-11-full/hyperbrowser/254_www.immobiliare.it_vendita-case_roma.png,FALSE,https://jsonify.hel1.your-objectstorage.com/screenshots/evals/results-2026-08-11-full/obscura/254_www.immobiliare.it_vendita-case_roma.png,FALSE,https://jsonify.hel1.your-objectstorage.com/screenshots/evals/results-2026-08-11-full/playwright/254_www.immobiliare.it_vendita-case_roma.png,FALSE,https://jsonify.hel1.your-objectstorage.com/screenshots/evals/results-2026-08-11-full/selenium/254_www.immobiliare.it_vendita-case_roma.png,FALSE,TRUE
https://www.casa.it/vendita/residenziale/roma/,https://jsonify.hel1.your-objectstorage.com/screenshots/45f7176f-8175-43c3-abf2-dd51c2dd77e6.png,TRUE,https://jsonify.hel1.your-objectstorage.com/screenshots/evals/results-2026-08-11-full/bless/255_www.casa.it_vendita_residenziale_roma.png,FALSE,https://jsonify.hel1.your-objectstorage.com/screenshots/evals/results-2026-08-11-full/bbase/255_www.casa.it_vendita_residenziale_roma.png,FALSE,https://jsonify.hel1.your-objectstorage.com/screenshots/evals/results-2026-08-11-full/browseruse/255_www.casa.it_vendita_residenziale_roma.png,TRUE,https://jsonify.hel1.your-objectstorage.com/screenshots/evals/results-2026-08-11-full/firecrawl_browser/255_www.casa.it_vendita_residenziale_roma.png,TRUE,https://jsonify.hel1.your-objectstorage.com/screenshots/evals/results-2026-08-11-full/hyperbrowser/255_www.casa.it_vendita_residenziale_roma.png,FALSE,https://jsonify.hel1.your-objectstorage.com/screenshots/evals/results-2026-08-11-full/obscura/255_www.casa.it_vendita_residenziale_roma.png,FALSE,https://jsonify.hel1.your-objectstorage.com/screenshots/evals/results-2026-08-11-full/playwright/255_www.casa.it_vendita_residenziale_roma.png,FALSE,https://jsonify.hel1.your-objectstorage.com/screenshots/evals/results-2026-08-11-full/selenium/255_www.casa.it_vendita_residenziale_roma.png,FALSE,TRUE
https://www.bienici.com/recherche/achat/paris-75,https://jsonify.hel1.your-objectstorage.com/screenshots/f8e1b24c-3d53-4330-a65c-50563d3eedc1.png,TRUE,https://jsonify.hel1.your-objectstorage.com/screenshots/evals/results-2026-08-11-full/bless/256_www.bienici.com_recherche_achat_paris-75.png,TRUE,https://jsonify.hel1.your-objectstorage.com/screenshots/evals/results-2026-08-11-full/bbase/256_www.bienici.com_recherche_achat_paris-75.png,TRUE,https://jsonify.hel1.your-objectstorage.com/screenshots/evals/results-2026-08-11-full/browseruse/256_www.bienici.com_recherche_achat_paris-75.png,TRUE,https://jsonify.hel1.your-objectstorage.com/screenshots/evals/results-2026-08-11-full/firecrawl_browser/256_www.bienici.com_recherche_achat_paris-75.png,TRUE,https://jsonify.hel1.your-objectstorage.com/screenshots/evals/results-2026-08-11-full/hyperbrowser/256_www.bienici.com_recherche_achat_paris-75.png,TRUE,https://jsonify.hel1.your-objectstorage.com/screenshots/evals/results-2026-08-11-full/obscura/256_www.bienici.com_recherche_achat_paris-75.png,FALSE,https://jsonify.hel1.your-objectstorage.com/screenshots/evals/results-2026-08-11-full/playwright/256_www.bienici.com_recherche_achat_paris-75.png,TRUE,https://jsonify.hel1.your-objectstorage.com/screenshots/evals/results-2026-08-11-full/selenium/256_www.bienici.com_recherche_achat_paris-75.png,TRUE,TRUE
"https://www.logic-immo.com/classified-search?distributionTypes=Buy&estateTypes=House,Apartment&locations=AD08FR31096&m=homepage_new_search_classified_search_result",https://jsonify.hel1.your-objectstorage.com/screenshots/b3fee00e-162d-4083-b55b-b66f5150010c.png,TRUE,https://jsonify.hel1.your-objectstorage.com/screenshots/evals/results-2026-08-11-full/bless/257_www.logic-immo.com_classified-search_distributionTypes_Buy_estateTypes_House_Apartment_locations.png,TRUE,https://jsonify.hel1.your-objectstorage.com/screenshots/evals/results-2026-08-11-full/bbase/257_www.logic-immo.com_classified-search_distributionTypes_Buy_estateTypes_House_Apartment_locations.png,TRUE,https://jsonify.hel1.your-objectstorage.com/screenshots/evals/results-2026-08-11-full/browseruse/257_www.logic-immo.com_classified-search_distributionTypes_Buy_estateTypes_House_Apartment_locations.png,TRUE,https://jsonify.hel1.your-objectstorage.com/screenshots/evals/results-2026-08-11-full/firecrawl_browser/257_www.logic-immo.com_classified-search_distributionTypes_Buy_estateTypes_House_Apartment_locations.png,TRUE,https://jsonify.hel1.your-objectstorage.com/screenshots/evals/results-2026-08-11-full/hyperbrowser/257_www.logic-immo.com_classified-search_distributionTypes_Buy_estateTypes_House_Apartment_locations.png,FALSE,https://jsonify.hel1.your-objectstorage.com/screenshots/evals/results-2026-08-11-full/obscura/257_www.logic-immo.com_classified-search_distributionTypes_Buy_estateTypes_House_Apartment_locations.png,FALSE,https://jsonify.hel1.your-objectstorage.com/screenshots/evals/results-2026-08-11-full/playwright/257_www.logic-immo.com_classified-search_distributionTypes_Buy_estateTypes_House_Apartment_locations.png,FALSE,https://jsonify.hel1.your-objectstorage.com/screenshots/evals/results-2026-08-11-full/selenium/257_www.logic-immo.com_classified-search_distributionTypes_Buy_estateTypes_House_Apartment_locations.png,FALSE,TRUE
https://www.property24.com/for-sale/gauteng/1,https://jsonify.hel1.your-objectstorage.com/screenshots/62f3622e-0a07-4517-b7e1-7f1719fb6a45.png,TRUE,https://jsonify.hel1.your-objectstorage.com/screenshots/evals/results-2026-08-11-full/bless/258_www.property24.com_for-sale_gauteng_1.png,TRUE,https://jsonify.hel1.your-objectstorage.com/screenshots/evals/results-2026-08-11-full/bbase/258_www.property24.com_for-sale_gauteng_1.png,TRUE,https://jsonify.hel1.your-objectstorage.com/screenshots/evals/results-2026-08-11-full/browseruse/258_www.property24.com_for-sale_gauteng_1.png,TRUE,https://jsonify.hel1.your-objectstorage.com/screenshots/evals/results-2026-08-11-full/firecrawl_browser/258_www.property24.com_for-sale_gauteng_1.png,TRUE,https://jsonify.hel1.your-objectstorage.com/screenshots/evals/results-2026-08-11-full/hyperbrowser/258_www.property24.com_for-sale_gauteng_1.png,TRUE,https://jsonify.hel1.your-objectstorage.com/screenshots/evals/results-2026-08-11-full/obscura/258_www.property24.com_for-sale_gauteng_1.png,TRUE,https://jsonify.hel1.your-objectstorage.com/screenshots/evals/results-2026-08-11-full/playwright/258_www.property24.com_for-sale_gauteng_1.png,TRUE,https://jsonify.hel1.your-objectstorage.com/screenshots/evals/results-2026-08-11-full/selenium/258_www.property24.com_for-sale_gauteng_1.png,TRUE,TRUE
https://housing.com/in/buy/indore/rau-gid/,https://jsonify.hel1.your-objectstorage.com/screenshots/59145246-8784-4a0b-8d7a-54c181f98a48.png,TRUE,https://jsonify.hel1.your-objectstorage.com/screenshots/evals/results-2026-08-11-full/bless/259_housing.com_in_buy_indore_rau-gid.png,TRUE,https://jsonify.hel1.your-objectstorage.com/screenshots/evals/results-2026-08-11-full/bbase/259_housing.com_in_buy_indore_rau-gid.png,TRUE,https://jsonify.hel1.your-objectstorage.com/screenshots/evals/results-2026-08-11-full/browseruse/259_housing.com_in_buy_indore_rau-gid.png,TRUE,https://jsonify.hel1.your-objectstorage.com/screenshots/evals/results-2026-08-11-full/firecrawl_browser/259_housing.com_in_buy_indore_rau-gid.png,FALSE,https://jsonify.hel1.your-objectstorage.com/screenshots/evals/results-2026-08-11-full/hyperbrowser/259_housing.com_in_buy_indore_rau-gid.png,TRUE,https://jsonify.hel1.your-objectstorage.com/screenshots/evals/results-2026-08-11-full/obscura/259_housing.com_in_buy_indore_rau-gid.png,TRUE,https://jsonify.hel1.your-objectstorage.com/screenshots/evals/results-2026-08-11-full/playwright/259_housing.com_in_buy_indore_rau-gid.png,FALSE,https://jsonify.hel1.your-objectstorage.com/screenshots/evals/results-2026-08-11-full/selenium/259_housing.com_in_buy_indore_rau-gid.png,FALSE,TRUE
https://www.magicbricks.com/property-for-sale/residential-real-estate,https://jsonify.hel1.your-objectstorage.com/screenshots/4aef8540-c4a4-4545-8bd1-be371de20194.png,TRUE,https://jsonify.hel1.your-objectstorage.com/screenshots/evals/results-2026-08-11-full/bless/260_www.magicbricks.com_property-for-sale_residential-real-estate.png,TRUE,https://jsonify.hel1.your-objectstorage.com/screenshots/evals/results-2026-08-11-full/bbase/260_www.magicbricks.com_property-for-sale_residential-real-estate.png,TRUE,https://jsonify.hel1.your-objectstorage.com/screenshots/evals/results-2026-08-11-full/browseruse/260_www.magicbricks.com_property-for-sale_residential-real-estate.png,TRUE,https://jsonify.hel1.your-objectstorage.com/screenshots/evals/results-2026-08-11-full/firecrawl_browser/260_www.magicbricks.com_property-for-sale_residential-real-estate.png,TRUE,https://jsonify.hel1.your-objectstorage.com/screenshots/evals/results-2026-08-11-full/hyperbrowser/260_www.magicbricks.com_property-for-sale_residential-real-estate.png,TRUE,https://jsonify.hel1.your-objectstorage.com/screenshots/evals/results-2026-08-11-full/obscura/260_www.magicbricks.com_property-for-sale_residential-real-estate.png,FALSE,https://jsonify.hel1.your-objectstorage.com/screenshots/evals/results-2026-08-11-full/playwright/260_www.magicbricks.com_property-for-sale_residential-real-estate.png,FALSE,https://jsonify.hel1.your-objectstorage.com/screenshots/evals/results-2026-08-11-full/selenium/260_www.magicbricks.com_property-for-sale_residential-real-estate.png,FALSE,TRUE
https://www.nobroker.in/property/rent/greater-noida/Noida%20sector%2018?searchParam=W3sibGF0IjoyOC4zNTEzMzg5LCJsb24iOjc3LjU2MjQzOTcsInBsYWNlSWQiOiJDaElKUjBIRnR2VzVERGtSeHkxOUVoNkVNbTQiLCJwbGFjZU5hbWUiOiJOb2lkYSBzZWN0b3IgMTgifV0=&radius=2.0&sharedAccomodation=0&city=greater-noida&locality=Noida%20sector%2018,https://jsonify.hel1.your-objectstorage.com/screenshots/1e998cc5-da3f-41c1-bcaf-38d866d49c13.png,TRUE,https://jsonify.hel1.your-objectstorage.com/screenshots/evals/results-2026-08-11-full/bless/261_www.nobroker.in_property_rent_greater-noida_Noida_20sector_2018_searchParam_W3sibGF0IjoyOC4zNTEzMzg5LCJsb24iOjc3LjU2MjQzOTcs.png,TRUE,https://jsonify.hel1.your-objectstorage.com/screenshots/evals/results-2026-08-11-full/bbase/261_www.nobroker.in_property_rent_greater-noida_Noida_20sector_2018_searchParam_W3sibGF0IjoyOC4zNTEzMzg5LCJsb24iOjc3LjU2MjQzOTcs.png,TRUE,https://jsonify.hel1.your-objectstorage.com/screenshots/evals/results-2026-08-11-full/browseruse/261_www.nobroker.in_property_rent_greater-noida_Noida_20sector_2018_searchParam_W3sibGF0IjoyOC4zNTEzMzg5LCJsb24iOjc3LjU2MjQzOTcs.png,TRUE,https://jsonify.hel1.your-objectstorage.com/screenshots/evals/results-2026-08-11-full/firecrawl_browser/261_www.nobroker.in_property_rent_greater-noida_Noida_20sector_2018_searchParam_W3sibGF0IjoyOC4zNTEzMzg5LCJsb24iOjc3LjU2MjQzOTcs.png,TRUE,https://jsonify.hel1.your-objectstorage.com/screenshots/evals/results-2026-08-11-full/hyperbrowser/261_www.nobroker.in_property_rent_greater-noida_Noida_20sector_2018_searchParam_W3sibGF0IjoyOC4zNTEzMzg5LCJsb24iOjc3LjU2MjQzOTcs.png,TRUE,https://jsonify.hel1.your-objectstorage.com/screenshots/evals/results-2026-08-11-full/obscura/261_www.nobroker.in_property_rent_greater-noida_Noida_20sector_2018_searchParam_W3sibGF0IjoyOC4zNTEzMzg5LCJsb24iOjc3LjU2MjQzOTcs.png,TRUE,https://jsonify.hel1.your-objectstorage.com/screenshots/evals/results-2026-08-11-full/playwright/261_www.nobroker.in_property_rent_greater-noida_Noida_20sector_2018_searchParam_W3sibGF0IjoyOC4zNTEzMzg5LCJsb24iOjc3LjU2MjQzOTcs.png,TRUE,https://jsonify.hel1.your-objectstorage.com/screenshots/evals/results-2026-08-11-full/selenium/261_www.nobroker.in_property_rent_greater-noida_Noida_20sector_2018_searchParam_W3sibGF0IjoyOC4zNTEzMzg5LCJsb24iOjc3LjU2MjQzOTcs.png,TRUE,TRUE
https://www.realtor.ca/on/toronto/real-estate,https://jsonify.hel1.your-objectstorage.com/screenshots/5cb79256-2a9e-4d21-a60b-fbbf519471fc.png,TRUE,https://jsonify.hel1.your-objectstorage.com/screenshots/evals/results-2026-08-11-full/bless/262_www.realtor.ca_on_toronto_real-estate.png,TRUE,https://jsonify.hel1.your-objectstorage.com/screenshots/evals/results-2026-08-11-full/bbase/262_www.realtor.ca_on_toronto_real-estate.png,TRUE,https://jsonify.hel1.your-objectstorage.com/screenshots/evals/results-2026-08-11-full/browseruse/262_www.realtor.ca_on_toronto_real-estate.png,TRUE,https://jsonify.hel1.your-objectstorage.com/screenshots/evals/results-2026-08-11-full/firecrawl_browser/262_www.realtor.ca_on_toronto_real-estate.png,TRUE,https://jsonify.hel1.your-objectstorage.com/screenshots/evals/results-2026-08-11-full/hyperbrowser/262_www.realtor.ca_on_toronto_real-estate.png,TRUE,https://jsonify.hel1.your-objectstorage.com/screenshots/evals/results-2026-08-11-full/obscura/262_www.realtor.ca_on_toronto_real-estate.png,TRUE,https://jsonify.hel1.your-objectstorage.com/screenshots/evals/results-2026-08-11-full/playwright/262_www.realtor.ca_on_toronto_real-estate.png,FALSE,https://jsonify.hel1.your-objectstorage.com/screenshots/evals/results-2026-08-11-full/selenium/262_www.realtor.ca_on_toronto_real-estate.png,FALSE,TRUE
https://www.propertyfinder.ae/en/search?c=1&l=1,https://jsonify.hel1.your-objectstorage.com/screenshots/32cc1083-8366-4cc4-8b56-f694ddef17dd.png,TRUE,https://jsonify.hel1.your-objectstorage.com/screenshots/evals/results-2026-08-11-full/bless/263_www.propertyfinder.ae_en_search_c_1_l_1.png,TRUE,https://jsonify.hel1.your-objectstorage.com/screenshots/evals/results-2026-08-11-full/bbase/263_www.propertyfinder.ae_en_search_c_1_l_1.png,TRUE,https://jsonify.hel1.your-objectstorage.com/screenshots/evals/results-2026-08-11-full/browseruse/263_www.propertyfinder.ae_en_search_c_1_l_1.png,TRUE,https://jsonify.hel1.your-objectstorage.com/screenshots/evals/results-2026-08-11-full/firecrawl_browser/263_www.propertyfinder.ae_en_search_c_1_l_1.png,TRUE,https://jsonify.hel1.your-objectstorage.com/screenshots/evals/results-2026-08-11-full/hyperbrowser/263_www.propertyfinder.ae_en_search_c_1_l_1.png,TRUE,https://jsonify.hel1.your-objectstorage.com/screenshots/evals/results-2026-08-11-full/obscura/263_www.propertyfinder.ae_en_search_c_1_l_1.png,TRUE,https://jsonify.hel1.your-objectstorage.com/screenshots/evals/results-2026-08-11-full/playwright/263_www.propertyfinder.ae_en_search_c_1_l_1.png,FALSE,https://jsonify.hel1.your-objectstorage.com/screenshots/evals/results-2026-08-11-full/selenium/263_www.propertyfinder.ae_en_search_c_1_l_1.png,FALSE,TRUE
https://www.bayut.com/for-sale/property/dubai/,https://jsonify.hel1.your-objectstorage.com/screenshots/bf92f5fa-0468-4210-8303-aef96aa8c026.png,TRUE,https://jsonify.hel1.your-objectstorage.com/screenshots/evals/results-2026-08-11-full/bless/264_www.bayut.com_for-sale_property_dubai.png,TRUE,https://jsonify.hel1.your-objectstorage.com/screenshots/evals/results-2026-08-11-full/bbase/264_www.bayut.com_for-sale_property_dubai.png,TRUE,https://jsonify.hel1.your-objectstorage.com/screenshots/evals/results-2026-08-11-full/browseruse/264_www.bayut.com_for-sale_property_dubai.png,TRUE,https://jsonify.hel1.your-objectstorage.com/screenshots/evals/results-2026-08-11-full/firecrawl_browser/264_www.bayut.com_for-sale_property_dubai.png,TRUE,https://jsonify.hel1.your-objectstorage.com/screenshots/evals/results-2026-08-11-full/hyperbrowser/264_www.bayut.com_for-sale_property_dubai.png,FALSE,https://jsonify.hel1.your-objectstorage.com/screenshots/evals/results-2026-08-11-full/obscura/264_www.bayut.com_for-sale_property_dubai.png,FALSE,https://jsonify.hel1.your-objectstorage.com/screenshots/evals/results-2026-08-11-full/playwright/264_www.bayut.com_for-sale_property_dubai.png,FALSE,https://jsonify.hel1.your-objectstorage.com/screenshots/evals/results-2026-08-11-full/selenium/264_www.bayut.com_for-sale_property_dubai.png,FALSE,TRUE
https://www.domain.com.au/sale/new-norfolk-tas-7140/?excludeunderoffer=1,https://jsonify.hel1.your-objectstorage.com/screenshots/3eb701ac-ecb0-4687-a3b9-8c5ca40a3d20.png,FALSE,https://jsonify.hel1.your-objectstorage.com/screenshots/evals/results-2026-08-11-full/bless/265_www.domain.com.au_sale_new-norfolk-tas-7140_excludeunderoffer_1.png,TRUE,https://jsonify.hel1.your-objectstorage.com/screenshots/evals/results-2026-08-11-full/bbase/265_www.domain.com.au_sale_new-norfolk-tas-7140_excludeunderoffer_1.png,FALSE,https://jsonify.hel1.your-objectstorage.com/screenshots/evals/results-2026-08-11-full/browseruse/265_www.domain.com.au_sale_new-norfolk-tas-7140_excludeunderoffer_1.png,FALSE,https://jsonify.hel1.your-objectstorage.com/screenshots/evals/results-2026-08-11-full/firecrawl_browser/265_www.domain.com.au_sale_new-norfolk-tas-7140_excludeunderoffer_1.png,FALSE,https://jsonify.hel1.your-objectstorage.com/screenshots/evals/results-2026-08-11-full/hyperbrowser/265_www.domain.com.au_sale_new-norfolk-tas-7140_excludeunderoffer_1.png,FALSE,https://jsonify.hel1.your-objectstorage.com/screenshots/evals/results-2026-08-11-full/obscura/265_www.domain.com.au_sale_new-norfolk-tas-7140_excludeunderoffer_1.png,FALSE,https://jsonify.hel1.your-objectstorage.com/screenshots/evals/results-2026-08-11-full/playwright/265_www.domain.com.au_sale_new-norfolk-tas-7140_excludeunderoffer_1.png,FALSE,https://jsonify.hel1.your-objectstorage.com/screenshots/evals/results-2026-08-11-full/selenium/265_www.domain.com.au_sale_new-norfolk-tas-7140_excludeunderoffer_1.png,FALSE,TRUE
https://www.simplyhired.com/search?q=data+scientist,https://jsonify.hel1.your-objectstorage.com/screenshots/ecde74e6-7796-4efa-bdf4-47a8b7f4dffb.png,TRUE,https://jsonify.hel1.your-objectstorage.com/screenshots/evals/results-2026-08-11-full/bless/266_www.simplyhired.com_search_q_data_scientist.png,TRUE,https://jsonify.hel1.your-objectstorage.com/screenshots/evals/results-2026-08-11-full/bbase/266_www.simplyhired.com_search_q_data_scientist.png,TRUE,https://jsonify.hel1.your-objectstorage.com/screenshots/evals/results-2026-08-11-full/browseruse/266_www.simplyhired.com_search_q_data_scientist.png,TRUE,https://jsonify.hel1.your-objectstorage.com/screenshots/evals/results-2026-08-11-full/firecrawl_browser/266_www.simplyhired.com_search_q_data_scientist.png,FALSE,https://jsonify.hel1.your-objectstorage.com/screenshots/evals/results-2026-08-11-full/hyperbrowser/266_www.simplyhired.com_search_q_data_scientist.png,FALSE,https://jsonify.hel1.your-objectstorage.com/screenshots/evals/results-2026-08-11-full/obscura/266_www.simplyhired.com_search_q_data_scientist.png,FALSE,https://jsonify.hel1.your-objectstorage.com/screenshots/evals/results-2026-08-11-full/playwright/266_www.simplyhired.com_search_q_data_scientist.png,FALSE,https://jsonify.hel1.your-objectstorage.com/screenshots/evals/results-2026-08-11-full/selenium/266_www.simplyhired.com_search_q_data_scientist.png,FALSE,TRUE
https://www.dice.com/jobs?q=python,https://jsonify.hel1.your-objectstorage.com/screenshots/5277db6e-ea06-48c3-8782-e8c143690da7.png,TRUE,https://jsonify.hel1.your-objectstorage.com/screenshots/evals/results-2026-08-11-full/bless/267_www.dice.com_jobs_q_python.png,TRUE,https://jsonify.hel1.your-objectstorage.com/screenshots/evals/results-2026-08-11-full/bbase/267_www.dice.com_jobs_q_python.png,TRUE,https://jsonify.hel1.your-objectstorage.com/screenshots/evals/results-2026-08-11-full/browseruse/267_www.dice.com_jobs_q_python.png,TRUE,https://jsonify.hel1.your-objectstorage.com/screenshots/evals/results-2026-08-11-full/firecrawl_browser/267_www.dice.com_jobs_q_python.png,TRUE,https://jsonify.hel1.your-objectstorage.com/screenshots/evals/results-2026-08-11-full/hyperbrowser/267_www.dice.com_jobs_q_python.png,TRUE,https://jsonify.hel1.your-objectstorage.com/screenshots/evals/results-2026-08-11-full/obscura/267_www.dice.com_jobs_q_python.png,TRUE,https://jsonify.hel1.your-objectstorage.com/screenshots/evals/results-2026-08-11-full/playwright/267_www.dice.com_jobs_q_python.png,TRUE,https://jsonify.hel1.your-objectstorage.com/screenshots/evals/results-2026-08-11-full/selenium/267_www.dice.com_jobs_q_python.png,TRUE,TRUE
https://www.careerbuilder.com/job-listings/search?q=Software+Engineer&where=Phoenix%2C+AZ&page=1&so=m.h.s,https://jsonify.hel1.your-objectstorage.com/screenshots/29d52f9b-6db5-409a-bdf9-eca6b79f18b0.png,TRUE,https://jsonify.hel1.your-objectstorage.com/screenshots/evals/results-2026-08-11-full/bless/268_www.careerbuilder.com_job-listings_search_q_Software_Engineer_where_Phoenix_2C_AZ_page_1_so_m.h.s.png,FALSE,https://jsonify.hel1.your-objectstorage.com/screenshots/evals/results-2026-08-11-full/bbase/268_www.careerbuilder.com_job-listings_search_q_Software_Engineer_where_Phoenix_2C_AZ_page_1_so_m.h.s.png,FALSE,https://jsonify.hel1.your-objectstorage.com/screenshots/evals/results-2026-08-11-full/browseruse/268_www.careerbuilder.com_job-listings_search_q_Software_Engineer_where_Phoenix_2C_AZ_page_1_so_m.h.s.png,TRUE,https://jsonify.hel1.your-objectstorage.com/screenshots/evals/results-2026-08-11-full/firecrawl_browser/268_www.careerbuilder.com_job-listings_search_q_Software_Engineer_where_Phoenix_2C_AZ_page_1_so_m.h.s.png,TRUE,https://jsonify.hel1.your-objectstorage.com/screenshots/evals/results-2026-08-11-full/hyperbrowser/268_www.careerbuilder.com_job-listings_search_q_Software_Engineer_where_Phoenix_2C_AZ_page_1_so_m.h.s.png,FALSE,https://jsonify.hel1.your-objectstorage.com/screenshots/evals/results-2026-08-11-full/obscura/268_www.careerbuilder.com_job-listings_search_q_Software_Engineer_where_Phoenix_2C_AZ_page_1_so_m.h.s.png,FALSE,https://jsonify.hel1.your-objectstorage.com/screenshots/evals/results-2026-08-11-full/playwright/268_www.careerbuilder.com_job-listings_search_q_Software_Engineer_where_Phoenix_2C_AZ_page_1_so_m.h.s.png,FALSE,https://jsonify.hel1.your-objectstorage.com/screenshots/evals/results-2026-08-11-full/selenium/268_www.careerbuilder.com_job-listings_search_q_Software_Engineer_where_Phoenix_2C_AZ_page_1_so_m.h.s.png,FALSE,TRUE
https://www.snagajob.com/search?q=cashier,https://jsonify.hel1.your-objectstorage.com/screenshots/2becf74b-5c04-42b0-b7f0-1eaa340d752a.png,TRUE,https://jsonify.hel1.your-objectstorage.com/screenshots/evals/results-2026-08-11-full/bless/269_www.snagajob.com_search_q_cashier.png,FALSE,https://jsonify.hel1.your-objectstorage.com/screenshots/evals/results-2026-08-11-full/bbase/269_www.snagajob.com_search_q_cashier.png,TRUE,https://jsonify.hel1.your-objectstorage.com/screenshots/evals/results-2026-08-11-full/browseruse/269_www.snagajob.com_search_q_cashier.png,TRUE,https://jsonify.hel1.your-objectstorage.com/screenshots/evals/results-2026-08-11-full/firecrawl_browser/269_www.snagajob.com_search_q_cashier.png,TRUE,https://jsonify.hel1.your-objectstorage.com/screenshots/evals/results-2026-08-11-full/hyperbrowser/269_www.snagajob.com_search_q_cashier.png,FALSE,https://jsonify.hel1.your-objectstorage.com/screenshots/evals/results-2026-08-11-full/obscura/269_www.snagajob.com_search_q_cashier.png,TRUE,https://jsonify.hel1.your-objectstorage.com/screenshots/evals/results-2026-08-11-full/playwright/269_www.snagajob.com_search_q_cashier.png,FALSE,https://jsonify.hel1.your-objectstorage.com/screenshots/evals/results-2026-08-11-full/selenium/269_www.snagajob.com_search_q_cashier.png,FALSE,TRUE
https://www.seek.com.au/jobs-in-information-communication-technology,https://jsonify.hel1.your-objectstorage.com/screenshots/69cc7f17-4032-4d73-8b3f-41585df0fd13.png,TRUE,https://jsonify.hel1.your-objectstorage.com/screenshots/evals/results-2026-08-11-full/bless/270_www.seek.com.au_jobs-in-information-communication-technology.png,FALSE,https://jsonify.hel1.your-objectstorage.com/screenshots/evals/results-2026-08-11-full/bbase/270_www.seek.com.au_jobs-in-information-communication-technology.png,TRUE,https://jsonify.hel1.your-objectstorage.com/screenshots/evals/results-2026-08-11-full/browseruse/270_www.seek.com.au_jobs-in-information-communication-technology.png,TRUE,https://jsonify.hel1.your-objectstorage.com/screenshots/evals/results-2026-08-11-full/firecrawl_browser/270_www.seek.com.au_jobs-in-information-communication-technology.png,FALSE,https://jsonify.hel1.your-objectstorage.com/screenshots/evals/results-2026-08-11-full/hyperbrowser/270_www.seek.com.au_jobs-in-information-communication-technology.png,FALSE,https://jsonify.hel1.your-objectstorage.com/screenshots/evals/results-2026-08-11-full/obscura/270_www.seek.com.au_jobs-in-information-communication-technology.png,FALSE,https://jsonify.hel1.your-objectstorage.com/screenshots/evals/results-2026-08-11-full/playwright/270_www.seek.com.au_jobs-in-information-communication-technology.png,FALSE,https://jsonify.hel1.your-objectstorage.com/screenshots/evals/results-2026-08-11-full/selenium/270_www.seek.com.au_jobs-in-information-communication-technology.png,FALSE,TRUE
https://www.naukri.com/data-scientist-jobs,https://jsonify.hel1.your-objectstorage.com/screenshots/09f8bb68-39ad-414c-b02b-788b56df5fbe.png,TRUE,https://jsonify.hel1.your-objectstorage.com/screenshots/evals/results-2026-08-11-full/bless/271_www.naukri.com_data-scientist-jobs.png,TRUE,https://jsonify.hel1.your-objectstorage.com/screenshots/evals/results-2026-08-11-full/bbase/271_www.naukri.com_data-scientist-jobs.png,TRUE,https://jsonify.hel1.your-objectstorage.com/screenshots/evals/results-2026-08-11-full/browseruse/271_www.naukri.com_data-scientist-jobs.png,TRUE,https://jsonify.hel1.your-objectstorage.com/screenshots/evals/results-2026-08-11-full/firecrawl_browser/271_www.naukri.com_data-scientist-jobs.png,TRUE,https://jsonify.hel1.your-objectstorage.com/screenshots/evals/results-2026-08-11-full/hyperbrowser/271_www.naukri.com_data-scientist-jobs.png,TRUE,https://jsonify.hel1.your-objectstorage.com/screenshots/evals/results-2026-08-11-full/obscura/271_www.naukri.com_data-scientist-jobs.png,FALSE,https://jsonify.hel1.your-objectstorage.com/screenshots/evals/results-2026-08-11-full/playwright/271_www.naukri.com_data-scientist-jobs.png,FALSE,https://jsonify.hel1.your-objectstorage.com/screenshots/evals/results-2026-08-11-full/selenium/271_www.naukri.com_data-scientist-jobs.png,FALSE,TRUE
https://sg.jobstreet.com/software-engineer-jobs/in-Losari-West-Java-ID,https://jsonify.hel1.your-objectstorage.com/screenshots/a4596122-8ce6-475b-b066-8c3730e65429.png,TRUE,https://jsonify.hel1.your-objectstorage.com/screenshots/evals/results-2026-08-11-full/bless/272_sg.jobstreet.com_software-engineer-jobs_in-Losari-West-Java-ID.png,FALSE,https://jsonify.hel1.your-objectstorage.com/screenshots/evals/results-2026-08-11-full/bbase/272_sg.jobstreet.com_software-engineer-jobs_in-Losari-West-Java-ID.png,TRUE,https://jsonify.hel1.your-objectstorage.com/screenshots/evals/results-2026-08-11-full/browseruse/272_sg.jobstreet.com_software-engineer-jobs_in-Losari-West-Java-ID.png,TRUE,https://jsonify.hel1.your-objectstorage.com/screenshots/evals/results-2026-08-11-full/firecrawl_browser/272_sg.jobstreet.com_software-engineer-jobs_in-Losari-West-Java-ID.png,FALSE,https://jsonify.hel1.your-objectstorage.com/screenshots/evals/results-2026-08-11-full/hyperbrowser/272_sg.jobstreet.com_software-engineer-jobs_in-Losari-West-Java-ID.png,FALSE,https://jsonify.hel1.your-objectstorage.com/screenshots/evals/results-2026-08-11-full/obscura/272_sg.jobstreet.com_software-engineer-jobs_in-Losari-West-Java-ID.png,FALSE,https://jsonify.hel1.your-objectstorage.com/screenshots/evals/results-2026-08-11-full/playwright/272_sg.jobstreet.com_software-engineer-jobs_in-Losari-West-Java-ID.png,FALSE,https://jsonify.hel1.your-objectstorage.com/screenshots/evals/results-2026-08-11-full/selenium/272_sg.jobstreet.com_software-engineer-jobs_in-Losari-West-Java-ID.png,FALSE,TRUE
https://www.reed.co.uk/jobs/software-engineer-jobs,https://jsonify.hel1.your-objectstorage.com/screenshots/510ccf8b-60b1-47f3-b4d2-852fad9ccc96.png,TRUE,https://jsonify.hel1.your-objectstorage.com/screenshots/evals/results-2026-08-11-full/bless/273_www.reed.co.uk_jobs_software-engineer-jobs.png,TRUE,https://jsonify.hel1.your-objectstorage.com/screenshots/evals/results-2026-08-11-full/bbase/273_www.reed.co.uk_jobs_software-engineer-jobs.png,TRUE,https://jsonify.hel1.your-objectstorage.com/screenshots/evals/results-2026-08-11-full/browseruse/273_www.reed.co.uk_jobs_software-engineer-jobs.png,TRUE,https://jsonify.hel1.your-objectstorage.com/screenshots/evals/results-2026-08-11-full/firecrawl_browser/273_www.reed.co.uk_jobs_software-engineer-jobs.png,TRUE,https://jsonify.hel1.your-objectstorage.com/screenshots/evals/results-2026-08-11-full/hyperbrowser/273_www.reed.co.uk_jobs_software-engineer-jobs.png,TRUE,https://jsonify.hel1.your-objectstorage.com/screenshots/evals/results-2026-08-11-full/obscura/273_www.reed.co.uk_jobs_software-engineer-jobs.png,TRUE,https://jsonify.hel1.your-objectstorage.com/screenshots/evals/results-2026-08-11-full/playwright/273_www.reed.co.uk_jobs_software-engineer-jobs.png,TRUE,https://jsonify.hel1.your-objectstorage.com/screenshots/evals/results-2026-08-11-full/selenium/273_www.reed.co.uk_jobs_software-engineer-jobs.png,TRUE,TRUE
https://www.totaljobs.com/jobs/software-engineer,https://jsonify.hel1.your-objectstorage.com/screenshots/90b700cc-1417-4aa3-9789-af0b5a490444.png,TRUE,https://jsonify.hel1.your-objectstorage.com/screenshots/evals/results-2026-08-11-full/bless/274_www.totaljobs.com_jobs_software-engineer.png,TRUE,https://jsonify.hel1.your-objectstorage.com/screenshots/evals/results-2026-08-11-full/bbase/274_www.totaljobs.com_jobs_software-engineer.png,TRUE,https://jsonify.hel1.your-objectstorage.com/screenshots/evals/results-2026-08-11-full/browseruse/274_www.totaljobs.com_jobs_software-engineer.png,TRUE,https://jsonify.hel1.your-objectstorage.com/screenshots/evals/results-2026-08-11-full/firecrawl_browser/274_www.totaljobs.com_jobs_software-engineer.png,TRUE,https://jsonify.hel1.your-objectstorage.com/screenshots/evals/results-2026-08-11-full/hyperbrowser/274_www.totaljobs.com_jobs_software-engineer.png,FALSE,https://jsonify.hel1.your-objectstorage.com/screenshots/evals/results-2026-08-11-full/obscura/274_www.totaljobs.com_jobs_software-engineer.png,FALSE,https://jsonify.hel1.your-objectstorage.com/screenshots/evals/results-2026-08-11-full/playwright/274_www.totaljobs.com_jobs_software-engineer.png,TRUE,https://jsonify.hel1.your-objectstorage.com/screenshots/evals/results-2026-08-11-full/selenium/274_www.totaljobs.com_jobs_software-engineer.png,TRUE,TRUE
https://remoteok.com/remote-dev-jobs,https://jsonify.hel1.your-objectstorage.com/screenshots/1914ce85-e1be-438e-ab34-2fc197d4400b.png,TRUE,https://jsonify.hel1.your-objectstorage.com/screenshots/evals/results-2026-08-11-full/bless/275_remoteok.com_remote-dev-jobs.png,TRUE,https://jsonify.hel1.your-objectstorage.com/screenshots/evals/results-2026-08-11-full/bbase/275_remoteok.com_remote-dev-jobs.png,TRUE,https://jsonify.hel1.your-objectstorage.com/screenshots/evals/results-2026-08-11-full/browseruse/275_remoteok.com_remote-dev-jobs.png,TRUE,https://jsonify.hel1.your-objectstorage.com/screenshots/evals/results-2026-08-11-full/firecrawl_browser/275_remoteok.com_remote-dev-jobs.png,TRUE,https://jsonify.hel1.your-objectstorage.com/screenshots/evals/results-2026-08-11-full/hyperbrowser/275_remoteok.com_remote-dev-jobs.png,TRUE,,FALSE,https://jsonify.hel1.your-objectstorage.com/screenshots/evals/results-2026-08-11-full/playwright/275_remoteok.com_remote-dev-jobs.png,TRUE,https://jsonify.hel1.your-objectstorage.com/screenshots/evals/results-2026-08-11-full/selenium/275_remoteok.com_remote-dev-jobs.png,TRUE,TRUE
https://www.upwork.com/nx/search/jobs/?q=python,https://jsonify.hel1.your-objectstorage.com/screenshots/5742cead-79d1-4c04-8919-23f426c6c80b.png,TRUE,https://jsonify.hel1.your-objectstorage.com/screenshots/evals/results-2026-08-11-full/bless/276_www.upwork.com_nx_search_jobs_q_python.png,FALSE,https://jsonify.hel1.your-objectstorage.com/screenshots/evals/results-2026-08-11-full/bbase/276_www.upwork.com_nx_search_jobs_q_python.png,FALSE,https://jsonify.hel1.your-objectstorage.com/screenshots/evals/results-2026-08-11-full/browseruse/276_www.upwork.com_nx_search_jobs_q_python.png,TRUE,https://jsonify.hel1.your-objectstorage.com/screenshots/evals/results-2026-08-11-full/firecrawl_browser/276_www.upwork.com_nx_search_jobs_q_python.png,FALSE,https://jsonify.hel1.your-objectstorage.com/screenshots/evals/results-2026-08-11-full/hyperbrowser/276_www.upwork.com_nx_search_jobs_q_python.png,FALSE,https://jsonify.hel1.your-objectstorage.com/screenshots/evals/results-2026-08-11-full/obscura/276_www.upwork.com_nx_search_jobs_q_python.png,FALSE,https://jsonify.hel1.your-objectstorage.com/screenshots/evals/results-2026-08-11-full/playwright/276_www.upwork.com_nx_search_jobs_q_python.png,FALSE,https://jsonify.hel1.your-objectstorage.com/screenshots/evals/results-2026-08-11-full/selenium/276_www.upwork.com_nx_search_jobs_q_python.png,FALSE,TRUE
https://www.freelancer.com/jobs/python/,https://jsonify.hel1.your-objectstorage.com/screenshots/1c401b34-d5f6-4daa-a53a-bdbfbe857ba1.png,TRUE,https://jsonify.hel1.your-objectstorage.com/screenshots/evals/results-2026-08-11-full/bless/277_www.freelancer.com_jobs_python.png,TRUE,https://jsonify.hel1.your-objectstorage.com/screenshots/evals/results-2026-08-11-full/bbase/277_www.freelancer.com_jobs_python.png,TRUE,https://jsonify.hel1.your-objectstorage.com/screenshots/evals/results-2026-08-11-full/browseruse/277_www.freelancer.com_jobs_python.png,TRUE,https://jsonify.hel1.your-objectstorage.com/screenshots/evals/results-2026-08-11-full/firecrawl_browser/277_www.freelancer.com_jobs_python.png,TRUE,https://jsonify.hel1.your-objectstorage.com/screenshots/evals/results-2026-08-11-full/hyperbrowser/277_www.freelancer.com_jobs_python.png,TRUE,,FALSE,https://jsonify.hel1.your-objectstorage.com/screenshots/evals/results-2026-08-11-full/playwright/277_www.freelancer.com_jobs_python.png,TRUE,https://jsonify.hel1.your-objectstorage.com/screenshots/evals/results-2026-08-11-full/selenium/277_www.freelancer.com_jobs_python.png,TRUE,TRUE
https://www.fiverr.com/categories/programming-tech/website-development,https://jsonify.hel1.your-objectstorage.com/screenshots/6cd2ed61-171b-4199-a0a5-256805aac486.png,FALSE,https://jsonify.hel1.your-objectstorage.com/screenshots/evals/results-2026-08-11-full/bless/278_www.fiverr.com_categories_programming-tech_website-development.png,TRUE,https://jsonify.hel1.your-objectstorage.com/screenshots/evals/results-2026-08-11-full/bbase/278_www.fiverr.com_categories_programming-tech_website-development.png,FALSE,https://jsonify.hel1.your-objectstorage.com/screenshots/evals/results-2026-08-11-full/browseruse/278_www.fiverr.com_categories_programming-tech_website-development.png,TRUE,https://jsonify.hel1.your-objectstorage.com/screenshots/evals/results-2026-08-11-full/firecrawl_browser/278_www.fiverr.com_categories_programming-tech_website-development.png,FALSE,https://jsonify.hel1.your-objectstorage.com/screenshots/evals/results-2026-08-11-full/hyperbrowser/278_www.fiverr.com_categories_programming-tech_website-development.png,FALSE,https://jsonify.hel1.your-objectstorage.com/screenshots/evals/results-2026-08-11-full/obscura/278_www.fiverr.com_categories_programming-tech_website-development.png,FALSE,https://jsonify.hel1.your-objectstorage.com/screenshots/evals/results-2026-08-11-full/playwright/278_www.fiverr.com_categories_programming-tech_website-development.png,FALSE,https://jsonify.hel1.your-objectstorage.com/screenshots/evals/results-2026-08-11-full/selenium/278_www.fiverr.com_categories_programming-tech_website-development.png,FALSE,TRUE
https://weworkremotely.com/remote-jobs/search?term=python,https://jsonify.hel1.your-objectstorage.com/screenshots/382ee54a-52f2-4573-a585-bf213d35a090.png,TRUE,https://jsonify.hel1.your-objectstorage.com/screenshots/evals/results-2026-08-11-full/bless/279_weworkremotely.com_remote-jobs_search_term_python.png,TRUE,https://jsonify.hel1.your-objectstorage.com/screenshots/evals/results-2026-08-11-full/bbase/279_weworkremotely.com_remote-jobs_search_term_python.png,TRUE,https://jsonify.hel1.your-objectstorage.com/screenshots/evals/results-2026-08-11-full/browseruse/279_weworkremotely.com_remote-jobs_search_term_python.png,TRUE,https://jsonify.hel1.your-objectstorage.com/screenshots/evals/results-2026-08-11-full/firecrawl_browser/279_weworkremotely.com_remote-jobs_search_term_python.png,TRUE,https://jsonify.hel1.your-objectstorage.com/screenshots/evals/results-2026-08-11-full/hyperbrowser/279_weworkremotely.com_remote-jobs_search_term_python.png,TRUE,https://jsonify.hel1.your-objectstorage.com/screenshots/evals/results-2026-08-11-full/obscura/279_weworkremotely.com_remote-jobs_search_term_python.png,TRUE,https://jsonify.hel1.your-objectstorage.com/screenshots/evals/results-2026-08-11-full/playwright/279_weworkremotely.com_remote-jobs_search_term_python.png,FALSE,https://jsonify.hel1.your-objectstorage.com/screenshots/evals/results-2026-08-11-full/selenium/279_weworkremotely.com_remote-jobs_search_term_python.png,FALSE,TRUE
https://www.workingnomads.com/jobs,https://jsonify.hel1.your-objectstorage.com/screenshots/f96d3f55-646e-45b9-9692-5d09cba262d1.png,TRUE,https://jsonify.hel1.your-objectstorage.com/screenshots/evals/results-2026-08-11-full/bless/280_www.workingnomads.com_jobs.png,TRUE,https://jsonify.hel1.your-objectstorage.com/screenshots/evals/results-2026-08-11-full/bbase/280_www.workingnomads.com_jobs.png,TRUE,https://jsonify.hel1.your-objectstorage.com/screenshots/evals/results-2026-08-11-full/browseruse/280_www.workingnomads.com_jobs.png,TRUE,https://jsonify.hel1.your-objectstorage.com/screenshots/evals/results-2026-08-11-full/firecrawl_browser/280_www.workingnomads.com_jobs.png,TRUE,https://jsonify.hel1.your-objectstorage.com/screenshots/evals/results-2026-08-11-full/hyperbrowser/280_www.workingnomads.com_jobs.png,TRUE,https://jsonify.hel1.your-objectstorage.com/screenshots/evals/results-2026-08-11-full/obscura/280_www.workingnomads.com_jobs.png,TRUE,https://jsonify.hel1.your-objectstorage.com/screenshots/evals/results-2026-08-11-full/playwright/280_www.workingnomads.com_jobs.png,TRUE,https://jsonify.hel1.your-objectstorage.com/screenshots/evals/results-2026-08-11-full/selenium/280_www.workingnomads.com_jobs.png,TRUE,TRUE
https://www.cnbc.com/technology/,https://jsonify.hel1.your-objectstorage.com/screenshots/6004aa3c-f7ae-4437-932e-baacf5693bfb.png,TRUE,https://jsonify.hel1.your-objectstorage.com/screenshots/evals/results-2026-08-11-full/bless/281_www.cnbc.com_technology.png,TRUE,https://jsonify.hel1.your-objectstorage.com/screenshots/evals/results-2026-08-11-full/bbase/281_www.cnbc.com_technology.png,TRUE,https://jsonify.hel1.your-objectstorage.com/screenshots/evals/results-2026-08-11-full/browseruse/281_www.cnbc.com_technology.png,TRUE,https://jsonify.hel1.your-objectstorage.com/screenshots/evals/results-2026-08-11-full/firecrawl_browser/281_www.cnbc.com_technology.png,TRUE,https://jsonify.hel1.your-objectstorage.com/screenshots/evals/results-2026-08-11-full/hyperbrowser/281_www.cnbc.com_technology.png,TRUE,https://jsonify.hel1.your-objectstorage.com/screenshots/evals/results-2026-08-11-full/obscura/281_www.cnbc.com_technology.png,TRUE,https://jsonify.hel1.your-objectstorage.com/screenshots/evals/results-2026-08-11-full/playwright/281_www.cnbc.com_technology.png,TRUE,https://jsonify.hel1.your-objectstorage.com/screenshots/evals/results-2026-08-11-full/selenium/281_www.cnbc.com_technology.png,TRUE,TRUE
https://www.marketwatch.com/investing/stock/tsla,https://jsonify.hel1.your-objectstorage.com/screenshots/c75d89e8-a8ac-4c42-b06d-9cc60d4bb2b9.png,TRUE,https://jsonify.hel1.your-objectstorage.com/screenshots/evals/results-2026-08-11-full/bless/282_www.marketwatch.com_investing_stock_tsla.png,FALSE,https://jsonify.hel1.your-objectstorage.com/screenshots/evals/results-2026-08-11-full/bbase/282_www.marketwatch.com_investing_stock_tsla.png,TRUE,https://jsonify.hel1.your-objectstorage.com/screenshots/evals/results-2026-08-11-full/browseruse/282_www.marketwatch.com_investing_stock_tsla.png,TRUE,https://jsonify.hel1.your-objectstorage.com/screenshots/evals/results-2026-08-11-full/firecrawl_browser/282_www.marketwatch.com_investing_stock_tsla.png,TRUE,https://jsonify.hel1.your-objectstorage.com/screenshots/evals/results-2026-08-11-full/hyperbrowser/282_www.marketwatch.com_investing_stock_tsla.png,TRUE,https://jsonify.hel1.your-objectstorage.com/screenshots/evals/results-2026-08-11-full/obscura/282_www.marketwatch.com_investing_stock_tsla.png,FALSE,https://jsonify.hel1.your-objectstorage.com/screenshots/evals/results-2026-08-11-full/playwright/282_www.marketwatch.com_investing_stock_tsla.png,FALSE,https://jsonify.hel1.your-objectstorage.com/screenshots/evals/results-2026-08-11-full/selenium/282_www.marketwatch.com_investing_stock_tsla.png,FALSE,TRUE
https://www.barrons.com/search?keyword=stocks,https://jsonify.hel1.your-objectstorage.com/screenshots/4b1c118c-09a9-485b-a092-1ad1891427b2.png,TRUE,https://jsonify.hel1.your-objectstorage.com/screenshots/evals/results-2026-08-11-full/bless/283_www.barrons.com_search_keyword_stocks.png,TRUE,https://jsonify.hel1.your-objectstorage.com/screenshots/evals/results-2026-08-11-full/bbase/283_www.barrons.com_search_keyword_stocks.png,FALSE,https://jsonify.hel1.your-objectstorage.com/screenshots/evals/results-2026-08-11-full/browseruse/283_www.barrons.com_search_keyword_stocks.png,TRUE,https://jsonify.hel1.your-objectstorage.com/screenshots/evals/results-2026-08-11-full/firecrawl_browser/283_www.barrons.com_search_keyword_stocks.png,FALSE,https://jsonify.hel1.your-objectstorage.com/screenshots/evals/results-2026-08-11-full/hyperbrowser/283_www.barrons.com_search_keyword_stocks.png,FALSE,https://jsonify.hel1.your-objectstorage.com/screenshots/evals/results-2026-08-11-full/obscura/283_www.barrons.com_search_keyword_stocks.png,FALSE,https://jsonify.hel1.your-objectstorage.com/screenshots/evals/results-2026-08-11-full/playwright/283_www.barrons.com_search_keyword_stocks.png,FALSE,https://jsonify.hel1.your-objectstorage.com/screenshots/evals/results-2026-08-11-full/selenium/283_www.barrons.com_search_keyword_stocks.png,FALSE,TRUE
https://www.investing.com/equities/apple-computer-inc,https://jsonify.hel1.your-objectstorage.com/screenshots/7adb6951-b206-43fa-b412-1744745eb37c.png,TRUE,https://jsonify.hel1.your-objectstorage.com/screenshots/evals/results-2026-08-11-full/bless/284_www.investing.com_equities_apple-computer-inc.png,TRUE,https://jsonify.hel1.your-objectstorage.com/screenshots/evals/results-2026-08-11-full/bbase/284_www.investing.com_equities_apple-computer-inc.png,TRUE,https://jsonify.hel1.your-objectstorage.com/screenshots/evals/results-2026-08-11-full/browseruse/284_www.investing.com_equities_apple-computer-inc.png,TRUE,,FALSE,https://jsonify.hel1.your-objectstorage.com/screenshots/evals/results-2026-08-11-full/hyperbrowser/284_www.investing.com_equities_apple-computer-inc.png,FALSE,https://jsonify.hel1.your-objectstorage.com/screenshots/evals/results-2026-08-11-full/obscura/284_www.investing.com_equities_apple-computer-inc.png,FALSE,https://jsonify.hel1.your-objectstorage.com/screenshots/evals/results-2026-08-11-full/playwright/284_www.investing.com_equities_apple-computer-inc.png,FALSE,https://jsonify.hel1.your-objectstorage.com/screenshots/evals/results-2026-08-11-full/selenium/284_www.investing.com_equities_apple-computer-inc.png,FALSE,TRUE
https://www.tradingview.com/symbols/NASDAQ-AAPL/,https://jsonify.hel1.your-objectstorage.com/screenshots/98d5a1fe-3ec7-4b5c-b7e4-9829a15aa8cb.png,TRUE,https://jsonify.hel1.your-objectstorage.com/screenshots/evals/results-2026-08-11-full/bless/285_www.tradingview.com_symbols_NASDAQ-AAPL.png,TRUE,https://jsonify.hel1.your-objectstorage.com/screenshots/evals/results-2026-08-11-full/bbase/285_www.tradingview.com_symbols_NASDAQ-AAPL.png,TRUE,https://jsonify.hel1.your-objectstorage.com/screenshots/evals/results-2026-08-11-full/browseruse/285_www.tradingview.com_symbols_NASDAQ-AAPL.png,TRUE,https://jsonify.hel1.your-objectstorage.com/screenshots/evals/results-2026-08-11-full/firecrawl_browser/285_www.tradingview.com_symbols_NASDAQ-AAPL.png,TRUE,https://jsonify.hel1.your-objectstorage.com/screenshots/evals/results-2026-08-11-full/hyperbrowser/285_www.tradingview.com_symbols_NASDAQ-AAPL.png,TRUE,https://jsonify.hel1.your-objectstorage.com/screenshots/evals/results-2026-08-11-full/obscura/285_www.tradingview.com_symbols_NASDAQ-AAPL.png,FALSE,https://jsonify.hel1.your-objectstorage.com/screenshots/evals/results-2026-08-11-full/playwright/285_www.tradingview.com_symbols_NASDAQ-AAPL.png,TRUE,https://jsonify.hel1.your-objectstorage.com/screenshots/evals/results-2026-08-11-full/selenium/285_www.tradingview.com_symbols_NASDAQ-AAPL.png,TRUE,TRUE
https://www.nasdaq.com/market-activity/stocks/aapl,https://jsonify.hel1.your-objectstorage.com/screenshots/59a35bf7-df4f-49e8-b902-bb1751406517.png,TRUE,https://jsonify.hel1.your-objectstorage.com/screenshots/evals/results-2026-08-11-full/bless/286_www.nasdaq.com_market-activity_stocks_aapl.png,TRUE,https://jsonify.hel1.your-objectstorage.com/screenshots/evals/results-2026-08-11-full/bbase/286_www.nasdaq.com_market-activity_stocks_aapl.png,TRUE,https://jsonify.hel1.your-objectstorage.com/screenshots/evals/results-2026-08-11-full/browseruse/286_www.nasdaq.com_market-activity_stocks_aapl.png,TRUE,https://jsonify.hel1.your-objectstorage.com/screenshots/evals/results-2026-08-11-full/firecrawl_browser/286_www.nasdaq.com_market-activity_stocks_aapl.png,TRUE,https://jsonify.hel1.your-objectstorage.com/screenshots/evals/results-2026-08-11-full/hyperbrowser/286_www.nasdaq.com_market-activity_stocks_aapl.png,TRUE,https://jsonify.hel1.your-objectstorage.com/screenshots/evals/results-2026-08-11-full/obscura/286_www.nasdaq.com_market-activity_stocks_aapl.png,FALSE,https://jsonify.hel1.your-objectstorage.com/screenshots/evals/results-2026-08-11-full/playwright/286_www.nasdaq.com_market-activity_stocks_aapl.png,FALSE,https://jsonify.hel1.your-objectstorage.com/screenshots/evals/results-2026-08-11-full/selenium/286_www.nasdaq.com_market-activity_stocks_aapl.png,FALSE,TRUE
https://www.fool.com/quote/nasdaq/aapl/,https://jsonify.hel1.your-objectstorage.com/screenshots/9a9420a4-411e-421b-a956-5c9a1078e42f.png,TRUE,https://jsonify.hel1.your-objectstorage.com/screenshots/evals/results-2026-08-11-full/bless/287_www.fool.com_quote_nasdaq_aapl.png,TRUE,https://jsonify.hel1.your-objectstorage.com/screenshots/evals/results-2026-08-11-full/bbase/287_www.fool.com_quote_nasdaq_aapl.png,TRUE,https://jsonify.hel1.your-objectstorage.com/screenshots/evals/results-2026-08-11-full/browseruse/287_www.fool.com_quote_nasdaq_aapl.png,TRUE,https://jsonify.hel1.your-objectstorage.com/screenshots/evals/results-2026-08-11-full/firecrawl_browser/287_www.fool.com_quote_nasdaq_aapl.png,TRUE,https://jsonify.hel1.your-objectstorage.com/screenshots/evals/results-2026-08-11-full/hyperbrowser/287_www.fool.com_quote_nasdaq_aapl.png,TRUE,https://jsonify.hel1.your-objectstorage.com/screenshots/evals/results-2026-08-11-full/obscura/287_www.fool.com_quote_nasdaq_aapl.png,FALSE,https://jsonify.hel1.your-objectstorage.com/screenshots/evals/results-2026-08-11-full/playwright/287_www.fool.com_quote_nasdaq_aapl.png,TRUE,https://jsonify.hel1.your-objectstorage.com/screenshots/evals/results-2026-08-11-full/selenium/287_www.fool.com_quote_nasdaq_aapl.png,TRUE,TRUE
https://seekingalpha.com/symbol/AAPL,https://jsonify.hel1.your-objectstorage.com/screenshots/d7803498-98cb-43bc-93b9-b7fa30ec27bd.png,TRUE,https://jsonify.hel1.your-objectstorage.com/screenshots/evals/results-2026-08-11-full/bless/288_seekingalpha.com_symbol_AAPL.png,TRUE,https://jsonify.hel1.your-objectstorage.com/screenshots/evals/results-2026-08-11-full/bbase/288_seekingalpha.com_symbol_AAPL.png,FALSE,https://jsonify.hel1.your-objectstorage.com/screenshots/evals/results-2026-08-11-full/browseruse/288_seekingalpha.com_symbol_AAPL.png,TRUE,https://jsonify.hel1.your-objectstorage.com/screenshots/evals/results-2026-08-11-full/firecrawl_browser/288_seekingalpha.com_symbol_AAPL.png,FALSE,https://jsonify.hel1.your-objectstorage.com/screenshots/evals/results-2026-08-11-full/hyperbrowser/288_seekingalpha.com_symbol_AAPL.png,TRUE,https://jsonify.hel1.your-objectstorage.com/screenshots/evals/results-2026-08-11-full/obscura/288_seekingalpha.com_symbol_AAPL.png,FALSE,https://jsonify.hel1.your-objectstorage.com/screenshots/evals/results-2026-08-11-full/playwright/288_seekingalpha.com_symbol_AAPL.png,FALSE,https://jsonify.hel1.your-objectstorage.com/screenshots/evals/results-2026-08-11-full/selenium/288_seekingalpha.com_symbol_AAPL.png,FALSE,TRUE
https://robinhood.com/us/en/stocks/AAPL/,https://jsonify.hel1.your-objectstorage.com/screenshots/7a0ba3fb-a390-4def-be60-02ffc5ee3fa0.png,TRUE,https://jsonify.hel1.your-objectstorage.com/screenshots/evals/results-2026-08-11-full/bless/289_robinhood.com_us_en_stocks_AAPL.png,TRUE,https://jsonify.hel1.your-objectstorage.com/screenshots/evals/results-2026-08-11-full/bbase/289_robinhood.com_us_en_stocks_AAPL.png,TRUE,https://jsonify.hel1.your-objectstorage.com/screenshots/evals/results-2026-08-11-full/browseruse/289_robinhood.com_us_en_stocks_AAPL.png,TRUE,https://jsonify.hel1.your-objectstorage.com/screenshots/evals/results-2026-08-11-full/firecrawl_browser/289_robinhood.com_us_en_stocks_AAPL.png,TRUE,https://jsonify.hel1.your-objectstorage.com/screenshots/evals/results-2026-08-11-full/hyperbrowser/289_robinhood.com_us_en_stocks_AAPL.png,FALSE,https://jsonify.hel1.your-objectstorage.com/screenshots/evals/results-2026-08-11-full/obscura/289_robinhood.com_us_en_stocks_AAPL.png,FALSE,https://jsonify.hel1.your-objectstorage.com/screenshots/evals/results-2026-08-11-full/playwright/289_robinhood.com_us_en_stocks_AAPL.png,FALSE,https://jsonify.hel1.your-objectstorage.com/screenshots/evals/results-2026-08-11-full/selenium/289_robinhood.com_us_en_stocks_AAPL.png,FALSE,TRUE
https://coinmarketcap.com/,https://jsonify.hel1.your-objectstorage.com/screenshots/553aa730-0dfa-471e-aed8-4ca9ab40c6ac.png,TRUE,https://jsonify.hel1.your-objectstorage.com/screenshots/evals/results-2026-08-11-full/bless/290_coinmarketcap.com_home.png,FALSE,https://jsonify.hel1.your-objectstorage.com/screenshots/evals/results-2026-08-11-full/bbase/290_coinmarketcap.com_home.png,TRUE,https://jsonify.hel1.your-objectstorage.com/screenshots/evals/results-2026-08-11-full/browseruse/290_coinmarketcap.com_home.png,FALSE,https://jsonify.hel1.your-objectstorage.com/screenshots/evals/results-2026-08-11-full/firecrawl_browser/290_coinmarketcap.com_home.png,TRUE,https://jsonify.hel1.your-objectstorage.com/screenshots/evals/results-2026-08-11-full/hyperbrowser/290_coinmarketcap.com_home.png,TRUE,https://jsonify.hel1.your-objectstorage.com/screenshots/evals/results-2026-08-11-full/obscura/290_coinmarketcap.com_home.png,TRUE,https://jsonify.hel1.your-objectstorage.com/screenshots/evals/results-2026-08-11-full/playwright/290_coinmarketcap.com_home.png,TRUE,https://jsonify.hel1.your-objectstorage.com/screenshots/evals/results-2026-08-11-full/selenium/290_coinmarketcap.com_home.png,TRUE,TRUE
https://www.coingecko.com/,https://jsonify.hel1.your-objectstorage.com/screenshots/f54723ce-39f7-4da3-8029-e8c132bc6d7e.png,TRUE,https://jsonify.hel1.your-objectstorage.com/screenshots/evals/results-2026-08-11-full/bless/291_www.coingecko.com_home.png,FALSE,https://jsonify.hel1.your-objectstorage.com/screenshots/evals/results-2026-08-11-full/bbase/291_www.coingecko.com_home.png,TRUE,https://jsonify.hel1.your-objectstorage.com/screenshots/evals/results-2026-08-11-full/browseruse/291_www.coingecko.com_home.png,FALSE,https://jsonify.hel1.your-objectstorage.com/screenshots/evals/results-2026-08-11-full/firecrawl_browser/291_www.coingecko.com_home.png,TRUE,https://jsonify.hel1.your-objectstorage.com/screenshots/evals/results-2026-08-11-full/hyperbrowser/291_www.coingecko.com_home.png,TRUE,https://jsonify.hel1.your-objectstorage.com/screenshots/evals/results-2026-08-11-full/obscura/291_www.coingecko.com_home.png,TRUE,https://jsonify.hel1.your-objectstorage.com/screenshots/evals/results-2026-08-11-full/playwright/291_www.coingecko.com_home.png,TRUE,https://jsonify.hel1.your-objectstorage.com/screenshots/evals/results-2026-08-11-full/selenium/291_www.coingecko.com_home.png,TRUE,TRUE
https://www.kraken.com/prices,https://jsonify.hel1.your-objectstorage.com/screenshots/53c2b86d-264f-4326-88e4-cc288369d997.png,TRUE,https://jsonify.hel1.your-objectstorage.com/screenshots/evals/results-2026-08-11-full/bless/292_www.kraken.com_prices.png,FALSE,https://jsonify.hel1.your-objectstorage.com/screenshots/evals/results-2026-08-11-full/bbase/292_www.kraken.com_prices.png,TRUE,https://jsonify.hel1.your-objectstorage.com/screenshots/evals/results-2026-08-11-full/browseruse/292_www.kraken.com_prices.png,FALSE,https://jsonify.hel1.your-objectstorage.com/screenshots/evals/results-2026-08-11-full/firecrawl_browser/292_www.kraken.com_prices.png,TRUE,https://jsonify.hel1.your-objectstorage.com/screenshots/evals/results-2026-08-11-full/hyperbrowser/292_www.kraken.com_prices.png,FALSE,https://jsonify.hel1.your-objectstorage.com/screenshots/evals/results-2026-08-11-full/obscura/292_www.kraken.com_prices.png,FALSE,https://jsonify.hel1.your-objectstorage.com/screenshots/evals/results-2026-08-11-full/playwright/292_www.kraken.com_prices.png,FALSE,https://jsonify.hel1.your-objectstorage.com/screenshots/evals/results-2026-08-11-full/selenium/292_www.kraken.com_prices.png,FALSE,TRUE
https://www.binance.com/en/markets,https://jsonify.hel1.your-objectstorage.com/screenshots/be79f722-4295-447d-8fb0-6382301f5e94.png,TRUE,https://jsonify.hel1.your-objectstorage.com/screenshots/evals/results-2026-08-11-full/bless/293_www.binance.com_en_markets.png,FALSE,https://jsonify.hel1.your-objectstorage.com/screenshots/evals/results-2026-08-11-full/bbase/293_www.binance.com_en_markets.png,TRUE,https://jsonify.hel1.your-objectstorage.com/screenshots/evals/results-2026-08-11-full/browseruse/293_www.binance.com_en_markets.png,FALSE,https://jsonify.hel1.your-objectstorage.com/screenshots/evals/results-2026-08-11-full/firecrawl_browser/293_www.binance.com_en_markets.png,TRUE,https://jsonify.hel1.your-objectstorage.com/screenshots/evals/results-2026-08-11-full/hyperbrowser/293_www.binance.com_en_markets.png,TRUE,https://jsonify.hel1.your-objectstorage.com/screenshots/evals/results-2026-08-11-full/obscura/293_www.binance.com_en_markets.png,TRUE,https://jsonify.hel1.your-objectstorage.com/screenshots/evals/results-2026-08-11-full/playwright/293_www.binance.com_en_markets.png,TRUE,https://jsonify.hel1.your-objectstorage.com/screenshots/evals/results-2026-08-11-full/selenium/293_www.binance.com_en_markets.png,TRUE,TRUE
https://www.bybit.com/en-US/trade/spot/BTC/USDT,https://jsonify.hel1.your-objectstorage.com/screenshots/d3ec6878-7682-41ab-814a-b4dc7f063647.png,TRUE,https://jsonify.hel1.your-objectstorage.com/screenshots/evals/results-2026-08-11-full/bless/294_www.bybit.com_en-US_trade_spot_BTC_USDT.png,FALSE,https://jsonify.hel1.your-objectstorage.com/screenshots/evals/results-2026-08-11-full/bbase/294_www.bybit.com_en-US_trade_spot_BTC_USDT.png,TRUE,https://jsonify.hel1.your-objectstorage.com/screenshots/evals/results-2026-08-11-full/browseruse/294_www.bybit.com_en-US_trade_spot_BTC_USDT.png,TRUE,https://jsonify.hel1.your-objectstorage.com/screenshots/evals/results-2026-08-11-full/firecrawl_browser/294_www.bybit.com_en-US_trade_spot_BTC_USDT.png,FALSE,https://jsonify.hel1.your-objectstorage.com/screenshots/evals/results-2026-08-11-full/hyperbrowser/294_www.bybit.com_en-US_trade_spot_BTC_USDT.png,TRUE,https://jsonify.hel1.your-objectstorage.com/screenshots/evals/results-2026-08-11-full/obscura/294_www.bybit.com_en-US_trade_spot_BTC_USDT.png,FALSE,https://jsonify.hel1.your-objectstorage.com/screenshots/evals/results-2026-08-11-full/playwright/294_www.bybit.com_en-US_trade_spot_BTC_USDT.png,FALSE,https://jsonify.hel1.your-objectstorage.com/screenshots/evals/results-2026-08-11-full/selenium/294_www.bybit.com_en-US_trade_spot_BTC_USDT.png,FALSE,TRUE
https://www.etoro.com/discover,https://jsonify.hel1.your-objectstorage.com/screenshots/10850bec-41de-44b1-a777-8e070d61bec6.png,TRUE,https://jsonify.hel1.your-objectstorage.com/screenshots/evals/results-2026-08-11-full/bless/295_www.etoro.com_discover.png,FALSE,https://jsonify.hel1.your-objectstorage.com/screenshots/evals/results-2026-08-11-full/bbase/295_www.etoro.com_discover.png,TRUE,https://jsonify.hel1.your-objectstorage.com/screenshots/evals/results-2026-08-11-full/browseruse/295_www.etoro.com_discover.png,FALSE,https://jsonify.hel1.your-objectstorage.com/screenshots/evals/results-2026-08-11-full/firecrawl_browser/295_www.etoro.com_discover.png,TRUE,https://jsonify.hel1.your-objectstorage.com/screenshots/evals/results-2026-08-11-full/hyperbrowser/295_www.etoro.com_discover.png,FALSE,https://jsonify.hel1.your-objectstorage.com/screenshots/evals/results-2026-08-11-full/obscura/295_www.etoro.com_discover.png,FALSE,https://jsonify.hel1.your-objectstorage.com/screenshots/evals/results-2026-08-11-full/playwright/295_www.etoro.com_discover.png,FALSE,https://jsonify.hel1.your-objectstorage.com/screenshots/evals/results-2026-08-11-full/selenium/295_www.etoro.com_discover.png,FALSE,TRUE
https://digital.fidelity.com/prgw/digital/research/quote/dashboard/summary?symbol=.SPX,https://jsonify.hel1.your-objectstorage.com/screenshots/bc9b9849-1240-4510-9afe-49227bc661c4.png,TRUE,https://jsonify.hel1.your-objectstorage.com/screenshots/evals/results-2026-08-11-full/bless/296_digital.fidelity.com_prgw_digital_research_quote_dashboard_summary_symbol_.SPX.png,FALSE,https://jsonify.hel1.your-objectstorage.com/screenshots/evals/results-2026-08-11-full/bbase/296_digital.fidelity.com_prgw_digital_research_quote_dashboard_summary_symbol_.SPX.png,TRUE,https://jsonify.hel1.your-objectstorage.com/screenshots/evals/results-2026-08-11-full/browseruse/296_digital.fidelity.com_prgw_digital_research_quote_dashboard_summary_symbol_.SPX.png,FALSE,https://jsonify.hel1.your-objectstorage.com/screenshots/evals/results-2026-08-11-full/firecrawl_browser/296_digital.fidelity.com_prgw_digital_research_quote_dashboard_summary_symbol_.SPX.png,TRUE,https://jsonify.hel1.your-objectstorage.com/screenshots/evals/results-2026-08-11-full/hyperbrowser/296_digital.fidelity.com_prgw_digital_research_quote_dashboard_summary_symbol_.SPX.png,TRUE,https://jsonify.hel1.your-objectstorage.com/screenshots/evals/results-2026-08-11-full/obscura/296_digital.fidelity.com_prgw_digital_research_quote_dashboard_summary_symbol_.SPX.png,FALSE,https://jsonify.hel1.your-objectstorage.com/screenshots/evals/results-2026-08-11-full/playwright/296_digital.fidelity.com_prgw_digital_research_quote_dashboard_summary_symbol_.SPX.png,FALSE,https://jsonify.hel1.your-objectstorage.com/screenshots/evals/results-2026-08-11-full/selenium/296_digital.fidelity.com_prgw_digital_research_quote_dashboard_summary_symbol_.SPX.png,FALSE,TRUE
https://www.schwab.com/branches?start=1&q=New+York%2C+NY,https://jsonify.hel1.your-objectstorage.com/screenshots/e39c8f87-f906-4ca1-bb0e-0409accdc60b.png,TRUE,https://jsonify.hel1.your-objectstorage.com/screenshots/evals/results-2026-08-11-full/bless/297_www.schwab.com_branches_start_1_q_New_York_2C_NY.png,TRUE,https://jsonify.hel1.your-objectstorage.com/screenshots/evals/results-2026-08-11-full/bbase/297_www.schwab.com_branches_start_1_q_New_York_2C_NY.png,TRUE,https://jsonify.hel1.your-objectstorage.com/screenshots/evals/results-2026-08-11-full/browseruse/297_www.schwab.com_branches_start_1_q_New_York_2C_NY.png,TRUE,https://jsonify.hel1.your-objectstorage.com/screenshots/evals/results-2026-08-11-full/firecrawl_browser/297_www.schwab.com_branches_start_1_q_New_York_2C_NY.png,TRUE,https://jsonify.hel1.your-objectstorage.com/screenshots/evals/results-2026-08-11-full/hyperbrowser/297_www.schwab.com_branches_start_1_q_New_York_2C_NY.png,TRUE,https://jsonify.hel1.your-objectstorage.com/screenshots/evals/results-2026-08-11-full/obscura/297_www.schwab.com_branches_start_1_q_New_York_2C_NY.png,TRUE,https://jsonify.hel1.your-objectstorage.com/screenshots/evals/results-2026-08-11-full/playwright/297_www.schwab.com_branches_start_1_q_New_York_2C_NY.png,FALSE,https://jsonify.hel1.your-objectstorage.com/screenshots/evals/results-2026-08-11-full/selenium/297_www.schwab.com_branches_start_1_q_New_York_2C_NY.png,FALSE,TRUE
https://www.marketbeat.com/stocks/NASDAQ/AAPL/,https://jsonify.hel1.your-objectstorage.com/screenshots/93d89605-8146-4961-929a-76949dfba981.png,TRUE,https://jsonify.hel1.your-objectstorage.com/screenshots/evals/results-2026-08-11-full/bless/298_www.marketbeat.com_stocks_NASDAQ_AAPL.png,TRUE,https://jsonify.hel1.your-objectstorage.com/screenshots/evals/results-2026-08-11-full/bbase/298_www.marketbeat.com_stocks_NASDAQ_AAPL.png,TRUE,https://jsonify.hel1.your-objectstorage.com/screenshots/evals/results-2026-08-11-full/browseruse/298_www.marketbeat.com_stocks_NASDAQ_AAPL.png,TRUE,https://jsonify.hel1.your-objectstorage.com/screenshots/evals/results-2026-08-11-full/firecrawl_browser/298_www.marketbeat.com_stocks_NASDAQ_AAPL.png,TRUE,https://jsonify.hel1.your-objectstorage.com/screenshots/evals/results-2026-08-11-full/hyperbrowser/298_www.marketbeat.com_stocks_NASDAQ_AAPL.png,TRUE,https://jsonify.hel1.your-objectstorage.com/screenshots/evals/results-2026-08-11-full/obscura/298_www.marketbeat.com_stocks_NASDAQ_AAPL.png,TRUE,https://jsonify.hel1.your-objectstorage.com/screenshots/evals/results-2026-08-11-full/playwright/298_www.marketbeat.com_stocks_NASDAQ_AAPL.png,TRUE,https://jsonify.hel1.your-objectstorage.com/screenshots/evals/results-2026-08-11-full/selenium/298_www.marketbeat.com_stocks_NASDAQ_AAPL.png,TRUE,TRUE
https://finviz.com/quote.ashx?t=AAPL,https://jsonify.hel1.your-objectstorage.com/screenshots/077750dd-8745-417f-8168-8e2f7f7d3dc7.png,TRUE,https://jsonify.hel1.your-objectstorage.com/screenshots/evals/results-2026-08-11-full/bless/299_finviz.com_quote.ashx_t_AAPL.png,TRUE,https://jsonify.hel1.your-objectstorage.com/screenshots/evals/results-2026-08-11-full/bbase/299_finviz.com_quote.ashx_t_AAPL.png,TRUE,https://jsonify.hel1.your-objectstorage.com/screenshots/evals/results-2026-08-11-full/browseruse/299_finviz.com_quote.ashx_t_AAPL.png,TRUE,https://jsonify.hel1.your-objectstorage.com/screenshots/evals/results-2026-08-11-full/firecrawl_browser/299_finviz.com_quote.ashx_t_AAPL.png,TRUE,https://jsonify.hel1.your-objectstorage.com/screenshots/evals/results-2026-08-11-full/hyperbrowser/299_finviz.com_quote.ashx_t_AAPL.png,TRUE,https://jsonify.hel1.your-objectstorage.com/screenshots/evals/results-2026-08-11-full/obscura/299_finviz.com_quote.ashx_t_AAPL.png,TRUE,https://jsonify.hel1.your-objectstorage.com/screenshots/evals/results-2026-08-11-full/playwright/299_finviz.com_quote.ashx_t_AAPL.png,FALSE,https://jsonify.hel1.your-objectstorage.com/screenshots/evals/results-2026-08-11-full/selenium/299_finviz.com_quote.ashx_t_AAPL.png,FALSE,TRUE
https://www.macrotrends.net/stocks/charts/AAPL/apple/stock-price-history,https://jsonify.hel1.your-objectstorage.com/screenshots/c98c1986-e431-48d6-b9f7-050d35ab0155.png,TRUE,https://jsonify.hel1.your-objectstorage.com/screenshots/evals/results-2026-08-11-full/bless/300_www.macrotrends.net_stocks_charts_AAPL_apple_stock-price-history.png,FALSE,https://jsonify.hel1.your-objectstorage.com/screenshots/evals/results-2026-08-11-full/bbase/300_www.macrotrends.net_stocks_charts_AAPL_apple_stock-price-history.png,TRUE,https://jsonify.hel1.your-objectstorage.com/screenshots/evals/results-2026-08-11-full/browseruse/300_www.macrotrends.net_stocks_charts_AAPL_apple_stock-price-history.png,TRUE,https://jsonify.hel1.your-objectstorage.com/screenshots/evals/results-2026-08-11-full/firecrawl_browser/300_www.macrotrends.net_stocks_charts_AAPL_apple_stock-price-history.png,TRUE,https://jsonify.hel1.your-objectstorage.com/screenshots/evals/results-2026-08-11-full/hyperbrowser/300_www.macrotrends.net_stocks_charts_AAPL_apple_stock-price-history.png,TRUE,https://jsonify.hel1.your-objectstorage.com/screenshots/evals/results-2026-08-11-full/obscura/300_www.macrotrends.net_stocks_charts_AAPL_apple_stock-price-history.png,FALSE,https://jsonify.hel1.your-objectstorage.com/screenshots/evals/results-2026-08-11-full/playwright/300_www.macrotrends.net_stocks_charts_AAPL_apple_stock-price-history.png,FALSE,https://jsonify.hel1.your-objectstorage.com/screenshots/evals/results-2026-08-11-full/selenium/300_www.macrotrends.net_stocks_charts_AAPL_apple_stock-price-history.png,FALSE,TRUE
https://www.morningstar.com/stocks/xnas/aapl/quote,https://jsonify.hel1.your-objectstorage.com/screenshots/55b9f04b-8ad7-48e5-9651-bf2135e774c7.png,TRUE,https://jsonify.hel1.your-objectstorage.com/screenshots/evals/results-2026-08-11-full/bless/301_www.morningstar.com_stocks_xnas_aapl_quote.png,TRUE,https://jsonify.hel1.your-objectstorage.com/screenshots/evals/results-2026-08-11-full/bbase/301_www.morningstar.com_stocks_xnas_aapl_quote.png,TRUE,https://jsonify.hel1.your-objectstorage.com/screenshots/evals/results-2026-08-11-full/browseruse/301_www.morningstar.com_stocks_xnas_aapl_quote.png,TRUE,https://jsonify.hel1.your-objectstorage.com/screenshots/evals/results-2026-08-11-full/firecrawl_browser/301_www.morningstar.com_stocks_xnas_aapl_quote.png,TRUE,https://jsonify.hel1.your-objectstorage.com/screenshots/evals/results-2026-08-11-full/hyperbrowser/301_www.morningstar.com_stocks_xnas_aapl_quote.png,TRUE,https://jsonify.hel1.your-objectstorage.com/screenshots/evals/results-2026-08-11-full/obscura/301_www.morningstar.com_stocks_xnas_aapl_quote.png,TRUE,https://jsonify.hel1.your-objectstorage.com/screenshots/evals/results-2026-08-11-full/playwright/301_www.morningstar.com_stocks_xnas_aapl_quote.png,FALSE,https://jsonify.hel1.your-objectstorage.com/screenshots/evals/results-2026-08-11-full/selenium/301_www.morningstar.com_stocks_xnas_aapl_quote.png,FALSE,TRUE
https://www.twitch.tv/directory,https://jsonify.hel1.your-objectstorage.com/screenshots/3cabe453-ddd8-492b-b15c-593c84a15277.png,TRUE,https://jsonify.hel1.your-objectstorage.com/screenshots/evals/results-2026-08-11-full/bless/302_www.twitch.tv_directory.png,FALSE,https://jsonify.hel1.your-objectstorage.com/screenshots/evals/results-2026-08-11-full/bbase/302_www.twitch.tv_directory.png,TRUE,https://jsonify.hel1.your-objectstorage.com/screenshots/evals/results-2026-08-11-full/browseruse/302_www.twitch.tv_directory.png,FALSE,https://jsonify.hel1.your-objectstorage.com/screenshots/evals/results-2026-08-11-full/firecrawl_browser/302_www.twitch.tv_directory.png,TRUE,https://jsonify.hel1.your-objectstorage.com/screenshots/evals/results-2026-08-11-full/hyperbrowser/302_www.twitch.tv_directory.png,TRUE,https://jsonify.hel1.your-objectstorage.com/screenshots/evals/results-2026-08-11-full/obscura/302_www.twitch.tv_directory.png,TRUE,https://jsonify.hel1.your-objectstorage.com/screenshots/evals/results-2026-08-11-full/playwright/302_www.twitch.tv_directory.png,TRUE,https://jsonify.hel1.your-objectstorage.com/screenshots/evals/results-2026-08-11-full/selenium/302_www.twitch.tv_directory.png,TRUE,TRUE
https://www.patreon.com/explore,https://jsonify.hel1.your-objectstorage.com/screenshots/6d8d1750-b232-4991-885f-e6044cbe38da.png,TRUE,https://jsonify.hel1.your-objectstorage.com/screenshots/evals/results-2026-08-11-full/bless/303_www.patreon.com_explore.png,TRUE,https://jsonify.hel1.your-objectstorage.com/screenshots/evals/results-2026-08-11-full/bbase/303_www.patreon.com_explore.png,TRUE,https://jsonify.hel1.your-objectstorage.com/screenshots/evals/results-2026-08-11-full/browseruse/303_www.patreon.com_explore.png,TRUE,https://jsonify.hel1.your-objectstorage.com/screenshots/evals/results-2026-08-11-full/firecrawl_browser/303_www.patreon.com_explore.png,TRUE,https://jsonify.hel1.your-objectstorage.com/screenshots/evals/results-2026-08-11-full/hyperbrowser/303_www.patreon.com_explore.png,TRUE,https://jsonify.hel1.your-objectstorage.com/screenshots/evals/results-2026-08-11-full/obscura/303_www.patreon.com_explore.png,TRUE,https://jsonify.hel1.your-objectstorage.com/screenshots/evals/results-2026-08-11-full/playwright/303_www.patreon.com_explore.png,FALSE,https://jsonify.hel1.your-objectstorage.com/screenshots/evals/results-2026-08-11-full/selenium/303_www.patreon.com_explore.png,TRUE,TRUE
https://www.tumblr.com/explore/trending,https://jsonify.hel1.your-objectstorage.com/screenshots/844960f4-5dfc-4292-ab0c-c7531e4f3473.png,TRUE,https://jsonify.hel1.your-objectstorage.com/screenshots/evals/results-2026-08-11-full/bless/304_www.tumblr.com_explore_trending.png,TRUE,https://jsonify.hel1.your-objectstorage.com/screenshots/evals/results-2026-08-11-full/bbase/304_www.tumblr.com_explore_trending.png,TRUE,https://jsonify.hel1.your-objectstorage.com/screenshots/evals/results-2026-08-11-full/browseruse/304_www.tumblr.com_explore_trending.png,TRUE,https://jsonify.hel1.your-objectstorage.com/screenshots/evals/results-2026-08-11-full/firecrawl_browser/304_www.tumblr.com_explore_trending.png,TRUE,https://jsonify.hel1.your-objectstorage.com/screenshots/evals/results-2026-08-11-full/hyperbrowser/304_www.tumblr.com_explore_trending.png,TRUE,https://jsonify.hel1.your-objectstorage.com/screenshots/evals/results-2026-08-11-full/obscura/304_www.tumblr.com_explore_trending.png,FALSE,https://jsonify.hel1.your-objectstorage.com/screenshots/evals/results-2026-08-11-full/playwright/304_www.tumblr.com_explore_trending.png,TRUE,https://jsonify.hel1.your-objectstorage.com/screenshots/evals/results-2026-08-11-full/selenium/304_www.tumblr.com_explore_trending.png,TRUE,TRUE
https://www.deviantart.com/search?q=fantasy,https://jsonify.hel1.your-objectstorage.com/screenshots/d1aa3f6b-a9c0-42dc-a833-3f3a83ff1f5b.png,TRUE,https://jsonify.hel1.your-objectstorage.com/screenshots/evals/results-2026-08-11-full/bless/305_www.deviantart.com_search_q_fantasy.png,TRUE,https://jsonify.hel1.your-objectstorage.com/screenshots/evals/results-2026-08-11-full/bbase/305_www.deviantart.com_search_q_fantasy.png,TRUE,https://jsonify.hel1.your-objectstorage.com/screenshots/evals/results-2026-08-11-full/browseruse/305_www.deviantart.com_search_q_fantasy.png,TRUE,https://jsonify.hel1.your-objectstorage.com/screenshots/evals/results-2026-08-11-full/firecrawl_browser/305_www.deviantart.com_search_q_fantasy.png,TRUE,https://jsonify.hel1.your-objectstorage.com/screenshots/evals/results-2026-08-11-full/hyperbrowser/305_www.deviantart.com_search_q_fantasy.png,TRUE,https://jsonify.hel1.your-objectstorage.com/screenshots/evals/results-2026-08-11-full/obscura/305_www.deviantart.com_search_q_fantasy.png,TRUE,https://jsonify.hel1.your-objectstorage.com/screenshots/evals/results-2026-08-11-full/playwright/305_www.deviantart.com_search_q_fantasy.png,TRUE,https://jsonify.hel1.your-objectstorage.com/screenshots/evals/results-2026-08-11-full/selenium/305_www.deviantart.com_search_q_fantasy.png,TRUE,TRUE
https://discord.com/discovery,https://jsonify.hel1.your-objectstorage.com/screenshots/db1ce8e8-a08c-414b-9dbd-8813a90f3085.png,TRUE,https://jsonify.hel1.your-objectstorage.com/screenshots/evals/results-2026-08-11-full/bless/306_discord.com_discovery.png,FALSE,https://jsonify.hel1.your-objectstorage.com/screenshots/evals/results-2026-08-11-full/bbase/306_discord.com_discovery.png,TRUE,https://jsonify.hel1.your-objectstorage.com/screenshots/evals/results-2026-08-11-full/browseruse/306_discord.com_discovery.png,FALSE,https://jsonify.hel1.your-objectstorage.com/screenshots/evals/results-2026-08-11-full/firecrawl_browser/306_discord.com_discovery.png,TRUE,https://jsonify.hel1.your-objectstorage.com/screenshots/evals/results-2026-08-11-full/hyperbrowser/306_discord.com_discovery.png,TRUE,https://jsonify.hel1.your-objectstorage.com/screenshots/evals/results-2026-08-11-full/obscura/306_discord.com_discovery.png,FALSE,https://jsonify.hel1.your-objectstorage.com/screenshots/evals/results-2026-08-11-full/playwright/306_discord.com_discovery.png,TRUE,https://jsonify.hel1.your-objectstorage.com/screenshots/evals/results-2026-08-11-full/selenium/306_discord.com_discovery.png,TRUE,TRUE
https://mastodon.social/explore,https://jsonify.hel1.your-objectstorage.com/screenshots/05c921c7-d772-4c88-89fb-c192629458ce.png,FALSE,https://jsonify.hel1.your-objectstorage.com/screenshots/evals/results-2026-08-11-full/bless/307_mastodon.social_explore.png,FALSE,https://jsonify.hel1.your-objectstorage.com/screenshots/evals/results-2026-08-11-full/bbase/307_mastodon.social_explore.png,TRUE,https://jsonify.hel1.your-objectstorage.com/screenshots/evals/results-2026-08-11-full/browseruse/307_mastodon.social_explore.png,FALSE,https://jsonify.hel1.your-objectstorage.com/screenshots/evals/results-2026-08-11-full/firecrawl_browser/307_mastodon.social_explore.png,FALSE,https://jsonify.hel1.your-objectstorage.com/screenshots/evals/results-2026-08-11-full/hyperbrowser/307_mastodon.social_explore.png,FALSE,https://jsonify.hel1.your-objectstorage.com/screenshots/evals/results-2026-08-11-full/obscura/307_mastodon.social_explore.png,TRUE,https://jsonify.hel1.your-objectstorage.com/screenshots/evals/results-2026-08-11-full/playwright/307_mastodon.social_explore.png,TRUE,https://jsonify.hel1.your-objectstorage.com/screenshots/evals/results-2026-08-11-full/selenium/307_mastodon.social_explore.png,TRUE,TRUE
https://medium.com/tag/programming,https://jsonify.hel1.your-objectstorage.com/screenshots/73fa6d20-9d0c-45d0-86e7-a5046723845d.png,TRUE,https://jsonify.hel1.your-objectstorage.com/screenshots/evals/results-2026-08-11-full/bless/308_medium.com_tag_programming.png,TRUE,https://jsonify.hel1.your-objectstorage.com/screenshots/evals/results-2026-08-11-full/bbase/308_medium.com_tag_programming.png,TRUE,https://jsonify.hel1.your-objectstorage.com/screenshots/evals/results-2026-08-11-full/browseruse/308_medium.com_tag_programming.png,TRUE,https://jsonify.hel1.your-objectstorage.com/screenshots/evals/results-2026-08-11-full/firecrawl_browser/308_medium.com_tag_programming.png,TRUE,https://jsonify.hel1.your-objectstorage.com/screenshots/evals/results-2026-08-11-full/hyperbrowser/308_medium.com_tag_programming.png,FALSE,https://jsonify.hel1.your-objectstorage.com/screenshots/evals/results-2026-08-11-full/obscura/308_medium.com_tag_programming.png,FALSE,https://jsonify.hel1.your-objectstorage.com/screenshots/evals/results-2026-08-11-full/playwright/308_medium.com_tag_programming.png,FALSE,https://jsonify.hel1.your-objectstorage.com/screenshots/evals/results-2026-08-11-full/selenium/308_medium.com_tag_programming.png,FALSE,TRUE
https://github.com/search?q=web+scraping&type=repositories,https://jsonify.hel1.your-objectstorage.com/screenshots/eaef6bd0-ad2f-449c-9ee6-70b0cf791ea0.png,TRUE,https://jsonify.hel1.your-objectstorage.com/screenshots/evals/results-2026-08-11-full/bless/309_github.com_search_q_web_scraping_type_repositories.png,TRUE,https://jsonify.hel1.your-objectstorage.com/screenshots/evals/results-2026-08-11-full/bbase/309_github.com_search_q_web_scraping_type_repositories.png,TRUE,https://jsonify.hel1.your-objectstorage.com/screenshots/evals/results-2026-08-11-full/browseruse/309_github.com_search_q_web_scraping_type_repositories.png,TRUE,https://jsonify.hel1.your-objectstorage.com/screenshots/evals/results-2026-08-11-full/firecrawl_browser/309_github.com_search_q_web_scraping_type_repositories.png,TRUE,https://jsonify.hel1.your-objectstorage.com/screenshots/evals/results-2026-08-11-full/hyperbrowser/309_github.com_search_q_web_scraping_type_repositories.png,TRUE,https://jsonify.hel1.your-objectstorage.com/screenshots/evals/results-2026-08-11-full/obscura/309_github.com_search_q_web_scraping_type_repositories.png,FALSE,https://jsonify.hel1.your-objectstorage.com/screenshots/evals/results-2026-08-11-full/playwright/309_github.com_search_q_web_scraping_type_repositories.png,TRUE,https://jsonify.hel1.your-objectstorage.com/screenshots/evals/results-2026-08-11-full/selenium/309_github.com_search_q_web_scraping_type_repositories.png,TRUE,TRUE
https://gitlab.com/explore,https://jsonify.hel1.your-objectstorage.com/screenshots/4e4f15bf-a2f2-49dd-8898-ac36c79f4250.png,TRUE,https://jsonify.hel1.your-objectstorage.com/screenshots/evals/results-2026-08-11-full/bless/310_gitlab.com_explore.png,TRUE,https://jsonify.hel1.your-objectstorage.com/screenshots/evals/results-2026-08-11-full/bbase/310_gitlab.com_explore.png,TRUE,https://jsonify.hel1.your-objectstorage.com/screenshots/evals/results-2026-08-11-full/browseruse/310_gitlab.com_explore.png,TRUE,https://jsonify.hel1.your-objectstorage.com/screenshots/evals/results-2026-08-11-full/firecrawl_browser/310_gitlab.com_explore.png,TRUE,https://jsonify.hel1.your-objectstorage.com/screenshots/evals/results-2026-08-11-full/hyperbrowser/310_gitlab.com_explore.png,TRUE,https://jsonify.hel1.your-objectstorage.com/screenshots/evals/results-2026-08-11-full/obscura/310_gitlab.com_explore.png,FALSE,https://jsonify.hel1.your-objectstorage.com/screenshots/evals/results-2026-08-11-full/playwright/310_gitlab.com_explore.png,TRUE,https://jsonify.hel1.your-objectstorage.com/screenshots/evals/results-2026-08-11-full/selenium/310_gitlab.com_explore.png,TRUE,TRUE
https://openai.com/pricing,https://jsonify.hel1.your-objectstorage.com/screenshots/5c6f6161-d1e0-46db-9144-7d86959e4c8e.png,TRUE,https://jsonify.hel1.your-objectstorage.com/screenshots/evals/results-2026-08-11-full/bless/311_openai.com_pricing.png,TRUE,https://jsonify.hel1.your-objectstorage.com/screenshots/evals/results-2026-08-11-full/bbase/311_openai.com_pricing.png,TRUE,https://jsonify.hel1.your-objectstorage.com/screenshots/evals/results-2026-08-11-full/browseruse/311_openai.com_pricing.png,TRUE,https://jsonify.hel1.your-objectstorage.com/screenshots/evals/results-2026-08-11-full/firecrawl_browser/311_openai.com_pricing.png,TRUE,https://jsonify.hel1.your-objectstorage.com/screenshots/evals/results-2026-08-11-full/hyperbrowser/311_openai.com_pricing.png,TRUE,https://jsonify.hel1.your-objectstorage.com/screenshots/evals/results-2026-08-11-full/obscura/311_openai.com_pricing.png,FALSE,https://jsonify.hel1.your-objectstorage.com/screenshots/evals/results-2026-08-11-full/playwright/311_openai.com_pricing.png,FALSE,https://jsonify.hel1.your-objectstorage.com/screenshots/evals/results-2026-08-11-full/selenium/311_openai.com_pricing.png,FALSE,TRUE
https://anthropic.com/pricing,https://jsonify.hel1.your-objectstorage.com/screenshots/777458ad-b5e2-4457-b23d-a627c64c0cf9.png,TRUE,https://jsonify.hel1.your-objectstorage.com/screenshots/evals/results-2026-08-11-full/bless/312_anthropic.com_pricing.png,TRUE,https://jsonify.hel1.your-objectstorage.com/screenshots/evals/results-2026-08-11-full/bbase/312_anthropic.com_pricing.png,TRUE,https://jsonify.hel1.your-objectstorage.com/screenshots/evals/results-2026-08-11-full/browseruse/312_anthropic.com_pricing.png,TRUE,https://jsonify.hel1.your-objectstorage.com/screenshots/evals/results-2026-08-11-full/firecrawl_browser/312_anthropic.com_pricing.png,TRUE,https://jsonify.hel1.your-objectstorage.com/screenshots/evals/results-2026-08-11-full/hyperbrowser/312_anthropic.com_pricing.png,TRUE,https://jsonify.hel1.your-objectstorage.com/screenshots/evals/results-2026-08-11-full/obscura/312_anthropic.com_pricing.png,TRUE,https://jsonify.hel1.your-objectstorage.com/screenshots/evals/results-2026-08-11-full/playwright/312_anthropic.com_pricing.png,TRUE,https://jsonify.hel1.your-objectstorage.com/screenshots/evals/results-2026-08-11-full/selenium/312_anthropic.com_pricing.png,TRUE,TRUE
https://dev.to/t/python,https://jsonify.hel1.your-objectstorage.com/screenshots/035a2bd7-3550-4796-868b-ac2be9c53d52.png,TRUE,https://jsonify.hel1.your-objectstorage.com/screenshots/evals/results-2026-08-11-full/bless/313_dev.to_t_python.png,TRUE,https://jsonify.hel1.your-objectstorage.com/screenshots/evals/results-2026-08-11-full/bbase/313_dev.to_t_python.png,TRUE,https://jsonify.hel1.your-objectstorage.com/screenshots/evals/results-2026-08-11-full/browseruse/313_dev.to_t_python.png,TRUE,https://jsonify.hel1.your-objectstorage.com/screenshots/evals/results-2026-08-11-full/firecrawl_browser/313_dev.to_t_python.png,TRUE,https://jsonify.hel1.your-objectstorage.com/screenshots/evals/results-2026-08-11-full/hyperbrowser/313_dev.to_t_python.png,TRUE,https://jsonify.hel1.your-objectstorage.com/screenshots/evals/results-2026-08-11-full/obscura/313_dev.to_t_python.png,TRUE,https://jsonify.hel1.your-objectstorage.com/screenshots/evals/results-2026-08-11-full/playwright/313_dev.to_t_python.png,TRUE,https://jsonify.hel1.your-objectstorage.com/screenshots/evals/results-2026-08-11-full/selenium/313_dev.to_t_python.png,TRUE,TRUE
https://hashnode.com/n/programming,https://jsonify.hel1.your-objectstorage.com/screenshots/a616f042-0d44-4505-9294-5bb6db65e1b5.png,TRUE,https://jsonify.hel1.your-objectstorage.com/screenshots/evals/results-2026-08-11-full/bless/314_hashnode.com_n_programming.png,TRUE,https://jsonify.hel1.your-objectstorage.com/screenshots/evals/results-2026-08-11-full/bbase/314_hashnode.com_n_programming.png,TRUE,https://jsonify.hel1.your-objectstorage.com/screenshots/evals/results-2026-08-11-full/browseruse/314_hashnode.com_n_programming.png,TRUE,https://jsonify.hel1.your-objectstorage.com/screenshots/evals/results-2026-08-11-full/firecrawl_browser/314_hashnode.com_n_programming.png,TRUE,https://jsonify.hel1.your-objectstorage.com/screenshots/evals/results-2026-08-11-full/hyperbrowser/314_hashnode.com_n_programming.png,TRUE,https://jsonify.hel1.your-objectstorage.com/screenshots/evals/results-2026-08-11-full/obscura/314_hashnode.com_n_programming.png,TRUE,https://jsonify.hel1.your-objectstorage.com/screenshots/evals/results-2026-08-11-full/playwright/314_hashnode.com_n_programming.png,TRUE,https://jsonify.hel1.your-objectstorage.com/screenshots/evals/results-2026-08-11-full/selenium/314_hashnode.com_n_programming.png,TRUE,TRUE
https://news.ycombinator.com/,https://jsonify.hel1.your-objectstorage.com/screenshots/92996f02-6bea-4a96-afd7-0b700545813d.png,TRUE,https://jsonify.hel1.your-objectstorage.com/screenshots/evals/results-2026-08-11-full/bless/315_news.ycombinator.com_home.png,TRUE,https://jsonify.hel1.your-objectstorage.com/screenshots/evals/results-2026-08-11-full/bbase/315_news.ycombinator.com_home.png,TRUE,https://jsonify.hel1.your-objectstorage.com/screenshots/evals/results-2026-08-11-full/browseruse/315_news.ycombinator.com_home.png,TRUE,https://jsonify.hel1.your-objectstorage.com/screenshots/evals/results-2026-08-11-full/firecrawl_browser/315_news.ycombinator.com_home.png,TRUE,https://jsonify.hel1.your-objectstorage.com/screenshots/evals/results-2026-08-11-full/hyperbrowser/315_news.ycombinator.com_home.png,TRUE,https://jsonify.hel1.your-objectstorage.com/screenshots/evals/results-2026-08-11-full/obscura/315_news.ycombinator.com_home.png,TRUE,https://jsonify.hel1.your-objectstorage.com/screenshots/evals/results-2026-08-11-full/playwright/315_news.ycombinator.com_home.png,TRUE,https://jsonify.hel1.your-objectstorage.com/screenshots/evals/results-2026-08-11-full/selenium/315_news.ycombinator.com_home.png,TRUE,TRUE
https://stackexchange.com/,https://jsonify.hel1.your-objectstorage.com/screenshots/e6e25202-2be4-47eb-b7bb-086e961f3444.png,TRUE,https://jsonify.hel1.your-objectstorage.com/screenshots/evals/results-2026-08-11-full/bless/316_stackexchange.com_home.png,TRUE,https://jsonify.hel1.your-objectstorage.com/screenshots/evals/results-2026-08-11-full/bbase/316_stackexchange.com_home.png,TRUE,https://jsonify.hel1.your-objectstorage.com/screenshots/evals/results-2026-08-11-full/browseruse/316_stackexchange.com_home.png,TRUE,https://jsonify.hel1.your-objectstorage.com/screenshots/evals/results-2026-08-11-full/firecrawl_browser/316_stackexchange.com_home.png,TRUE,https://jsonify.hel1.your-objectstorage.com/screenshots/evals/results-2026-08-11-full/hyperbrowser/316_stackexchange.com_home.png,FALSE,https://jsonify.hel1.your-objectstorage.com/screenshots/evals/results-2026-08-11-full/obscura/316_stackexchange.com_home.png,FALSE,https://jsonify.hel1.your-objectstorage.com/screenshots/evals/results-2026-08-11-full/playwright/316_stackexchange.com_home.png,TRUE,https://jsonify.hel1.your-objectstorage.com/screenshots/evals/results-2026-08-11-full/selenium/316_stackexchange.com_home.png,TRUE,TRUE
https://hub.docker.com/search?q=postgres&type=image,https://jsonify.hel1.your-objectstorage.com/screenshots/991f22a3-6a62-407e-bcf6-f66ce05f5d02.png,TRUE,https://jsonify.hel1.your-objectstorage.com/screenshots/evals/results-2026-08-11-full/bless/317_hub.docker.com_search_q_postgres_type_image.png,TRUE,https://jsonify.hel1.your-objectstorage.com/screenshots/evals/results-2026-08-11-full/bbase/317_hub.docker.com_search_q_postgres_type_image.png,TRUE,https://jsonify.hel1.your-objectstorage.com/screenshots/evals/results-2026-08-11-full/browseruse/317_hub.docker.com_search_q_postgres_type_image.png,TRUE,https://jsonify.hel1.your-objectstorage.com/screenshots/evals/results-2026-08-11-full/firecrawl_browser/317_hub.docker.com_search_q_postgres_type_image.png,TRUE,https://jsonify.hel1.your-objectstorage.com/screenshots/evals/results-2026-08-11-full/hyperbrowser/317_hub.docker.com_search_q_postgres_type_image.png,TRUE,https://jsonify.hel1.your-objectstorage.com/screenshots/evals/results-2026-08-11-full/obscura/317_hub.docker.com_search_q_postgres_type_image.png,TRUE,https://jsonify.hel1.your-objectstorage.com/screenshots/evals/results-2026-08-11-full/playwright/317_hub.docker.com_search_q_postgres_type_image.png,TRUE,https://jsonify.hel1.your-objectstorage.com/screenshots/evals/results-2026-08-11-full/selenium/317_hub.docker.com_search_q_postgres_type_image.png,TRUE,TRUE
https://mvnrepository.com/search?q=spring+boot,https://jsonify.hel1.your-objectstorage.com/screenshots/4f6c91bc-9729-4927-bea2-dcdb8129a420.png,TRUE,https://jsonify.hel1.your-objectstorage.com/screenshots/evals/results-2026-08-11-full/bless/318_mvnrepository.com_search_q_spring_boot.png,FALSE,https://jsonify.hel1.your-objectstorage.com/screenshots/evals/results-2026-08-11-full/bbase/318_mvnrepository.com_search_q_spring_boot.png,TRUE,https://jsonify.hel1.your-objectstorage.com/screenshots/evals/results-2026-08-11-full/browseruse/318_mvnrepository.com_search_q_spring_boot.png,TRUE,https://jsonify.hel1.your-objectstorage.com/screenshots/evals/results-2026-08-11-full/firecrawl_browser/318_mvnrepository.com_search_q_spring_boot.png,FALSE,https://jsonify.hel1.your-objectstorage.com/screenshots/evals/results-2026-08-11-full/hyperbrowser/318_mvnrepository.com_search_q_spring_boot.png,FALSE,https://jsonify.hel1.your-objectstorage.com/screenshots/evals/results-2026-08-11-full/obscura/318_mvnrepository.com_search_q_spring_boot.png,FALSE,https://jsonify.hel1.your-objectstorage.com/screenshots/evals/results-2026-08-11-full/playwright/318_mvnrepository.com_search_q_spring_boot.png,FALSE,https://jsonify.hel1.your-objectstorage.com/screenshots/evals/results-2026-08-11-full/selenium/318_mvnrepository.com_search_q_spring_boot.png,FALSE,TRUE
https://rubygems.org/search?query=rails,https://jsonify.hel1.your-objectstorage.com/screenshots/02348d1f-de76-4cb5-a735-f2645713ad64.png,TRUE,https://jsonify.hel1.your-objectstorage.com/screenshots/evals/results-2026-08-11-full/bless/319_rubygems.org_search_query_rails.png,TRUE,https://jsonify.hel1.your-objectstorage.com/screenshots/evals/results-2026-08-11-full/bbase/319_rubygems.org_search_query_rails.png,TRUE,https://jsonify.hel1.your-objectstorage.com/screenshots/evals/results-2026-08-11-full/browseruse/319_rubygems.org_search_query_rails.png,TRUE,https://jsonify.hel1.your-objectstorage.com/screenshots/evals/results-2026-08-11-full/firecrawl_browser/319_rubygems.org_search_query_rails.png,TRUE,https://jsonify.hel1.your-objectstorage.com/screenshots/evals/results-2026-08-11-full/hyperbrowser/319_rubygems.org_search_query_rails.png,TRUE,https://jsonify.hel1.your-objectstorage.com/screenshots/evals/results-2026-08-11-full/obscura/319_rubygems.org_search_query_rails.png,TRUE,https://jsonify.hel1.your-objectstorage.com/screenshots/evals/results-2026-08-11-full/playwright/319_rubygems.org_search_query_rails.png,TRUE,https://jsonify.hel1.your-objectstorage.com/screenshots/evals/results-2026-08-11-full/selenium/319_rubygems.org_search_query_rails.png,TRUE,TRUE
https://crates.io/search?q=serde,https://jsonify.hel1.your-objectstorage.com/screenshots/a09f2a54-f921-417e-9a08-54ea1e8f3a46.png,TRUE,https://jsonify.hel1.your-objectstorage.com/screenshots/evals/results-2026-08-11-full/bless/320_crates.io_search_q_serde.png,TRUE,https://jsonify.hel1.your-objectstorage.com/screenshots/evals/results-2026-08-11-full/bbase/320_crates.io_search_q_serde.png,TRUE,https://jsonify.hel1.your-objectstorage.com/screenshots/evals/results-2026-08-11-full/browseruse/320_crates.io_search_q_serde.png,TRUE,https://jsonify.hel1.your-objectstorage.com/screenshots/evals/results-2026-08-11-full/firecrawl_browser/320_crates.io_search_q_serde.png,TRUE,https://jsonify.hel1.your-objectstorage.com/screenshots/evals/results-2026-08-11-full/hyperbrowser/320_crates.io_search_q_serde.png,TRUE,https://jsonify.hel1.your-objectstorage.com/screenshots/evals/results-2026-08-11-full/obscura/320_crates.io_search_q_serde.png,TRUE,https://jsonify.hel1.your-objectstorage.com/screenshots/evals/results-2026-08-11-full/playwright/320_crates.io_search_q_serde.png,TRUE,https://jsonify.hel1.your-objectstorage.com/screenshots/evals/results-2026-08-11-full/selenium/320_crates.io_search_q_serde.png,TRUE,TRUE
https://sourceforge.net/directory/,https://jsonify.hel1.your-objectstorage.com/screenshots/1c3cc63a-1aca-4f79-92b9-bda4075aa7fe.png,TRUE,https://jsonify.hel1.your-objectstorage.com/screenshots/evals/results-2026-08-11-full/bless/321_sourceforge.net_directory.png,TRUE,https://jsonify.hel1.your-objectstorage.com/screenshots/evals/results-2026-08-11-full/bbase/321_sourceforge.net_directory.png,TRUE,https://jsonify.hel1.your-objectstorage.com/screenshots/evals/results-2026-08-11-full/browseruse/321_sourceforge.net_directory.png,TRUE,https://jsonify.hel1.your-objectstorage.com/screenshots/evals/results-2026-08-11-full/firecrawl_browser/321_sourceforge.net_directory.png,TRUE,https://jsonify.hel1.your-objectstorage.com/screenshots/evals/results-2026-08-11-full/hyperbrowser/321_sourceforge.net_directory.png,FALSE,https://jsonify.hel1.your-objectstorage.com/screenshots/evals/results-2026-08-11-full/obscura/321_sourceforge.net_directory.png,FALSE,https://jsonify.hel1.your-objectstorage.com/screenshots/evals/results-2026-08-11-full/playwright/321_sourceforge.net_directory.png,FALSE,https://jsonify.hel1.your-objectstorage.com/screenshots/evals/results-2026-08-11-full/selenium/321_sourceforge.net_directory.png,FALSE,TRUE
https://packagist.org/explore/,https://jsonify.hel1.your-objectstorage.com/screenshots/2ef86988-2ca4-4b0c-be25-cd886945a460.png,TRUE,https://jsonify.hel1.your-objectstorage.com/screenshots/evals/results-2026-08-11-full/bless/322_packagist.org_explore.png,TRUE,https://jsonify.hel1.your-objectstorage.com/screenshots/evals/results-2026-08-11-full/bbase/322_packagist.org_explore.png,TRUE,https://jsonify.hel1.your-objectstorage.com/screenshots/evals/results-2026-08-11-full/browseruse/322_packagist.org_explore.png,TRUE,https://jsonify.hel1.your-objectstorage.com/screenshots/evals/results-2026-08-11-full/firecrawl_browser/322_packagist.org_explore.png,TRUE,https://jsonify.hel1.your-objectstorage.com/screenshots/evals/results-2026-08-11-full/hyperbrowser/322_packagist.org_explore.png,TRUE,https://jsonify.hel1.your-objectstorage.com/screenshots/evals/results-2026-08-11-full/obscura/322_packagist.org_explore.png,TRUE,https://jsonify.hel1.your-objectstorage.com/screenshots/evals/results-2026-08-11-full/playwright/322_packagist.org_explore.png,TRUE,https://jsonify.hel1.your-objectstorage.com/screenshots/evals/results-2026-08-11-full/selenium/322_packagist.org_explore.png,TRUE,TRUE
https://www.cnn.com/business,https://jsonify.hel1.your-objectstorage.com/screenshots/845467dd-13e9-49fa-a889-216f8d8bbf44.png,TRUE,https://jsonify.hel1.your-objectstorage.com/screenshots/evals/results-2026-08-11-full/bless/323_www.cnn.com_business.png,TRUE,https://jsonify.hel1.your-objectstorage.com/screenshots/evals/results-2026-08-11-full/bbase/323_www.cnn.com_business.png,TRUE,https://jsonify.hel1.your-objectstorage.com/screenshots/evals/results-2026-08-11-full/browseruse/323_www.cnn.com_business.png,TRUE,https://jsonify.hel1.your-objectstorage.com/screenshots/evals/results-2026-08-11-full/firecrawl_browser/323_www.cnn.com_business.png,TRUE,https://jsonify.hel1.your-objectstorage.com/screenshots/evals/results-2026-08-11-full/hyperbrowser/323_www.cnn.com_business.png,TRUE,https://jsonify.hel1.your-objectstorage.com/screenshots/evals/results-2026-08-11-full/obscura/323_www.cnn.com_business.png,TRUE,https://jsonify.hel1.your-objectstorage.com/screenshots/evals/results-2026-08-11-full/playwright/323_www.cnn.com_business.png,FALSE,https://jsonify.hel1.your-objectstorage.com/screenshots/evals/results-2026-08-11-full/selenium/323_www.cnn.com_business.png,FALSE,TRUE
https://www.businessinsider.com/tech,https://jsonify.hel1.your-objectstorage.com/screenshots/7bebd569-6b6f-47a9-a436-51e6c67e75de.png,TRUE,https://jsonify.hel1.your-objectstorage.com/screenshots/evals/results-2026-08-11-full/bless/324_www.businessinsider.com_tech.png,TRUE,https://jsonify.hel1.your-objectstorage.com/screenshots/evals/results-2026-08-11-full/bbase/324_www.businessinsider.com_tech.png,TRUE,https://jsonify.hel1.your-objectstorage.com/screenshots/evals/results-2026-08-11-full/browseruse/324_www.businessinsider.com_tech.png,TRUE,https://jsonify.hel1.your-objectstorage.com/screenshots/evals/results-2026-08-11-full/firecrawl_browser/324_www.businessinsider.com_tech.png,TRUE,https://jsonify.hel1.your-objectstorage.com/screenshots/evals/results-2026-08-11-full/hyperbrowser/324_www.businessinsider.com_tech.png,TRUE,https://jsonify.hel1.your-objectstorage.com/screenshots/evals/results-2026-08-11-full/obscura/324_www.businessinsider.com_tech.png,TRUE,https://jsonify.hel1.your-objectstorage.com/screenshots/evals/results-2026-08-11-full/playwright/324_www.businessinsider.com_tech.png,TRUE,https://jsonify.hel1.your-objectstorage.com/screenshots/evals/results-2026-08-11-full/selenium/324_www.businessinsider.com_tech.png,TRUE,TRUE
https://www.economist.com/finance-and-economics,https://jsonify.hel1.your-objectstorage.com/screenshots/3fa21ddc-26cb-4061-9739-c3147ac0066c.png,TRUE,https://jsonify.hel1.your-objectstorage.com/screenshots/evals/results-2026-08-11-full/bless/325_www.economist.com_finance-and-economics.png,TRUE,https://jsonify.hel1.your-objectstorage.com/screenshots/evals/results-2026-08-11-full/bbase/325_www.economist.com_finance-and-economics.png,TRUE,https://jsonify.hel1.your-objectstorage.com/screenshots/evals/results-2026-08-11-full/browseruse/325_www.economist.com_finance-and-economics.png,TRUE,https://jsonify.hel1.your-objectstorage.com/screenshots/evals/results-2026-08-11-full/firecrawl_browser/325_www.economist.com_finance-and-economics.png,TRUE,https://jsonify.hel1.your-objectstorage.com/screenshots/evals/results-2026-08-11-full/hyperbrowser/325_www.economist.com_finance-and-economics.png,FALSE,https://jsonify.hel1.your-objectstorage.com/screenshots/evals/results-2026-08-11-full/obscura/325_www.economist.com_finance-and-economics.png,FALSE,https://jsonify.hel1.your-objectstorage.com/screenshots/evals/results-2026-08-11-full/playwright/325_www.economist.com_finance-and-economics.png,FALSE,https://jsonify.hel1.your-objectstorage.com/screenshots/evals/results-2026-08-11-full/selenium/325_www.economist.com_finance-and-economics.png,FALSE,TRUE
https://apnews.com/hub/technology,https://jsonify.hel1.your-objectstorage.com/screenshots/fb95e880-f3c3-4f06-b880-9186fc754c2c.png,TRUE,https://jsonify.hel1.your-objectstorage.com/screenshots/evals/results-2026-08-11-full/bless/326_apnews.com_hub_technology.png,TRUE,https://jsonify.hel1.your-objectstorage.com/screenshots/evals/results-2026-08-11-full/bbase/326_apnews.com_hub_technology.png,TRUE,https://jsonify.hel1.your-objectstorage.com/screenshots/evals/results-2026-08-11-full/browseruse/326_apnews.com_hub_technology.png,TRUE,,FALSE,https://jsonify.hel1.your-objectstorage.com/screenshots/evals/results-2026-08-11-full/hyperbrowser/326_apnews.com_hub_technology.png,TRUE,https://jsonify.hel1.your-objectstorage.com/screenshots/evals/results-2026-08-11-full/obscura/326_apnews.com_hub_technology.png,TRUE,https://jsonify.hel1.your-objectstorage.com/screenshots/evals/results-2026-08-11-full/playwright/326_apnews.com_hub_technology.png,TRUE,,FALSE,TRUE
https://www.theguardian.com/technology,https://jsonify.hel1.your-objectstorage.com/screenshots/1bba835c-9098-472e-9f0e-edc20e2cf0e5.png,TRUE,https://jsonify.hel1.your-objectstorage.com/screenshots/evals/results-2026-08-11-full/bless/327_www.theguardian.com_technology.png,TRUE,https://jsonify.hel1.your-objectstorage.com/screenshots/evals/results-2026-08-11-full/bbase/327_www.theguardian.com_technology.png,TRUE,https://jsonify.hel1.your-objectstorage.com/screenshots/evals/results-2026-08-11-full/browseruse/327_www.theguardian.com_technology.png,TRUE,https://jsonify.hel1.your-objectstorage.com/screenshots/evals/results-2026-08-11-full/firecrawl_browser/327_www.theguardian.com_technology.png,TRUE,https://jsonify.hel1.your-objectstorage.com/screenshots/evals/results-2026-08-11-full/hyperbrowser/327_www.theguardian.com_technology.png,TRUE,https://jsonify.hel1.your-objectstorage.com/screenshots/evals/results-2026-08-11-full/obscura/327_www.theguardian.com_technology.png,TRUE,https://jsonify.hel1.your-objectstorage.com/screenshots/evals/results-2026-08-11-full/playwright/327_www.theguardian.com_technology.png,TRUE,https://jsonify.hel1.your-objectstorage.com/screenshots/evals/results-2026-08-11-full/selenium/327_www.theguardian.com_technology.png,TRUE,TRUE
https://www.theverge.com/tech,https://jsonify.hel1.your-objectstorage.com/screenshots/35f130b8-6e07-4854-a6d6-d3878e47c8c2.png,TRUE,https://jsonify.hel1.your-objectstorage.com/screenshots/evals/results-2026-08-11-full/bless/328_www.theverge.com_tech.png,TRUE,https://jsonify.hel1.your-objectstorage.com/screenshots/evals/results-2026-08-11-full/bbase/328_www.theverge.com_tech.png,TRUE,https://jsonify.hel1.your-objectstorage.com/screenshots/evals/results-2026-08-11-full/browseruse/328_www.theverge.com_tech.png,TRUE,https://jsonify.hel1.your-objectstorage.com/screenshots/evals/results-2026-08-11-full/firecrawl_browser/328_www.theverge.com_tech.png,TRUE,https://jsonify.hel1.your-objectstorage.com/screenshots/evals/results-2026-08-11-full/hyperbrowser/328_www.theverge.com_tech.png,TRUE,https://jsonify.hel1.your-objectstorage.com/screenshots/evals/results-2026-08-11-full/obscura/328_www.theverge.com_tech.png,FALSE,https://jsonify.hel1.your-objectstorage.com/screenshots/evals/results-2026-08-11-full/playwright/328_www.theverge.com_tech.png,TRUE,https://jsonify.hel1.your-objectstorage.com/screenshots/evals/results-2026-08-11-full/selenium/328_www.theverge.com_tech.png,TRUE,TRUE
https://www.forbes.com/technology/,https://jsonify.hel1.your-objectstorage.com/screenshots/fa5f7cad-1780-4d0d-a428-2aa9e2cc23cb.png,TRUE,https://jsonify.hel1.your-objectstorage.com/screenshots/evals/results-2026-08-11-full/bless/329_www.forbes.com_technology.png,FALSE,https://jsonify.hel1.your-objectstorage.com/screenshots/evals/results-2026-08-11-full/bbase/329_www.forbes.com_technology.png,TRUE,https://jsonify.hel1.your-objectstorage.com/screenshots/evals/results-2026-08-11-full/browseruse/329_www.forbes.com_technology.png,TRUE,https://jsonify.hel1.your-objectstorage.com/screenshots/evals/results-2026-08-11-full/firecrawl_browser/329_www.forbes.com_technology.png,TRUE,https://jsonify.hel1.your-objectstorage.com/screenshots/evals/results-2026-08-11-full/hyperbrowser/329_www.forbes.com_technology.png,TRUE,https://jsonify.hel1.your-objectstorage.com/screenshots/evals/results-2026-08-11-full/obscura/329_www.forbes.com_technology.png,TRUE,https://jsonify.hel1.your-objectstorage.com/screenshots/evals/results-2026-08-11-full/playwright/329_www.forbes.com_technology.png,TRUE,https://jsonify.hel1.your-objectstorage.com/screenshots/evals/results-2026-08-11-full/selenium/329_www.forbes.com_technology.png,TRUE,TRUE
https://www.nbcnews.com/business,https://jsonify.hel1.your-objectstorage.com/screenshots/649690ad-cd73-4367-97fb-34181cad45e4.png,TRUE,https://jsonify.hel1.your-objectstorage.com/screenshots/evals/results-2026-08-11-full/bless/330_www.nbcnews.com_business.png,TRUE,https://jsonify.hel1.your-objectstorage.com/screenshots/evals/results-2026-08-11-full/bbase/330_www.nbcnews.com_business.png,TRUE,https://jsonify.hel1.your-objectstorage.com/screenshots/evals/results-2026-08-11-full/browseruse/330_www.nbcnews.com_business.png,TRUE,https://jsonify.hel1.your-objectstorage.com/screenshots/evals/results-2026-08-11-full/firecrawl_browser/330_www.nbcnews.com_business.png,TRUE,https://jsonify.hel1.your-objectstorage.com/screenshots/evals/results-2026-08-11-full/hyperbrowser/330_www.nbcnews.com_business.png,TRUE,https://jsonify.hel1.your-objectstorage.com/screenshots/evals/results-2026-08-11-full/obscura/330_www.nbcnews.com_business.png,TRUE,https://jsonify.hel1.your-objectstorage.com/screenshots/evals/results-2026-08-11-full/playwright/330_www.nbcnews.com_business.png,TRUE,https://jsonify.hel1.your-objectstorage.com/screenshots/evals/results-2026-08-11-full/selenium/330_www.nbcnews.com_business.png,TRUE,TRUE
https://www.foxnews.com/us,https://jsonify.hel1.your-objectstorage.com/screenshots/4b2bb15d-6596-40be-bf7d-b72f77cd9c7c.png,TRUE,https://jsonify.hel1.your-objectstorage.com/screenshots/evals/results-2026-08-11-full/bless/331_www.foxnews.com_us.png,TRUE,https://jsonify.hel1.your-objectstorage.com/screenshots/evals/results-2026-08-11-full/bbase/331_www.foxnews.com_us.png,TRUE,https://jsonify.hel1.your-objectstorage.com/screenshots/evals/results-2026-08-11-full/browseruse/331_www.foxnews.com_us.png,TRUE,https://jsonify.hel1.your-objectstorage.com/screenshots/evals/results-2026-08-11-full/firecrawl_browser/331_www.foxnews.com_us.png,TRUE,https://jsonify.hel1.your-objectstorage.com/screenshots/evals/results-2026-08-11-full/hyperbrowser/331_www.foxnews.com_us.png,TRUE,https://jsonify.hel1.your-objectstorage.com/screenshots/evals/results-2026-08-11-full/obscura/331_www.foxnews.com_us.png,TRUE,https://jsonify.hel1.your-objectstorage.com/screenshots/evals/results-2026-08-11-full/playwright/331_www.foxnews.com_us.png,TRUE,https://jsonify.hel1.your-objectstorage.com/screenshots/evals/results-2026-08-11-full/selenium/331_www.foxnews.com_us.png,TRUE,TRUE
https://www.usatoday.com/news/,https://jsonify.hel1.your-objectstorage.com/screenshots/e0a6d78a-cca3-4065-b448-ffa80965444a.png,TRUE,https://jsonify.hel1.your-objectstorage.com/screenshots/evals/results-2026-08-11-full/bless/332_www.usatoday.com_news.png,TRUE,https://jsonify.hel1.your-objectstorage.com/screenshots/evals/results-2026-08-11-full/bbase/332_www.usatoday.com_news.png,TRUE,https://jsonify.hel1.your-objectstorage.com/screenshots/evals/results-2026-08-11-full/browseruse/332_www.usatoday.com_news.png,TRUE,https://jsonify.hel1.your-objectstorage.com/screenshots/evals/results-2026-08-11-full/firecrawl_browser/332_www.usatoday.com_news.png,TRUE,https://jsonify.hel1.your-objectstorage.com/screenshots/evals/results-2026-08-11-full/hyperbrowser/332_www.usatoday.com_news.png,TRUE,https://jsonify.hel1.your-objectstorage.com/screenshots/evals/results-2026-08-11-full/obscura/332_www.usatoday.com_news.png,TRUE,https://jsonify.hel1.your-objectstorage.com/screenshots/evals/results-2026-08-11-full/playwright/332_www.usatoday.com_news.png,TRUE,,FALSE,TRUE
https://abcnews.go.com/Technology,https://jsonify.hel1.your-objectstorage.com/screenshots/39e50a64-d87e-40fe-a3a1-123e8bb0ec07.png,TRUE,https://jsonify.hel1.your-objectstorage.com/screenshots/evals/results-2026-08-11-full/bless/333_abcnews.go.com_Technology.png,TRUE,https://jsonify.hel1.your-objectstorage.com/screenshots/evals/results-2026-08-11-full/bbase/333_abcnews.go.com_Technology.png,TRUE,https://jsonify.hel1.your-objectstorage.com/screenshots/evals/results-2026-08-11-full/browseruse/333_abcnews.go.com_Technology.png,TRUE,https://jsonify.hel1.your-objectstorage.com/screenshots/evals/results-2026-08-11-full/firecrawl_browser/333_abcnews.go.com_Technology.png,TRUE,https://jsonify.hel1.your-objectstorage.com/screenshots/evals/results-2026-08-11-full/hyperbrowser/333_abcnews.go.com_Technology.png,TRUE,https://jsonify.hel1.your-objectstorage.com/screenshots/evals/results-2026-08-11-full/obscura/333_abcnews.go.com_Technology.png,TRUE,https://jsonify.hel1.your-objectstorage.com/screenshots/evals/results-2026-08-11-full/playwright/333_abcnews.go.com_Technology.png,TRUE,https://jsonify.hel1.your-objectstorage.com/screenshots/evals/results-2026-08-11-full/selenium/333_abcnews.go.com_Technology.png,TRUE,TRUE
https://www.aljazeera.com/economy/,https://jsonify.hel1.your-objectstorage.com/screenshots/9a47a553-588e-401d-8bb3-fed20262c758.png,TRUE,https://jsonify.hel1.your-objectstorage.com/screenshots/evals/results-2026-08-11-full/bless/334_www.aljazeera.com_economy.png,TRUE,https://jsonify.hel1.your-objectstorage.com/screenshots/evals/results-2026-08-11-full/bbase/334_www.aljazeera.com_economy.png,TRUE,https://jsonify.hel1.your-objectstorage.com/screenshots/evals/results-2026-08-11-full/browseruse/334_www.aljazeera.com_economy.png,TRUE,https://jsonify.hel1.your-objectstorage.com/screenshots/evals/results-2026-08-11-full/firecrawl_browser/334_www.aljazeera.com_economy.png,TRUE,https://jsonify.hel1.your-objectstorage.com/screenshots/evals/results-2026-08-11-full/hyperbrowser/334_www.aljazeera.com_economy.png,TRUE,https://jsonify.hel1.your-objectstorage.com/screenshots/evals/results-2026-08-11-full/obscura/334_www.aljazeera.com_economy.png,FALSE,https://jsonify.hel1.your-objectstorage.com/screenshots/evals/results-2026-08-11-full/playwright/334_www.aljazeera.com_economy.png,TRUE,https://jsonify.hel1.your-objectstorage.com/screenshots/evals/results-2026-08-11-full/selenium/334_www.aljazeera.com_economy.png,TRUE,TRUE
https://www.spiegel.de/international/,https://jsonify.hel1.your-objectstorage.com/screenshots/eb4c5a14-be21-4d97-a74e-f6fd3b5e4e05.png,TRUE,https://jsonify.hel1.your-objectstorage.com/screenshots/evals/results-2026-08-11-full/bless/335_www.spiegel.de_international.png,TRUE,https://jsonify.hel1.your-objectstorage.com/screenshots/evals/results-2026-08-11-full/bbase/335_www.spiegel.de_international.png,TRUE,https://jsonify.hel1.your-objectstorage.com/screenshots/evals/results-2026-08-11-full/browseruse/335_www.spiegel.de_international.png,TRUE,https://jsonify.hel1.your-objectstorage.com/screenshots/evals/results-2026-08-11-full/firecrawl_browser/335_www.spiegel.de_international.png,TRUE,https://jsonify.hel1.your-objectstorage.com/screenshots/evals/results-2026-08-11-full/hyperbrowser/335_www.spiegel.de_international.png,TRUE,https://jsonify.hel1.your-objectstorage.com/screenshots/evals/results-2026-08-11-full/obscura/335_www.spiegel.de_international.png,TRUE,https://jsonify.hel1.your-objectstorage.com/screenshots/evals/results-2026-08-11-full/playwright/335_www.spiegel.de_international.png,TRUE,https://jsonify.hel1.your-objectstorage.com/screenshots/evals/results-2026-08-11-full/selenium/335_www.spiegel.de_international.png,TRUE,TRUE
https://www.lefigaro.fr/actualite-france,https://jsonify.hel1.your-objectstorage.com/screenshots/c3db1578-380f-4096-b4a7-6c68bec6442f.png,TRUE,https://jsonify.hel1.your-objectstorage.com/screenshots/evals/results-2026-08-11-full/bless/336_www.lefigaro.fr_actualite-france.png,TRUE,https://jsonify.hel1.your-objectstorage.com/screenshots/evals/results-2026-08-11-full/bbase/336_www.lefigaro.fr_actualite-france.png,TRUE,https://jsonify.hel1.your-objectstorage.com/screenshots/evals/results-2026-08-11-full/browseruse/336_www.lefigaro.fr_actualite-france.png,TRUE,https://jsonify.hel1.your-objectstorage.com/screenshots/evals/results-2026-08-11-full/firecrawl_browser/336_www.lefigaro.fr_actualite-france.png,TRUE,https://jsonify.hel1.your-objectstorage.com/screenshots/evals/results-2026-08-11-full/hyperbrowser/336_www.lefigaro.fr_actualite-france.png,TRUE,,FALSE,https://jsonify.hel1.your-objectstorage.com/screenshots/evals/results-2026-08-11-full/playwright/336_www.lefigaro.fr_actualite-france.png,TRUE,https://jsonify.hel1.your-objectstorage.com/screenshots/evals/results-2026-08-11-full/selenium/336_www.lefigaro.fr_actualite-france.png,TRUE,TRUE
https://elpais.com/economia/,https://jsonify.hel1.your-objectstorage.com/screenshots/6aede9d4-a2ba-4261-9c4d-c64ce0d95301.png,TRUE,https://jsonify.hel1.your-objectstorage.com/screenshots/evals/results-2026-08-11-full/bless/337_elpais.com_economia.png,TRUE,https://jsonify.hel1.your-objectstorage.com/screenshots/evals/results-2026-08-11-full/bbase/337_elpais.com_economia.png,TRUE,https://jsonify.hel1.your-objectstorage.com/screenshots/evals/results-2026-08-11-full/browseruse/337_elpais.com_economia.png,TRUE,https://jsonify.hel1.your-objectstorage.com/screenshots/evals/results-2026-08-11-full/firecrawl_browser/337_elpais.com_economia.png,TRUE,https://jsonify.hel1.your-objectstorage.com/screenshots/evals/results-2026-08-11-full/hyperbrowser/337_elpais.com_economia.png,TRUE,https://jsonify.hel1.your-objectstorage.com/screenshots/evals/results-2026-08-11-full/obscura/337_elpais.com_economia.png,TRUE,https://jsonify.hel1.your-objectstorage.com/screenshots/evals/results-2026-08-11-full/playwright/337_elpais.com_economia.png,TRUE,https://jsonify.hel1.your-objectstorage.com/screenshots/evals/results-2026-08-11-full/selenium/337_elpais.com_economia.png,TRUE,TRUE
https://www.corriere.it/economia/,https://jsonify.hel1.your-objectstorage.com/screenshots/b970706d-aba1-4362-bf60-8c210713481a.png,TRUE,https://jsonify.hel1.your-objectstorage.com/screenshots/evals/results-2026-08-11-full/bless/338_www.corriere.it_economia.png,TRUE,https://jsonify.hel1.your-objectstorage.com/screenshots/evals/results-2026-08-11-full/bbase/338_www.corriere.it_economia.png,TRUE,https://jsonify.hel1.your-objectstorage.com/screenshots/evals/results-2026-08-11-full/browseruse/338_www.corriere.it_economia.png,TRUE,https://jsonify.hel1.your-objectstorage.com/screenshots/evals/results-2026-08-11-full/firecrawl_browser/338_www.corriere.it_economia.png,TRUE,https://jsonify.hel1.your-objectstorage.com/screenshots/evals/results-2026-08-11-full/hyperbrowser/338_www.corriere.it_economia.png,TRUE,https://jsonify.hel1.your-objectstorage.com/screenshots/evals/results-2026-08-11-full/obscura/338_www.corriere.it_economia.png,TRUE,https://jsonify.hel1.your-objectstorage.com/screenshots/evals/results-2026-08-11-full/playwright/338_www.corriere.it_economia.png,TRUE,https://jsonify.hel1.your-objectstorage.com/screenshots/evals/results-2026-08-11-full/selenium/338_www.corriere.it_economia.png,TRUE,TRUE
https://www.marca.com/en/,https://jsonify.hel1.your-objectstorage.com/screenshots/8794a29c-5e6c-4bb2-9b68-ac8dacb11477.png,TRUE,https://jsonify.hel1.your-objectstorage.com/screenshots/evals/results-2026-08-11-full/bless/339_www.marca.com_en.png,TRUE,https://jsonify.hel1.your-objectstorage.com/screenshots/evals/results-2026-08-11-full/bbase/339_www.marca.com_en.png,TRUE,https://jsonify.hel1.your-objectstorage.com/screenshots/evals/results-2026-08-11-full/browseruse/339_www.marca.com_en.png,TRUE,https://jsonify.hel1.your-objectstorage.com/screenshots/evals/results-2026-08-11-full/firecrawl_browser/339_www.marca.com_en.png,TRUE,https://jsonify.hel1.your-objectstorage.com/screenshots/evals/results-2026-08-11-full/hyperbrowser/339_www.marca.com_en.png,TRUE,https://jsonify.hel1.your-objectstorage.com/screenshots/evals/results-2026-08-11-full/obscura/339_www.marca.com_en.png,TRUE,https://jsonify.hel1.your-objectstorage.com/screenshots/evals/results-2026-08-11-full/playwright/339_www.marca.com_en.png,TRUE,https://jsonify.hel1.your-objectstorage.com/screenshots/evals/results-2026-08-11-full/selenium/339_www.marca.com_en.png,TRUE,TRUE
https://as.com/english/,https://jsonify.hel1.your-objectstorage.com/screenshots/fb3917ef-3205-4c5b-b3b3-4815d87e54a5.png,TRUE,https://jsonify.hel1.your-objectstorage.com/screenshots/evals/results-2026-08-11-full/bless/340_as.com_english.png,TRUE,https://jsonify.hel1.your-objectstorage.com/screenshots/evals/results-2026-08-11-full/bbase/340_as.com_english.png,TRUE,https://jsonify.hel1.your-objectstorage.com/screenshots/evals/results-2026-08-11-full/browseruse/340_as.com_english.png,TRUE,https://jsonify.hel1.your-objectstorage.com/screenshots/evals/results-2026-08-11-full/firecrawl_browser/340_as.com_english.png,TRUE,https://jsonify.hel1.your-objectstorage.com/screenshots/evals/results-2026-08-11-full/hyperbrowser/340_as.com_english.png,TRUE,https://jsonify.hel1.your-objectstorage.com/screenshots/evals/results-2026-08-11-full/obscura/340_as.com_english.png,TRUE,https://jsonify.hel1.your-objectstorage.com/screenshots/evals/results-2026-08-11-full/playwright/340_as.com_english.png,TRUE,https://jsonify.hel1.your-objectstorage.com/screenshots/evals/results-2026-08-11-full/selenium/340_as.com_english.png,FALSE,TRUE
https://www.kroger.com/search?query=milk&searchType=default_search,https://jsonify.hel1.your-objectstorage.com/screenshots/01d121a8-cde2-48b7-aa0e-03ad70a14b26.png,FALSE,https://jsonify.hel1.your-objectstorage.com/screenshots/evals/results-2026-08-11-full/bless/341_www.kroger.com_search_query_milk_searchType_default_search.png,FALSE,https://jsonify.hel1.your-objectstorage.com/screenshots/evals/results-2026-08-11-full/bbase/341_www.kroger.com_search_query_milk_searchType_default_search.png,FALSE,https://jsonify.hel1.your-objectstorage.com/screenshots/evals/results-2026-08-11-full/browseruse/341_www.kroger.com_search_query_milk_searchType_default_search.png,FALSE,https://jsonify.hel1.your-objectstorage.com/screenshots/evals/results-2026-08-11-full/firecrawl_browser/341_www.kroger.com_search_query_milk_searchType_default_search.png,FALSE,https://jsonify.hel1.your-objectstorage.com/screenshots/evals/results-2026-08-11-full/hyperbrowser/341_www.kroger.com_search_query_milk_searchType_default_search.png,FALSE,https://jsonify.hel1.your-objectstorage.com/screenshots/evals/results-2026-08-11-full/obscura/341_www.kroger.com_search_query_milk_searchType_default_search.png,TRUE,https://jsonify.hel1.your-objectstorage.com/screenshots/evals/results-2026-08-11-full/playwright/341_www.kroger.com_search_query_milk_searchType_default_search.png,FALSE,https://jsonify.hel1.your-objectstorage.com/screenshots/evals/results-2026-08-11-full/selenium/341_www.kroger.com_search_query_milk_searchType_default_search.png,FALSE,TRUE
https://www.publix.com/search?searchTerm=milk,https://jsonify.hel1.your-objectstorage.com/screenshots/3a153f44-ab95-4b6f-9345-c8dd8215714b.png,TRUE,https://jsonify.hel1.your-objectstorage.com/screenshots/evals/results-2026-08-11-full/bless/342_www.publix.com_search_searchTerm_milk.png,FALSE,https://jsonify.hel1.your-objectstorage.com/screenshots/evals/results-2026-08-11-full/bbase/342_www.publix.com_search_searchTerm_milk.png,TRUE,https://jsonify.hel1.your-objectstorage.com/screenshots/evals/results-2026-08-11-full/browseruse/342_www.publix.com_search_searchTerm_milk.png,FALSE,https://jsonify.hel1.your-objectstorage.com/screenshots/evals/results-2026-08-11-full/firecrawl_browser/342_www.publix.com_search_searchTerm_milk.png,TRUE,https://jsonify.hel1.your-objectstorage.com/screenshots/evals/results-2026-08-11-full/hyperbrowser/342_www.publix.com_search_searchTerm_milk.png,TRUE,https://jsonify.hel1.your-objectstorage.com/screenshots/evals/results-2026-08-11-full/obscura/342_www.publix.com_search_searchTerm_milk.png,TRUE,https://jsonify.hel1.your-objectstorage.com/screenshots/evals/results-2026-08-11-full/playwright/342_www.publix.com_search_searchTerm_milk.png,TRUE,https://jsonify.hel1.your-objectstorage.com/screenshots/evals/results-2026-08-11-full/selenium/342_www.publix.com_search_searchTerm_milk.png,TRUE,TRUE
https://www.tesco.com/groceries/en-GB/search?query=tea,https://jsonify.hel1.your-objectstorage.com/screenshots/e1c9ee04-4fa2-4f32-aadc-514dac18587a.png,TRUE,https://jsonify.hel1.your-objectstorage.com/screenshots/evals/results-2026-08-11-full/bless/343_www.tesco.com_groceries_en-GB_search_query_tea.png,FALSE,https://jsonify.hel1.your-objectstorage.com/screenshots/evals/results-2026-08-11-full/bbase/343_www.tesco.com_groceries_en-GB_search_query_tea.png,FALSE,https://jsonify.hel1.your-objectstorage.com/screenshots/evals/results-2026-08-11-full/browseruse/343_www.tesco.com_groceries_en-GB_search_query_tea.png,FALSE,https://jsonify.hel1.your-objectstorage.com/screenshots/evals/results-2026-08-11-full/firecrawl_browser/343_www.tesco.com_groceries_en-GB_search_query_tea.png,FALSE,https://jsonify.hel1.your-objectstorage.com/screenshots/evals/results-2026-08-11-full/hyperbrowser/343_www.tesco.com_groceries_en-GB_search_query_tea.png,TRUE,https://jsonify.hel1.your-objectstorage.com/screenshots/evals/results-2026-08-11-full/obscura/343_www.tesco.com_groceries_en-GB_search_query_tea.png,TRUE,https://jsonify.hel1.your-objectstorage.com/screenshots/evals/results-2026-08-11-full/playwright/343_www.tesco.com_groceries_en-GB_search_query_tea.png,FALSE,https://jsonify.hel1.your-objectstorage.com/screenshots/evals/results-2026-08-11-full/selenium/343_www.tesco.com_groceries_en-GB_search_query_tea.png,FALSE,TRUE
https://www.sainsburys.co.uk/gol-ui/SearchResults/bread,https://jsonify.hel1.your-objectstorage.com/screenshots/d4abb9ab-f38c-408f-865f-2e12dc6ebb18.png,TRUE,https://jsonify.hel1.your-objectstorage.com/screenshots/evals/results-2026-08-11-full/bless/344_www.sainsburys.co.uk_gol-ui_SearchResults_bread.png,TRUE,https://jsonify.hel1.your-objectstorage.com/screenshots/evals/results-2026-08-11-full/bbase/344_www.sainsburys.co.uk_gol-ui_SearchResults_bread.png,TRUE,https://jsonify.hel1.your-objectstorage.com/screenshots/evals/results-2026-08-11-full/browseruse/344_www.sainsburys.co.uk_gol-ui_SearchResults_bread.png,TRUE,https://jsonify.hel1.your-objectstorage.com/screenshots/evals/results-2026-08-11-full/firecrawl_browser/344_www.sainsburys.co.uk_gol-ui_SearchResults_bread.png,TRUE,https://jsonify.hel1.your-objectstorage.com/screenshots/evals/results-2026-08-11-full/hyperbrowser/344_www.sainsburys.co.uk_gol-ui_SearchResults_bread.png,TRUE,https://jsonify.hel1.your-objectstorage.com/screenshots/evals/results-2026-08-11-full/obscura/344_www.sainsburys.co.uk_gol-ui_SearchResults_bread.png,TRUE,https://jsonify.hel1.your-objectstorage.com/screenshots/evals/results-2026-08-11-full/playwright/344_www.sainsburys.co.uk_gol-ui_SearchResults_bread.png,FALSE,https://jsonify.hel1.your-objectstorage.com/screenshots/evals/results-2026-08-11-full/selenium/344_www.sainsburys.co.uk_gol-ui_SearchResults_bread.png,FALSE,TRUE
https://www.woolworths.com.au/shop/search/products?searchTerm=coffee,https://jsonify.hel1.your-objectstorage.com/screenshots/580e84ad-7a87-49b6-8120-b90909c161b2.png,TRUE,https://jsonify.hel1.your-objectstorage.com/screenshots/evals/results-2026-08-11-full/bless/345_www.woolworths.com.au_shop_search_products_searchTerm_coffee.png,TRUE,https://jsonify.hel1.your-objectstorage.com/screenshots/evals/results-2026-08-11-full/bbase/345_www.woolworths.com.au_shop_search_products_searchTerm_coffee.png,TRUE,https://jsonify.hel1.your-objectstorage.com/screenshots/evals/results-2026-08-11-full/browseruse/345_www.woolworths.com.au_shop_search_products_searchTerm_coffee.png,TRUE,https://jsonify.hel1.your-objectstorage.com/screenshots/evals/results-2026-08-11-full/firecrawl_browser/345_www.woolworths.com.au_shop_search_products_searchTerm_coffee.png,TRUE,https://jsonify.hel1.your-objectstorage.com/screenshots/evals/results-2026-08-11-full/hyperbrowser/345_www.woolworths.com.au_shop_search_products_searchTerm_coffee.png,TRUE,https://jsonify.hel1.your-objectstorage.com/screenshots/evals/results-2026-08-11-full/obscura/345_www.woolworths.com.au_shop_search_products_searchTerm_coffee.png,FALSE,https://jsonify.hel1.your-objectstorage.com/screenshots/evals/results-2026-08-11-full/playwright/345_www.woolworths.com.au_shop_search_products_searchTerm_coffee.png,FALSE,https://jsonify.hel1.your-objectstorage.com/screenshots/evals/results-2026-08-11-full/selenium/345_www.woolworths.com.au_shop_search_products_searchTerm_coffee.png,FALSE,TRUE
https://www.wholefoodsmarket.com/products/all-products,https://jsonify.hel1.your-objectstorage.com/screenshots/12a4ae91-e3b2-4464-8a64-dc54004f18f0.png,TRUE,https://jsonify.hel1.your-objectstorage.com/screenshots/evals/results-2026-08-11-full/bless/346_www.wholefoodsmarket.com_products_all-products.png,FALSE,https://jsonify.hel1.your-objectstorage.com/screenshots/evals/results-2026-08-11-full/bbase/346_www.wholefoodsmarket.com_products_all-products.png,TRUE,https://jsonify.hel1.your-objectstorage.com/screenshots/evals/results-2026-08-11-full/browseruse/346_www.wholefoodsmarket.com_products_all-products.png,TRUE,https://jsonify.hel1.your-objectstorage.com/screenshots/evals/results-2026-08-11-full/firecrawl_browser/346_www.wholefoodsmarket.com_products_all-products.png,TRUE,https://jsonify.hel1.your-objectstorage.com/screenshots/evals/results-2026-08-11-full/hyperbrowser/346_www.wholefoodsmarket.com_products_all-products.png,TRUE,https://jsonify.hel1.your-objectstorage.com/screenshots/evals/results-2026-08-11-full/obscura/346_www.wholefoodsmarket.com_products_all-products.png,TRUE,https://jsonify.hel1.your-objectstorage.com/screenshots/evals/results-2026-08-11-full/playwright/346_www.wholefoodsmarket.com_products_all-products.png,FALSE,https://jsonify.hel1.your-objectstorage.com/screenshots/evals/results-2026-08-11-full/selenium/346_www.wholefoodsmarket.com_products_all-products.png,FALSE,TRUE
https://www.ubereats.com/search?q=burger,https://jsonify.hel1.your-objectstorage.com/screenshots/74f1a760-0629-4ba3-8552-60e0d479648b.png,FALSE,https://jsonify.hel1.your-objectstorage.com/screenshots/evals/results-2026-08-11-full/bless/347_www.ubereats.com_search_q_burger.png,FALSE,https://jsonify.hel1.your-objectstorage.com/screenshots/evals/results-2026-08-11-full/bbase/347_www.ubereats.com_search_q_burger.png,FALSE,https://jsonify.hel1.your-objectstorage.com/screenshots/evals/results-2026-08-11-full/browseruse/347_www.ubereats.com_search_q_burger.png,FALSE,https://jsonify.hel1.your-objectstorage.com/screenshots/evals/results-2026-08-11-full/firecrawl_browser/347_www.ubereats.com_search_q_burger.png,FALSE,https://jsonify.hel1.your-objectstorage.com/screenshots/evals/results-2026-08-11-full/hyperbrowser/347_www.ubereats.com_search_q_burger.png,FALSE,https://jsonify.hel1.your-objectstorage.com/screenshots/evals/results-2026-08-11-full/obscura/347_www.ubereats.com_search_q_burger.png,FALSE,https://jsonify.hel1.your-objectstorage.com/screenshots/evals/results-2026-08-11-full/playwright/347_www.ubereats.com_search_q_burger.png,FALSE,https://jsonify.hel1.your-objectstorage.com/screenshots/evals/results-2026-08-11-full/selenium/347_www.ubereats.com_search_q_burger.png,FALSE,TRUE
https://www.doordash.com/search/store/pizza/,https://jsonify.hel1.your-objectstorage.com/screenshots/b16f33d1-b103-407a-9722-88043f34d4be.png,TRUE,https://jsonify.hel1.your-objectstorage.com/screenshots/evals/results-2026-08-11-full/bless/348_www.doordash.com_search_store_pizza.png,TRUE,https://jsonify.hel1.your-objectstorage.com/screenshots/evals/results-2026-08-11-full/bbase/348_www.doordash.com_search_store_pizza.png,TRUE,https://jsonify.hel1.your-objectstorage.com/screenshots/evals/results-2026-08-11-full/browseruse/348_www.doordash.com_search_store_pizza.png,TRUE,https://jsonify.hel1.your-objectstorage.com/screenshots/evals/results-2026-08-11-full/firecrawl_browser/348_www.doordash.com_search_store_pizza.png,FALSE,https://jsonify.hel1.your-objectstorage.com/screenshots/evals/results-2026-08-11-full/hyperbrowser/348_www.doordash.com_search_store_pizza.png,TRUE,https://jsonify.hel1.your-objectstorage.com/screenshots/evals/results-2026-08-11-full/obscura/348_www.doordash.com_search_store_pizza.png,FALSE,https://jsonify.hel1.your-objectstorage.com/screenshots/evals/results-2026-08-11-full/playwright/348_www.doordash.com_search_store_pizza.png,FALSE,https://jsonify.hel1.your-objectstorage.com/screenshots/evals/results-2026-08-11-full/selenium/348_www.doordash.com_search_store_pizza.png,FALSE,TRUE
https://www.grubhub.com/restaurant/mcdonalds-160-broadway-new-york/1338459,https://jsonify.hel1.your-objectstorage.com/screenshots/9ee11070-f5b9-465f-8d1d-3e915048afaa.png,FALSE,https://jsonify.hel1.your-objectstorage.com/screenshots/evals/results-2026-08-11-full/bless/349_www.grubhub.com_restaurant_mcdonalds-160-broadway-new-york_1338459.png,FALSE,https://jsonify.hel1.your-objectstorage.com/screenshots/evals/results-2026-08-11-full/bbase/349_www.grubhub.com_restaurant_mcdonalds-160-broadway-new-york_1338459.png,TRUE,https://jsonify.hel1.your-objectstorage.com/screenshots/evals/results-2026-08-11-full/browseruse/349_www.grubhub.com_restaurant_mcdonalds-160-broadway-new-york_1338459.png,FALSE,https://jsonify.hel1.your-objectstorage.com/screenshots/evals/results-2026-08-11-full/firecrawl_browser/349_www.grubhub.com_restaurant_mcdonalds-160-broadway-new-york_1338459.png,TRUE,https://jsonify.hel1.your-objectstorage.com/screenshots/evals/results-2026-08-11-full/hyperbrowser/349_www.grubhub.com_restaurant_mcdonalds-160-broadway-new-york_1338459.png,TRUE,https://jsonify.hel1.your-objectstorage.com/screenshots/evals/results-2026-08-11-full/obscura/349_www.grubhub.com_restaurant_mcdonalds-160-broadway-new-york_1338459.png,FALSE,https://jsonify.hel1.your-objectstorage.com/screenshots/evals/results-2026-08-11-full/playwright/349_www.grubhub.com_restaurant_mcdonalds-160-broadway-new-york_1338459.png,FALSE,https://jsonify.hel1.your-objectstorage.com/screenshots/evals/results-2026-08-11-full/selenium/349_www.grubhub.com_restaurant_mcdonalds-160-broadway-new-york_1338459.png,FALSE,TRUE
https://www.att.com/buy/wireless/plans,https://jsonify.hel1.your-objectstorage.com/screenshots/0405fd72-a8bd-4cc4-9604-ebe374c40c0f.png,TRUE,https://jsonify.hel1.your-objectstorage.com/screenshots/evals/results-2026-08-11-full/bless/350_www.att.com_buy_wireless_plans.png,TRUE,https://jsonify.hel1.your-objectstorage.com/screenshots/evals/results-2026-08-11-full/bbase/350_www.att.com_buy_wireless_plans.png,TRUE,https://jsonify.hel1.your-objectstorage.com/screenshots/evals/results-2026-08-11-full/browseruse/350_www.att.com_buy_wireless_plans.png,FALSE,https://jsonify.hel1.your-objectstorage.com/screenshots/evals/results-2026-08-11-full/firecrawl_browser/350_www.att.com_buy_wireless_plans.png,TRUE,https://jsonify.hel1.your-objectstorage.com/screenshots/evals/results-2026-08-11-full/hyperbrowser/350_www.att.com_buy_wireless_plans.png,TRUE,https://jsonify.hel1.your-objectstorage.com/screenshots/evals/results-2026-08-11-full/obscura/350_www.att.com_buy_wireless_plans.png,TRUE,https://jsonify.hel1.your-objectstorage.com/screenshots/evals/results-2026-08-11-full/playwright/350_www.att.com_buy_wireless_plans.png,TRUE,https://jsonify.hel1.your-objectstorage.com/screenshots/evals/results-2026-08-11-full/selenium/350_www.att.com_buy_wireless_plans.png,TRUE,TRUE
https://www.verizon.com/plans/unlimited/,https://jsonify.hel1.your-objectstorage.com/screenshots/8753d7e2-c04f-4446-b0b4-fc50e180b2f0.png,TRUE,https://jsonify.hel1.your-objectstorage.com/screenshots/evals/results-2026-08-11-full/bless/351_www.verizon.com_plans_unlimited.png,TRUE,https://jsonify.hel1.your-objectstorage.com/screenshots/evals/results-2026-08-11-full/bbase/351_www.verizon.com_plans_unlimited.png,TRUE,https://jsonify.hel1.your-objectstorage.com/screenshots/evals/results-2026-08-11-full/browseruse/351_www.verizon.com_plans_unlimited.png,TRUE,https://jsonify.hel1.your-objectstorage.com/screenshots/evals/results-2026-08-11-full/firecrawl_browser/351_www.verizon.com_plans_unlimited.png,TRUE,https://jsonify.hel1.your-objectstorage.com/screenshots/evals/results-2026-08-11-full/hyperbrowser/351_www.verizon.com_plans_unlimited.png,TRUE,https://jsonify.hel1.your-objectstorage.com/screenshots/evals/results-2026-08-11-full/obscura/351_www.verizon.com_plans_unlimited.png,TRUE,https://jsonify.hel1.your-objectstorage.com/screenshots/evals/results-2026-08-11-full/playwright/351_www.verizon.com_plans_unlimited.png,TRUE,https://jsonify.hel1.your-objectstorage.com/screenshots/evals/results-2026-08-11-full/selenium/351_www.verizon.com_plans_unlimited.png,TRUE,TRUE
https://www.t-mobile.com/cell-phone-plans,https://jsonify.hel1.your-objectstorage.com/screenshots/264b5ba8-3bc9-418c-a2d3-935e3055a207.png,TRUE,https://jsonify.hel1.your-objectstorage.com/screenshots/evals/results-2026-08-11-full/bless/352_www.t-mobile.com_cell-phone-plans.png,TRUE,https://jsonify.hel1.your-objectstorage.com/screenshots/evals/results-2026-08-11-full/bbase/352_www.t-mobile.com_cell-phone-plans.png,TRUE,https://jsonify.hel1.your-objectstorage.com/screenshots/evals/results-2026-08-11-full/browseruse/352_www.t-mobile.com_cell-phone-plans.png,TRUE,https://jsonify.hel1.your-objectstorage.com/screenshots/evals/results-2026-08-11-full/firecrawl_browser/352_www.t-mobile.com_cell-phone-plans.png,TRUE,https://jsonify.hel1.your-objectstorage.com/screenshots/evals/results-2026-08-11-full/hyperbrowser/352_www.t-mobile.com_cell-phone-plans.png,TRUE,https://jsonify.hel1.your-objectstorage.com/screenshots/evals/results-2026-08-11-full/obscura/352_www.t-mobile.com_cell-phone-plans.png,FALSE,https://jsonify.hel1.your-objectstorage.com/screenshots/evals/results-2026-08-11-full/playwright/352_www.t-mobile.com_cell-phone-plans.png,TRUE,https://jsonify.hel1.your-objectstorage.com/screenshots/evals/results-2026-08-11-full/selenium/352_www.t-mobile.com_cell-phone-plans.png,TRUE,TRUE
https://www.vodafone.co.uk/mobile/pay-monthly-contracts,https://jsonify.hel1.your-objectstorage.com/screenshots/dc6763af-9ebd-44cc-a4f5-a3f466f00916.png,TRUE,https://jsonify.hel1.your-objectstorage.com/screenshots/evals/results-2026-08-11-full/bless/353_www.vodafone.co.uk_mobile_pay-monthly-contracts.png,TRUE,https://jsonify.hel1.your-objectstorage.com/screenshots/evals/results-2026-08-11-full/bbase/353_www.vodafone.co.uk_mobile_pay-monthly-contracts.png,TRUE,https://jsonify.hel1.your-objectstorage.com/screenshots/evals/results-2026-08-11-full/browseruse/353_www.vodafone.co.uk_mobile_pay-monthly-contracts.png,TRUE,https://jsonify.hel1.your-objectstorage.com/screenshots/evals/results-2026-08-11-full/firecrawl_browser/353_www.vodafone.co.uk_mobile_pay-monthly-contracts.png,TRUE,https://jsonify.hel1.your-objectstorage.com/screenshots/evals/results-2026-08-11-full/hyperbrowser/353_www.vodafone.co.uk_mobile_pay-monthly-contracts.png,TRUE,https://jsonify.hel1.your-objectstorage.com/screenshots/evals/results-2026-08-11-full/obscura/353_www.vodafone.co.uk_mobile_pay-monthly-contracts.png,TRUE,https://jsonify.hel1.your-objectstorage.com/screenshots/evals/results-2026-08-11-full/playwright/353_www.vodafone.co.uk_mobile_pay-monthly-contracts.png,TRUE,https://jsonify.hel1.your-objectstorage.com/screenshots/evals/results-2026-08-11-full/selenium/353_www.vodafone.co.uk_mobile_pay-monthly-contracts.png,TRUE,TRUE
https://ee.co.uk/mobile/pay-monthly-phones-gallery/google-pixel?expanded=most_popular,https://jsonify.hel1.your-objectstorage.com/screenshots/d13d9f2d-c946-495e-9c69-e84d2bb8b5d9.png,TRUE,https://jsonify.hel1.your-objectstorage.com/screenshots/evals/results-2026-08-11-full/bless/354_ee.co.uk_mobile_pay-monthly-phones-gallery_google-pixel_expanded_most_popular.png,TRUE,https://jsonify.hel1.your-objectstorage.com/screenshots/evals/results-2026-08-11-full/bbase/354_ee.co.uk_mobile_pay-monthly-phones-gallery_google-pixel_expanded_most_popular.png,TRUE,https://jsonify.hel1.your-objectstorage.com/screenshots/evals/results-2026-08-11-full/browseruse/354_ee.co.uk_mobile_pay-monthly-phones-gallery_google-pixel_expanded_most_popular.png,FALSE,https://jsonify.hel1.your-objectstorage.com/screenshots/evals/results-2026-08-11-full/firecrawl_browser/354_ee.co.uk_mobile_pay-monthly-phones-gallery_google-pixel_expanded_most_popular.png,TRUE,https://jsonify.hel1.your-objectstorage.com/screenshots/evals/results-2026-08-11-full/hyperbrowser/354_ee.co.uk_mobile_pay-monthly-phones-gallery_google-pixel_expanded_most_popular.png,TRUE,https://jsonify.hel1.your-objectstorage.com/screenshots/evals/results-2026-08-11-full/obscura/354_ee.co.uk_mobile_pay-monthly-phones-gallery_google-pixel_expanded_most_popular.png,FALSE,https://jsonify.hel1.your-objectstorage.com/screenshots/evals/results-2026-08-11-full/playwright/354_ee.co.uk_mobile_pay-monthly-phones-gallery_google-pixel_expanded_most_popular.png,TRUE,https://jsonify.hel1.your-objectstorage.com/screenshots/evals/results-2026-08-11-full/selenium/354_ee.co.uk_mobile_pay-monthly-phones-gallery_google-pixel_expanded_most_popular.png,TRUE,TRUE
https://www.orange.fr/portail,https://jsonify.hel1.your-objectstorage.com/screenshots/db5bfbb4-699b-4677-9d88-49c0aa623868.png,TRUE,https://jsonify.hel1.your-objectstorage.com/screenshots/evals/results-2026-08-11-full/bless/355_www.orange.fr_portail.png,TRUE,https://jsonify.hel1.your-objectstorage.com/screenshots/evals/results-2026-08-11-full/bbase/355_www.orange.fr_portail.png,TRUE,https://jsonify.hel1.your-objectstorage.com/screenshots/evals/results-2026-08-11-full/browseruse/355_www.orange.fr_portail.png,TRUE,https://jsonify.hel1.your-objectstorage.com/screenshots/evals/results-2026-08-11-full/firecrawl_browser/355_www.orange.fr_portail.png,FALSE,https://jsonify.hel1.your-objectstorage.com/screenshots/evals/results-2026-08-11-full/hyperbrowser/355_www.orange.fr_portail.png,TRUE,https://jsonify.hel1.your-objectstorage.com/screenshots/evals/results-2026-08-11-full/obscura/355_www.orange.fr_portail.png,FALSE,https://jsonify.hel1.your-objectstorage.com/screenshots/evals/results-2026-08-11-full/playwright/355_www.orange.fr_portail.png,TRUE,https://jsonify.hel1.your-objectstorage.com/screenshots/evals/results-2026-08-11-full/selenium/355_www.orange.fr_portail.png,TRUE,TRUE
https://www.o2.co.uk/shop/phones#.,https://jsonify.hel1.your-objectstorage.com/screenshots/b9a932f3-6fef-48be-afc8-ee9628533ce2.png,TRUE,https://jsonify.hel1.your-objectstorage.com/screenshots/evals/results-2026-08-11-full/bless/356_www.o2.co.uk_shop_phones.png,TRUE,https://jsonify.hel1.your-objectstorage.com/screenshots/evals/results-2026-08-11-full/bbase/356_www.o2.co.uk_shop_phones.png,TRUE,https://jsonify.hel1.your-objectstorage.com/screenshots/evals/results-2026-08-11-full/browseruse/356_www.o2.co.uk_shop_phones.png,TRUE,https://jsonify.hel1.your-objectstorage.com/screenshots/evals/results-2026-08-11-full/firecrawl_browser/356_www.o2.co.uk_shop_phones.png,TRUE,https://jsonify.hel1.your-objectstorage.com/screenshots/evals/results-2026-08-11-full/hyperbrowser/356_www.o2.co.uk_shop_phones.png,TRUE,https://jsonify.hel1.your-objectstorage.com/screenshots/evals/results-2026-08-11-full/obscura/356_www.o2.co.uk_shop_phones.png,TRUE,https://jsonify.hel1.your-objectstorage.com/screenshots/evals/results-2026-08-11-full/playwright/356_www.o2.co.uk_shop_phones.png,FALSE,https://jsonify.hel1.your-objectstorage.com/screenshots/evals/results-2026-08-11-full/selenium/356_www.o2.co.uk_shop_phones.png,FALSE,TRUE
https://www.tesla.com/en_gb/model3/design#overview,https://jsonify.hel1.your-objectstorage.com/screenshots/5efbcc9c-b8af-4d54-9faa-3ecfe82baa8f.png,FALSE,https://jsonify.hel1.your-objectstorage.com/screenshots/evals/results-2026-08-11-full/bless/357_www.tesla.com_en_gb_model3_design.png,TRUE,https://jsonify.hel1.your-objectstorage.com/screenshots/evals/results-2026-08-11-full/bbase/357_www.tesla.com_en_gb_model3_design.png,TRUE,https://jsonify.hel1.your-objectstorage.com/screenshots/evals/results-2026-08-11-full/browseruse/357_www.tesla.com_en_gb_model3_design.png,TRUE,https://jsonify.hel1.your-objectstorage.com/screenshots/evals/results-2026-08-11-full/firecrawl_browser/357_www.tesla.com_en_gb_model3_design.png,FALSE,https://jsonify.hel1.your-objectstorage.com/screenshots/evals/results-2026-08-11-full/hyperbrowser/357_www.tesla.com_en_gb_model3_design.png,FALSE,https://jsonify.hel1.your-objectstorage.com/screenshots/evals/results-2026-08-11-full/obscura/357_www.tesla.com_en_gb_model3_design.png,FALSE,https://jsonify.hel1.your-objectstorage.com/screenshots/evals/results-2026-08-11-full/playwright/357_www.tesla.com_en_gb_model3_design.png,FALSE,https://jsonify.hel1.your-objectstorage.com/screenshots/evals/results-2026-08-11-full/selenium/357_www.tesla.com_en_gb_model3_design.png,FALSE,TRUE
https://copilot.microsoft.com/,https://jsonify.hel1.your-objectstorage.com/screenshots/7dc993c9-beca-433e-850a-250f712ab31a.png,FALSE,https://jsonify.hel1.your-objectstorage.com/screenshots/evals/results-2026-08-11-full/bless/358_copilot.microsoft.com_home.png,FALSE,https://jsonify.hel1.your-objectstorage.com/screenshots/evals/results-2026-08-11-full/bbase/358_copilot.microsoft.com_home.png,FALSE,https://jsonify.hel1.your-objectstorage.com/screenshots/evals/results-2026-08-11-full/browseruse/358_copilot.microsoft.com_home.png,FALSE,https://jsonify.hel1.your-objectstorage.com/screenshots/evals/results-2026-08-11-full/firecrawl_browser/358_copilot.microsoft.com_home.png,FALSE,https://jsonify.hel1.your-objectstorage.com/screenshots/evals/results-2026-08-11-full/hyperbrowser/358_copilot.microsoft.com_home.png,FALSE,https://jsonify.hel1.your-objectstorage.com/screenshots/evals/results-2026-08-11-full/obscura/358_copilot.microsoft.com_home.png,FALSE,https://jsonify.hel1.your-objectstorage.com/screenshots/evals/results-2026-08-11-full/playwright/358_copilot.microsoft.com_home.png,FALSE,https://jsonify.hel1.your-objectstorage.com/screenshots/evals/results-2026-08-11-full/selenium/358_copilot.microsoft.com_home.png,FALSE,TRUE
https://chatgpt.com/,https://jsonify.hel1.your-objectstorage.com/screenshots/91b21271-0617-4de5-972d-00af2f291cbe.png,TRUE,https://jsonify.hel1.your-objectstorage.com/screenshots/evals/results-2026-08-11-full/bless/359_chatgpt.com_home.png,TRUE,https://jsonify.hel1.your-objectstorage.com/screenshots/evals/results-2026-08-11-full/bbase/359_chatgpt.com_home.png,TRUE,https://jsonify.hel1.your-objectstorage.com/screenshots/evals/results-2026-08-11-full/browseruse/359_chatgpt.com_home.png,TRUE,https://jsonify.hel1.your-objectstorage.com/screenshots/evals/results-2026-08-11-full/firecrawl_browser/359_chatgpt.com_home.png,TRUE,https://jsonify.hel1.your-objectstorage.com/screenshots/evals/results-2026-08-11-full/hyperbrowser/359_chatgpt.com_home.png,FALSE,https://jsonify.hel1.your-objectstorage.com/screenshots/evals/results-2026-08-11-full/obscura/359_chatgpt.com_home.png,FALSE,https://jsonify.hel1.your-objectstorage.com/screenshots/evals/results-2026-08-11-full/playwright/359_chatgpt.com_home.png,FALSE,https://jsonify.hel1.your-objectstorage.com/screenshots/evals/results-2026-08-11-full/selenium/359_chatgpt.com_home.png,FALSE,TRUE
https://stockx.com/search?s=New%20Balance%20550,https://jsonify.hel1.your-objectstorage.com/screenshots/df6a3f61-b77b-4754-bbf1-eb8318cf9f7d.png,TRUE,https://jsonify.hel1.your-objectstorage.com/screenshots/evals/results-2026-08-11-full/bless/360_stockx.com_search_s_New_20Balance_20550.png,TRUE,https://jsonify.hel1.your-objectstorage.com/screenshots/evals/results-2026-08-11-full/bbase/360_stockx.com_search_s_New_20Balance_20550.png,TRUE,https://jsonify.hel1.your-objectstorage.com/screenshots/evals/results-2026-08-11-full/browseruse/360_stockx.com_search_s_New_20Balance_20550.png,FALSE,https://jsonify.hel1.your-objectstorage.com/screenshots/evals/results-2026-08-11-full/firecrawl_browser/360_stockx.com_search_s_New_20Balance_20550.png,TRUE,https://jsonify.hel1.your-objectstorage.com/screenshots/evals/results-2026-08-11-full/hyperbrowser/360_stockx.com_search_s_New_20Balance_20550.png,FALSE,https://jsonify.hel1.your-objectstorage.com/screenshots/evals/results-2026-08-11-full/obscura/360_stockx.com_search_s_New_20Balance_20550.png,FALSE,https://jsonify.hel1.your-objectstorage.com/screenshots/evals/results-2026-08-11-full/playwright/360_stockx.com_search_s_New_20Balance_20550.png,FALSE,https://jsonify.hel1.your-objectstorage.com/screenshots/evals/results-2026-08-11-full/selenium/360_stockx.com_search_s_New_20Balance_20550.png,FALSE,TRUE
https://www.sciencedirect.com/search?qs=machine%20learning%20drug%20discovery,https://jsonify.hel1.your-objectstorage.com/screenshots/980ac196-1ffa-4b8e-8882-50fc09dfd86a.png,TRUE,https://jsonify.hel1.your-objectstorage.com/screenshots/evals/results-2026-08-11-full/bless/361_www.sciencedirect.com_search_qs_machine_20learning_20drug_20discovery.png,FALSE,https://jsonify.hel1.your-objectstorage.com/screenshots/evals/results-2026-08-11-full/bbase/361_www.sciencedirect.com_search_qs_machine_20learning_20drug_20discovery.png,TRUE,https://jsonify.hel1.your-objectstorage.com/screenshots/evals/results-2026-08-11-full/browseruse/361_www.sciencedirect.com_search_qs_machine_20learning_20drug_20discovery.png,TRUE,https://jsonify.hel1.your-objectstorage.com/screenshots/evals/results-2026-08-11-full/firecrawl_browser/361_www.sciencedirect.com_search_qs_machine_20learning_20drug_20discovery.png,FALSE,https://jsonify.hel1.your-objectstorage.com/screenshots/evals/results-2026-08-11-full/hyperbrowser/361_www.sciencedirect.com_search_qs_machine_20learning_20drug_20discovery.png,FALSE,https://jsonify.hel1.your-objectstorage.com/screenshots/evals/results-2026-08-11-full/obscura/361_www.sciencedirect.com_search_qs_machine_20learning_20drug_20discovery.png,FALSE,https://jsonify.hel1.your-objectstorage.com/screenshots/evals/results-2026-08-11-full/playwright/361_www.sciencedirect.com_search_qs_machine_20learning_20drug_20discovery.png,FALSE,https://jsonify.hel1.your-objectstorage.com/screenshots/evals/results-2026-08-11-full/selenium/361_www.sciencedirect.com_search_qs_machine_20learning_20drug_20discovery.png,FALSE,TRUE
https://genius.com/search?q=Bohemian%20Rhapsody%20Queen,https://jsonify.hel1.your-objectstorage.com/screenshots/f907d578-09e8-4de3-8c8b-30900dc055b7.png,TRUE,https://jsonify.hel1.your-objectstorage.com/screenshots/evals/results-2026-08-11-full/bless/362_genius.com_search_q_Bohemian_20Rhapsody_20Queen.png,TRUE,https://jsonify.hel1.your-objectstorage.com/screenshots/evals/results-2026-08-11-full/bbase/362_genius.com_search_q_Bohemian_20Rhapsody_20Queen.png,TRUE,https://jsonify.hel1.your-objectstorage.com/screenshots/evals/results-2026-08-11-full/browseruse/362_genius.com_search_q_Bohemian_20Rhapsody_20Queen.png,TRUE,https://jsonify.hel1.your-objectstorage.com/screenshots/evals/results-2026-08-11-full/firecrawl_browser/362_genius.com_search_q_Bohemian_20Rhapsody_20Queen.png,TRUE,https://jsonify.hel1.your-objectstorage.com/screenshots/evals/results-2026-08-11-full/hyperbrowser/362_genius.com_search_q_Bohemian_20Rhapsody_20Queen.png,TRUE,https://jsonify.hel1.your-objectstorage.com/screenshots/evals/results-2026-08-11-full/obscura/362_genius.com_search_q_Bohemian_20Rhapsody_20Queen.png,FALSE,https://jsonify.hel1.your-objectstorage.com/screenshots/evals/results-2026-08-11-full/playwright/362_genius.com_search_q_Bohemian_20Rhapsody_20Queen.png,FALSE,https://jsonify.hel1.your-objectstorage.com/screenshots/evals/results-2026-08-11-full/selenium/362_genius.com_search_q_Bohemian_20Rhapsody_20Queen.png,FALSE,TRUE
https://www.nestle.com/jobs/search-jobs?keyword=QA&country=&location=&career_area=All,https://jsonify.hel1.your-objectstorage.com/screenshots/968f4b80-7fd1-4687-b1b7-4dc305a8e0bf.png,TRUE,https://jsonify.hel1.your-objectstorage.com/screenshots/evals/results-2026-08-11-full/bless/363_www.nestle.com_jobs_search-jobs_keyword_QA_country_location_career_area_All.png,FALSE,https://jsonify.hel1.your-objectstorage.com/screenshots/evals/results-2026-08-11-full/bbase/363_www.nestle.com_jobs_search-jobs_keyword_QA_country_location_career_area_All.png,TRUE,https://jsonify.hel1.your-objectstorage.com/screenshots/evals/results-2026-08-11-full/browseruse/363_www.nestle.com_jobs_search-jobs_keyword_QA_country_location_career_area_All.png,TRUE,https://jsonify.hel1.your-objectstorage.com/screenshots/evals/results-2026-08-11-full/firecrawl_browser/363_www.nestle.com_jobs_search-jobs_keyword_QA_country_location_career_area_All.png,FALSE,https://jsonify.hel1.your-objectstorage.com/screenshots/evals/results-2026-08-11-full/hyperbrowser/363_www.nestle.com_jobs_search-jobs_keyword_QA_country_location_career_area_All.png,FALSE,https://jsonify.hel1.your-objectstorage.com/screenshots/evals/results-2026-08-11-full/obscura/363_www.nestle.com_jobs_search-jobs_keyword_QA_country_location_career_area_All.png,FALSE,https://jsonify.hel1.your-objectstorage.com/screenshots/evals/results-2026-08-11-full/playwright/363_www.nestle.com_jobs_search-jobs_keyword_QA_country_location_career_area_All.png,FALSE,https://jsonify.hel1.your-objectstorage.com/screenshots/evals/results-2026-08-11-full/selenium/363_www.nestle.com_jobs_search-jobs_keyword_QA_country_location_career_area_All.png,FALSE,TRUE
https://www.redbubble.com/shop?query=retro%20sunset,https://jsonify.hel1.your-objectstorage.com/screenshots/1638e07c-3c40-4180-9865-fc397ef50d06.png,TRUE,https://jsonify.hel1.your-objectstorage.com/screenshots/evals/results-2026-08-11-full/bless/364_www.redbubble.com_shop_query_retro_20sunset.png,TRUE,https://jsonify.hel1.your-objectstorage.com/screenshots/evals/results-2026-08-11-full/bbase/364_www.redbubble.com_shop_query_retro_20sunset.png,TRUE,https://jsonify.hel1.your-objectstorage.com/screenshots/evals/results-2026-08-11-full/browseruse/364_www.redbubble.com_shop_query_retro_20sunset.png,FALSE,https://jsonify.hel1.your-objectstorage.com/screenshots/evals/results-2026-08-11-full/firecrawl_browser/364_www.redbubble.com_shop_query_retro_20sunset.png,TRUE,https://jsonify.hel1.your-objectstorage.com/screenshots/evals/results-2026-08-11-full/hyperbrowser/364_www.redbubble.com_shop_query_retro_20sunset.png,TRUE,https://jsonify.hel1.your-objectstorage.com/screenshots/evals/results-2026-08-11-full/obscura/364_www.redbubble.com_shop_query_retro_20sunset.png,TRUE,https://jsonify.hel1.your-objectstorage.com/screenshots/evals/results-2026-08-11-full/playwright/364_www.redbubble.com_shop_query_retro_20sunset.png,FALSE,https://jsonify.hel1.your-objectstorage.com/screenshots/evals/results-2026-08-11-full/selenium/364_www.redbubble.com_shop_query_retro_20sunset.png,FALSE,TRUE
https://www.mckinsey.com/search?q=climate%20risk,https://jsonify.hel1.your-objectstorage.com/screenshots/0f4c781c-a1fa-43bb-9eb4-d25b79f58e78.png,TRUE,https://jsonify.hel1.your-objectstorage.com/screenshots/evals/results-2026-08-11-full/bless/365_www.mckinsey.com_search_q_climate_20risk.png,TRUE,https://jsonify.hel1.your-objectstorage.com/screenshots/evals/results-2026-08-11-full/bbase/365_www.mckinsey.com_search_q_climate_20risk.png,TRUE,https://jsonify.hel1.your-objectstorage.com/screenshots/evals/results-2026-08-11-full/browseruse/365_www.mckinsey.com_search_q_climate_20risk.png,TRUE,https://jsonify.hel1.your-objectstorage.com/screenshots/evals/results-2026-08-11-full/firecrawl_browser/365_www.mckinsey.com_search_q_climate_20risk.png,TRUE,https://jsonify.hel1.your-objectstorage.com/screenshots/evals/results-2026-08-11-full/hyperbrowser/365_www.mckinsey.com_search_q_climate_20risk.png,TRUE,https://jsonify.hel1.your-objectstorage.com/screenshots/evals/results-2026-08-11-full/obscura/365_www.mckinsey.com_search_q_climate_20risk.png,FALSE,https://jsonify.hel1.your-objectstorage.com/screenshots/evals/results-2026-08-11-full/playwright/365_www.mckinsey.com_search_q_climate_20risk.png,FALSE,https://jsonify.hel1.your-objectstorage.com/screenshots/evals/results-2026-08-11-full/selenium/365_www.mckinsey.com_search_q_climate_20risk.png,FALSE,TRUE
https://www.shein.com/pdsearch/winter%20jackets/,https://jsonify.hel1.your-objectstorage.com/screenshots/4492ff79-c849-43d9-9c91-e6ed90a286ba.png,FALSE,https://jsonify.hel1.your-objectstorage.com/screenshots/evals/results-2026-08-11-full/bless/366_www.shein.com_pdsearch_winter_20jackets.png,FALSE,https://jsonify.hel1.your-objectstorage.com/screenshots/evals/results-2026-08-11-full/bbase/366_www.shein.com_pdsearch_winter_20jackets.png,FALSE,https://jsonify.hel1.your-objectstorage.com/screenshots/evals/results-2026-08-11-full/browseruse/366_www.shein.com_pdsearch_winter_20jackets.png,FALSE,https://jsonify.hel1.your-objectstorage.com/screenshots/evals/results-2026-08-11-full/firecrawl_browser/366_www.shein.com_pdsearch_winter_20jackets.png,FALSE,https://jsonify.hel1.your-objectstorage.com/screenshots/evals/results-2026-08-11-full/hyperbrowser/366_www.shein.com_pdsearch_winter_20jackets.png,FALSE,https://jsonify.hel1.your-objectstorage.com/screenshots/evals/results-2026-08-11-full/obscura/366_www.shein.com_pdsearch_winter_20jackets.png,FALSE,https://jsonify.hel1.your-objectstorage.com/screenshots/evals/results-2026-08-11-full/playwright/366_www.shein.com_pdsearch_winter_20jackets.png,FALSE,https://jsonify.hel1.your-objectstorage.com/screenshots/evals/results-2026-08-11-full/selenium/366_www.shein.com_pdsearch_winter_20jackets.png,FALSE,TRUE
https://www.zoro.com/torque-wrenches/c/10552/?q=torque+wrench,https://jsonify.hel1.your-objectstorage.com/screenshots/b4ed3894-4ce0-41b7-993e-789aabde6bff.png,FALSE,https://jsonify.hel1.your-objectstorage.com/screenshots/evals/results-2026-08-11-full/bless/367_www.zoro.com_torque-wrenches_c_10552_q_torque_wrench.png,TRUE,https://jsonify.hel1.your-objectstorage.com/screenshots/evals/results-2026-08-11-full/bbase/367_www.zoro.com_torque-wrenches_c_10552_q_torque_wrench.png,FALSE,https://jsonify.hel1.your-objectstorage.com/screenshots/evals/results-2026-08-11-full/browseruse/367_www.zoro.com_torque-wrenches_c_10552_q_torque_wrench.png,FALSE,https://jsonify.hel1.your-objectstorage.com/screenshots/evals/results-2026-08-11-full/firecrawl_browser/367_www.zoro.com_torque-wrenches_c_10552_q_torque_wrench.png,FALSE,https://jsonify.hel1.your-objectstorage.com/screenshots/evals/results-2026-08-11-full/hyperbrowser/367_www.zoro.com_torque-wrenches_c_10552_q_torque_wrench.png,FALSE,https://jsonify.hel1.your-objectstorage.com/screenshots/evals/results-2026-08-11-full/obscura/367_www.zoro.com_torque-wrenches_c_10552_q_torque_wrench.png,FALSE,https://jsonify.hel1.your-objectstorage.com/screenshots/evals/results-2026-08-11-full/playwright/367_www.zoro.com_torque-wrenches_c_10552_q_torque_wrench.png,FALSE,https://jsonify.hel1.your-objectstorage.com/screenshots/evals/results-2026-08-11-full/selenium/367_www.zoro.com_torque-wrenches_c_10552_q_torque_wrench.png,FALSE,TRUE
https://www.canva.com/templates/search/birthday-invitations/,https://jsonify.hel1.your-objectstorage.com/screenshots/9eb4118a-e2db-48e1-a536-a4750bac771d.png,TRUE,https://jsonify.hel1.your-objectstorage.com/screenshots/evals/results-2026-08-11-full/bless/368_www.canva.com_templates_search_birthday-invitations.png,TRUE,https://jsonify.hel1.your-objectstorage.com/screenshots/evals/results-2026-08-11-full/bbase/368_www.canva.com_templates_search_birthday-invitations.png,TRUE,https://jsonify.hel1.your-objectstorage.com/screenshots/evals/results-2026-08-11-full/browseruse/368_www.canva.com_templates_search_birthday-invitations.png,TRUE,https://jsonify.hel1.your-objectstorage.com/screenshots/evals/results-2026-08-11-full/firecrawl_browser/368_www.canva.com_templates_search_birthday-invitations.png,TRUE,https://jsonify.hel1.your-objectstorage.com/screenshots/evals/results-2026-08-11-full/hyperbrowser/368_www.canva.com_templates_search_birthday-invitations.png,TRUE,https://jsonify.hel1.your-objectstorage.com/screenshots/evals/results-2026-08-11-full/obscura/368_www.canva.com_templates_search_birthday-invitations.png,FALSE,https://jsonify.hel1.your-objectstorage.com/screenshots/evals/results-2026-08-11-full/playwright/368_www.canva.com_templates_search_birthday-invitations.png,FALSE,https://jsonify.hel1.your-objectstorage.com/screenshots/evals/results-2026-08-11-full/selenium/368_www.canva.com_templates_search_birthday-invitations.png,FALSE,TRUE
https://www.science.org/action/doSearch?AllField=climate+change,https://jsonify.hel1.your-objectstorage.com/screenshots/baffbb1f-6c5b-4d8a-a6ac-5cb1f1cdcf7f.png,TRUE,https://jsonify.hel1.your-objectstorage.com/screenshots/evals/results-2026-08-11-full/bless/369_www.science.org_action_doSearch_AllField_climate_change.png,TRUE,https://jsonify.hel1.your-objectstorage.com/screenshots/evals/results-2026-08-11-full/bbase/369_www.science.org_action_doSearch_AllField_climate_change.png,TRUE,https://jsonify.hel1.your-objectstorage.com/screenshots/evals/results-2026-08-11-full/browseruse/369_www.science.org_action_doSearch_AllField_climate_change.png,TRUE,https://jsonify.hel1.your-objectstorage.com/screenshots/evals/results-2026-08-11-full/firecrawl_browser/369_www.science.org_action_doSearch_AllField_climate_change.png,FALSE,https://jsonify.hel1.your-objectstorage.com/screenshots/evals/results-2026-08-11-full/hyperbrowser/369_www.science.org_action_doSearch_AllField_climate_change.png,FALSE,https://jsonify.hel1.your-objectstorage.com/screenshots/evals/results-2026-08-11-full/obscura/369_www.science.org_action_doSearch_AllField_climate_change.png,FALSE,https://jsonify.hel1.your-objectstorage.com/screenshots/evals/results-2026-08-11-full/playwright/369_www.science.org_action_doSearch_AllField_climate_change.png,FALSE,https://jsonify.hel1.your-objectstorage.com/screenshots/evals/results-2026-08-11-full/selenium/369_www.science.org_action_doSearch_AllField_climate_change.png,FALSE,TRUE
https://www.pexels.com/search/mountain%20landscape/,https://jsonify.hel1.your-objectstorage.com/screenshots/0989f450-1ef6-4eab-9678-03a0f688fd2c.png,TRUE,https://jsonify.hel1.your-objectstorage.com/screenshots/evals/results-2026-08-11-full/bless/370_www.pexels.com_search_mountain_20landscape.png,TRUE,https://jsonify.hel1.your-objectstorage.com/screenshots/evals/results-2026-08-11-full/bbase/370_www.pexels.com_search_mountain_20landscape.png,TRUE,https://jsonify.hel1.your-objectstorage.com/screenshots/evals/results-2026-08-11-full/browseruse/370_www.pexels.com_search_mountain_20landscape.png,TRUE,https://jsonify.hel1.your-objectstorage.com/screenshots/evals/results-2026-08-11-full/firecrawl_browser/370_www.pexels.com_search_mountain_20landscape.png,TRUE,https://jsonify.hel1.your-objectstorage.com/screenshots/evals/results-2026-08-11-full/hyperbrowser/370_www.pexels.com_search_mountain_20landscape.png,TRUE,https://jsonify.hel1.your-objectstorage.com/screenshots/evals/results-2026-08-11-full/obscura/370_www.pexels.com_search_mountain_20landscape.png,FALSE,https://jsonify.hel1.your-objectstorage.com/screenshots/evals/results-2026-08-11-full/playwright/370_www.pexels.com_search_mountain_20landscape.png,FALSE,https://jsonify.hel1.your-objectstorage.com/screenshots/evals/results-2026-08-11-full/selenium/370_www.pexels.com_search_mountain_20landscape.png,FALSE,TRUE
https://search.sites.columbia.edu/pages/financial%20aid,https://jsonify.hel1.your-objectstorage.com/screenshots/0e556b4d-64ed-4b7d-a392-69e876c5a19f.png,TRUE,https://jsonify.hel1.your-objectstorage.com/screenshots/evals/results-2026-08-11-full/bless/377_search.sites.columbia.edu_pages_financial_20aid.png,TRUE,https://jsonify.hel1.your-objectstorage.com/screenshots/evals/results-2026-08-11-full/bbase/377_search.sites.columbia.edu_pages_financial_20aid.png,TRUE,https://jsonify.hel1.your-objectstorage.com/screenshots/evals/results-2026-08-11-full/browseruse/377_search.sites.columbia.edu_pages_financial_20aid.png,TRUE,https://jsonify.hel1.your-objectstorage.com/screenshots/evals/results-2026-08-11-full/firecrawl_browser/377_search.sites.columbia.edu_pages_financial_20aid.png,TRUE,https://jsonify.hel1.your-objectstorage.com/screenshots/evals/results-2026-08-11-full/hyperbrowser/377_search.sites.columbia.edu_pages_financial_20aid.png,TRUE,https://jsonify.hel1.your-objectstorage.com/screenshots/evals/results-2026-08-11-full/obscura/377_search.sites.columbia.edu_pages_financial_20aid.png,FALSE,https://jsonify.hel1.your-objectstorage.com/screenshots/evals/results-2026-08-11-full/playwright/377_search.sites.columbia.edu_pages_financial_20aid.png,TRUE,https://jsonify.hel1.your-objectstorage.com/screenshots/evals/results-2026-08-11-full/selenium/377_search.sites.columbia.edu_pages_financial_20aid.png,TRUE,TRUE
https://www.williams-sonoma.com/search/results.html?words=wooden%20cutting%20board,https://jsonify.hel1.your-objectstorage.com/screenshots/26fccd7d-1105-4e17-befa-d264396d1268.png,FALSE,https://jsonify.hel1.your-objectstorage.com/screenshots/evals/results-2026-08-11-full/bless/372_www.williams-sonoma.com_search_results.html_words_wooden_20cutting_20board.png,TRUE,https://jsonify.hel1.your-objectstorage.com/screenshots/evals/results-2026-08-11-full/bbase/372_www.williams-sonoma.com_search_results.html_words_wooden_20cutting_20board.png,TRUE,https://jsonify.hel1.your-objectstorage.com/screenshots/evals/results-2026-08-11-full/browseruse/372_www.williams-sonoma.com_search_results.html_words_wooden_20cutting_20board.png,TRUE,https://jsonify.hel1.your-objectstorage.com/screenshots/evals/results-2026-08-11-full/firecrawl_browser/372_www.williams-sonoma.com_search_results.html_words_wooden_20cutting_20board.png,TRUE,https://jsonify.hel1.your-objectstorage.com/screenshots/evals/results-2026-08-11-full/hyperbrowser/372_www.williams-sonoma.com_search_results.html_words_wooden_20cutting_20board.png,TRUE,https://jsonify.hel1.your-objectstorage.com/screenshots/evals/results-2026-08-11-full/obscura/372_www.williams-sonoma.com_search_results.html_words_wooden_20cutting_20board.png,FALSE,https://jsonify.hel1.your-objectstorage.com/screenshots/evals/results-2026-08-11-full/playwright/372_www.williams-sonoma.com_search_results.html_words_wooden_20cutting_20board.png,FALSE,https://jsonify.hel1.your-objectstorage.com/screenshots/evals/results-2026-08-11-full/selenium/372_www.williams-sonoma.com_search_results.html_words_wooden_20cutting_20board.png,FALSE,TRUE
https://www.paramountplus.com/shows/,https://jsonify.hel1.your-objectstorage.com/screenshots/cc515a90-80c9-42a8-a9a0-88ea2c703bb5.png,TRUE,https://jsonify.hel1.your-objectstorage.com/screenshots/evals/results-2026-08-11-full/bless/373_www.paramountplus.com_shows.png,FALSE,https://jsonify.hel1.your-objectstorage.com/screenshots/evals/results-2026-08-11-full/bbase/373_www.paramountplus.com_shows.png,TRUE,https://jsonify.hel1.your-objectstorage.com/screenshots/evals/results-2026-08-11-full/browseruse/373_www.paramountplus.com_shows.png,FALSE,https://jsonify.hel1.your-objectstorage.com/screenshots/evals/results-2026-08-11-full/firecrawl_browser/373_www.paramountplus.com_shows.png,TRUE,https://jsonify.hel1.your-objectstorage.com/screenshots/evals/results-2026-08-11-full/hyperbrowser/373_www.paramountplus.com_shows.png,TRUE,https://jsonify.hel1.your-objectstorage.com/screenshots/evals/results-2026-08-11-full/obscura/373_www.paramountplus.com_shows.png,TRUE,https://jsonify.hel1.your-objectstorage.com/screenshots/evals/results-2026-08-11-full/playwright/373_www.paramountplus.com_shows.png,TRUE,https://jsonify.hel1.your-objectstorage.com/screenshots/evals/results-2026-08-11-full/selenium/373_www.paramountplus.com_shows.png,TRUE,TRUE
https://www.zoominfo.com/companies-search/extra-eyJjb21wYW55TmFtZUltcGwiOlsiTmVzdGxlIl19,https://jsonify.hel1.your-objectstorage.com/screenshots/2e63f1cf-9610-4dc9-aa76-6c447efc62bd.png,FALSE,https://jsonify.hel1.your-objectstorage.com/screenshots/evals/results-2026-08-11-full/bless/374_www.zoominfo.com_companies-search_extra-eyJjb21wYW55TmFtZUltcGwiOlsiTmVzdGxlIl19.png,FALSE,https://jsonify.hel1.your-objectstorage.com/screenshots/evals/results-2026-08-11-full/bbase/374_www.zoominfo.com_companies-search_extra-eyJjb21wYW55TmFtZUltcGwiOlsiTmVzdGxlIl19.png,FALSE,https://jsonify.hel1.your-objectstorage.com/screenshots/evals/results-2026-08-11-full/browseruse/374_www.zoominfo.com_companies-search_extra-eyJjb21wYW55TmFtZUltcGwiOlsiTmVzdGxlIl19.png,TRUE,https://jsonify.hel1.your-objectstorage.com/screenshots/evals/results-2026-08-11-full/firecrawl_browser/374_www.zoominfo.com_companies-search_extra-eyJjb21wYW55TmFtZUltcGwiOlsiTmVzdGxlIl19.png,FALSE,https://jsonify.hel1.your-objectstorage.com/screenshots/evals/results-2026-08-11-full/hyperbrowser/374_www.zoominfo.com_companies-search_extra-eyJjb21wYW55TmFtZUltcGwiOlsiTmVzdGxlIl19.png,FALSE,https://jsonify.hel1.your-objectstorage.com/screenshots/evals/results-2026-08-11-full/obscura/374_www.zoominfo.com_companies-search_extra-eyJjb21wYW55TmFtZUltcGwiOlsiTmVzdGxlIl19.png,FALSE,https://jsonify.hel1.your-objectstorage.com/screenshots/evals/results-2026-08-11-full/playwright/374_www.zoominfo.com_companies-search_extra-eyJjb21wYW55TmFtZUltcGwiOlsiTmVzdGxlIl19.png,FALSE,https://jsonify.hel1.your-objectstorage.com/screenshots/evals/results-2026-08-11-full/selenium/374_www.zoominfo.com_companies-search_extra-eyJjb21wYW55TmFtZUltcGwiOlsiTmVzdGxlIl19.png,FALSE,TRUE
https://www.pacsun.com/search?q=jeans,https://jsonify.hel1.your-objectstorage.com/screenshots/e79f749d-85ad-4a3b-a9f5-484a10311126.png,TRUE,https://jsonify.hel1.your-objectstorage.com/screenshots/evals/results-2026-08-11-full/bless/375_www.pacsun.com_search_q_jeans.png,TRUE,https://jsonify.hel1.your-objectstorage.com/screenshots/evals/results-2026-08-11-full/bbase/375_www.pacsun.com_search_q_jeans.png,FALSE,https://jsonify.hel1.your-objectstorage.com/screenshots/evals/results-2026-08-11-full/browseruse/375_www.pacsun.com_search_q_jeans.png,TRUE,https://jsonify.hel1.your-objectstorage.com/screenshots/evals/results-2026-08-11-full/firecrawl_browser/375_www.pacsun.com_search_q_jeans.png,TRUE,https://jsonify.hel1.your-objectstorage.com/screenshots/evals/results-2026-08-11-full/hyperbrowser/375_www.pacsun.com_search_q_jeans.png,TRUE,https://jsonify.hel1.your-objectstorage.com/screenshots/evals/results-2026-08-11-full/obscura/375_www.pacsun.com_search_q_jeans.png,TRUE,https://jsonify.hel1.your-objectstorage.com/screenshots/evals/results-2026-08-11-full/playwright/375_www.pacsun.com_search_q_jeans.png,FALSE,https://jsonify.hel1.your-objectstorage.com/screenshots/evals/results-2026-08-11-full/selenium/375_www.pacsun.com_search_q_jeans.png,FALSE,TRUE
https://www.belk.com/search/?q=dresses,https://jsonify.hel1.your-objectstorage.com/screenshots/787eff02-cffb-489e-bc19-cf428b03897c.png,TRUE,https://jsonify.hel1.your-objectstorage.com/screenshots/evals/results-2026-08-11-full/bless/376_www.belk.com_search_q_dresses.png,FALSE,https://jsonify.hel1.your-objectstorage.com/screenshots/evals/results-2026-08-11-full/bbase/376_www.belk.com_search_q_dresses.png,TRUE,https://jsonify.hel1.your-objectstorage.com/screenshots/evals/results-2026-08-11-full/browseruse/376_www.belk.com_search_q_dresses.png,TRUE,https://jsonify.hel1.your-objectstorage.com/screenshots/evals/results-2026-08-11-full/firecrawl_browser/376_www.belk.com_search_q_dresses.png,FALSE,https://jsonify.hel1.your-objectstorage.com/screenshots/evals/results-2026-08-11-full/hyperbrowser/376_www.belk.com_search_q_dresses.png,TRUE,https://jsonify.hel1.your-objectstorage.com/screenshots/evals/results-2026-08-11-full/obscura/376_www.belk.com_search_q_dresses.png,FALSE,https://jsonify.hel1.your-objectstorage.com/screenshots/evals/results-2026-08-11-full/playwright/376_www.belk.com_search_q_dresses.png,FALSE,https://jsonify.hel1.your-objectstorage.com/screenshots/evals/results-2026-08-11-full/selenium/376_www.belk.com_search_q_dresses.png,FALSE,TRUE
https://search.sites.columbia.edu/pages/financial%20aid,https://jsonify.hel1.your-objectstorage.com/screenshots/0e556b4d-64ed-4b7d-a392-69e876c5a19f.png,TRUE,https://jsonify.hel1.your-objectstorage.com/screenshots/evals/results-2026-08-11-full/bless/377_search.sites.columbia.edu_pages_financial_20aid.png,TRUE,https://jsonify.hel1.your-objectstorage.com/screenshots/evals/results-2026-08-11-full/bbase/377_search.sites.columbia.edu_pages_financial_20aid.png,TRUE,https://jsonify.hel1.your-objectstorage.com/screenshots/evals/results-2026-08-11-full/browseruse/377_search.sites.columbia.edu_pages_financial_20aid.png,TRUE,https://jsonify.hel1.your-objectstorage.com/screenshots/evals/results-2026-08-11-full/firecrawl_browser/377_search.sites.columbia.edu_pages_financial_20aid.png,TRUE,https://jsonify.hel1.your-objectstorage.com/screenshots/evals/results-2026-08-11-full/hyperbrowser/377_search.sites.columbia.edu_pages_financial_20aid.png,TRUE,https://jsonify.hel1.your-objectstorage.com/screenshots/evals/results-2026-08-11-full/obscura/377_search.sites.columbia.edu_pages_financial_20aid.png,FALSE,https://jsonify.hel1.your-objectstorage.com/screenshots/evals/results-2026-08-11-full/playwright/377_search.sites.columbia.edu_pages_financial_20aid.png,TRUE,https://jsonify.hel1.your-objectstorage.com/screenshots/evals/results-2026-08-11-full/selenium/377_search.sites.columbia.edu_pages_financial_20aid.png,TRUE,TRUE
https://www.yeti.com/search?q=tumblers,https://jsonify.hel1.your-objectstorage.com/screenshots/89739ed9-2212-4d1a-a6b8-2c3e62a16bba.png,TRUE,https://jsonify.hel1.your-objectstorage.com/screenshots/evals/results-2026-08-11-full/bless/378_www.yeti.com_search_q_tumblers.png,TRUE,https://jsonify.hel1.your-objectstorage.com/screenshots/evals/results-2026-08-11-full/bbase/378_www.yeti.com_search_q_tumblers.png,FALSE,https://jsonify.hel1.your-objectstorage.com/screenshots/evals/results-2026-08-11-full/browseruse/378_www.yeti.com_search_q_tumblers.png,TRUE,https://jsonify.hel1.your-objectstorage.com/screenshots/evals/results-2026-08-11-full/firecrawl_browser/378_www.yeti.com_search_q_tumblers.png,TRUE,https://jsonify.hel1.your-objectstorage.com/screenshots/evals/results-2026-08-11-full/hyperbrowser/378_www.yeti.com_search_q_tumblers.png,TRUE,https://jsonify.hel1.your-objectstorage.com/screenshots/evals/results-2026-08-11-full/obscura/378_www.yeti.com_search_q_tumblers.png,TRUE,https://jsonify.hel1.your-objectstorage.com/screenshots/evals/results-2026-08-11-full/playwright/378_www.yeti.com_search_q_tumblers.png,FALSE,https://jsonify.hel1.your-objectstorage.com/screenshots/evals/results-2026-08-11-full/selenium/378_www.yeti.com_search_q_tumblers.png,FALSE,TRUE
https://www.ralphlauren.de/de/search?lang=de_DE&q=linen%20shirts&br=t,https://jsonify.hel1.your-objectstorage.com/screenshots/afdf491c-3a52-45b8-9f50-4d64dc1b1388.png,TRUE,https://jsonify.hel1.your-objectstorage.com/screenshots/evals/results-2026-08-11-full/bless/379_www.ralphlauren.de_de_search_lang_de_DE_q_linen_20shirts_br_t.png,FALSE,https://jsonify.hel1.your-objectstorage.com/screenshots/evals/results-2026-08-11-full/bbase/379_www.ralphlauren.de_de_search_lang_de_DE_q_linen_20shirts_br_t.png,FALSE,https://jsonify.hel1.your-objectstorage.com/screenshots/evals/results-2026-08-11-full/browseruse/379_www.ralphlauren.de_de_search_lang_de_DE_q_linen_20shirts_br_t.png,FALSE,https://jsonify.hel1.your-objectstorage.com/screenshots/evals/results-2026-08-11-full/firecrawl_browser/379_www.ralphlauren.de_de_search_lang_de_DE_q_linen_20shirts_br_t.png,FALSE,https://jsonify.hel1.your-objectstorage.com/screenshots/evals/results-2026-08-11-full/hyperbrowser/379_www.ralphlauren.de_de_search_lang_de_DE_q_linen_20shirts_br_t.png,FALSE,https://jsonify.hel1.your-objectstorage.com/screenshots/evals/results-2026-08-11-full/obscura/379_www.ralphlauren.de_de_search_lang_de_DE_q_linen_20shirts_br_t.png,FALSE,https://jsonify.hel1.your-objectstorage.com/screenshots/evals/results-2026-08-11-full/playwright/379_www.ralphlauren.de_de_search_lang_de_DE_q_linen_20shirts_br_t.png,FALSE,https://jsonify.hel1.your-objectstorage.com/screenshots/evals/results-2026-08-11-full/selenium/379_www.ralphlauren.de_de_search_lang_de_DE_q_linen_20shirts_br_t.png,FALSE,TRUE
https://www.bathandbodyworks.com/g/body-care,https://jsonify.hel1.your-objectstorage.com/screenshots/7e58b1ae-c792-4f6f-8cae-3443c55e16ce.png,FALSE,https://jsonify.hel1.your-objectstorage.com/screenshots/evals/results-2026-08-11-full/bless/380_www.bathandbodyworks.com_g_body-care.png,FALSE,https://jsonify.hel1.your-objectstorage.com/screenshots/evals/results-2026-08-11-full/bbase/380_www.bathandbodyworks.com_g_body-care.png,TRUE,https://jsonify.hel1.your-objectstorage.com/screenshots/evals/results-2026-08-11-full/browseruse/380_www.bathandbodyworks.com_g_body-care.png,TRUE,https://jsonify.hel1.your-objectstorage.com/screenshots/evals/results-2026-08-11-full/firecrawl_browser/380_www.bathandbodyworks.com_g_body-care.png,FALSE,https://jsonify.hel1.your-objectstorage.com/screenshots/evals/results-2026-08-11-full/hyperbrowser/380_www.bathandbodyworks.com_g_body-care.png,FALSE,https://jsonify.hel1.your-objectstorage.com/screenshots/evals/results-2026-08-11-full/obscura/380_www.bathandbodyworks.com_g_body-care.png,FALSE,https://jsonify.hel1.your-objectstorage.com/screenshots/evals/results-2026-08-11-full/playwright/380_www.bathandbodyworks.com_g_body-care.png,FALSE,https://jsonify.hel1.your-objectstorage.com/screenshots/evals/results-2026-08-11-full/selenium/380_www.bathandbodyworks.com_g_body-care.png,FALSE,TRUE
https://www.anthropologie.com/search?q=dress,https://jsonify.hel1.your-objectstorage.com/screenshots/cdfc532e-2ed9-43cd-bcb5-69dd5394f77b.png,FALSE,https://jsonify.hel1.your-objectstorage.com/screenshots/evals/results-2026-08-11-full/bless/381_www.anthropologie.com_search_q_dress.png,TRUE,https://jsonify.hel1.your-objectstorage.com/screenshots/evals/results-2026-08-11-full/bbase/381_www.anthropologie.com_search_q_dress.png,FALSE,https://jsonify.hel1.your-objectstorage.com/screenshots/evals/results-2026-08-11-full/browseruse/381_www.anthropologie.com_search_q_dress.png,TRUE,https://jsonify.hel1.your-objectstorage.com/screenshots/evals/results-2026-08-11-full/firecrawl_browser/381_www.anthropologie.com_search_q_dress.png,TRUE,https://jsonify.hel1.your-objectstorage.com/screenshots/evals/results-2026-08-11-full/hyperbrowser/381_www.anthropologie.com_search_q_dress.png,FALSE,https://jsonify.hel1.your-objectstorage.com/screenshots/evals/results-2026-08-11-full/obscura/381_www.anthropologie.com_search_q_dress.png,FALSE,https://jsonify.hel1.your-objectstorage.com/screenshots/evals/results-2026-08-11-full/playwright/381_www.anthropologie.com_search_q_dress.png,FALSE,https://jsonify.hel1.your-objectstorage.com/screenshots/evals/results-2026-08-11-full/selenium/381_www.anthropologie.com_search_q_dress.png,FALSE,TRUE
https://www.ashleyfurniture.com/c/furniture/living-room/sofas/,https://jsonify.hel1.your-objectstorage.com/screenshots/beef4f3c-af80-48b1-8955-834ec2705813.png,TRUE,https://jsonify.hel1.your-objectstorage.com/screenshots/evals/results-2026-08-11-full/bless/382_www.ashleyfurniture.com_c_furniture_living-room_sofas.png,TRUE,https://jsonify.hel1.your-objectstorage.com/screenshots/evals/results-2026-08-11-full/bbase/382_www.ashleyfurniture.com_c_furniture_living-room_sofas.png,FALSE,https://jsonify.hel1.your-objectstorage.com/screenshots/evals/results-2026-08-11-full/browseruse/382_www.ashleyfurniture.com_c_furniture_living-room_sofas.png,TRUE,https://jsonify.hel1.your-objectstorage.com/screenshots/evals/results-2026-08-11-full/firecrawl_browser/382_www.ashleyfurniture.com_c_furniture_living-room_sofas.png,TRUE,https://jsonify.hel1.your-objectstorage.com/screenshots/evals/results-2026-08-11-full/hyperbrowser/382_www.ashleyfurniture.com_c_furniture_living-room_sofas.png,TRUE,https://jsonify.hel1.your-objectstorage.com/screenshots/evals/results-2026-08-11-full/obscura/382_www.ashleyfurniture.com_c_furniture_living-room_sofas.png,FALSE,https://jsonify.hel1.your-objectstorage.com/screenshots/evals/results-2026-08-11-full/playwright/382_www.ashleyfurniture.com_c_furniture_living-room_sofas.png,FALSE,https://jsonify.hel1.your-objectstorage.com/screenshots/evals/results-2026-08-11-full/selenium/382_www.ashleyfurniture.com_c_furniture_living-room_sofas.png,FALSE,TRUE
https://www.alltrails.com/explore/parks/us/california/yosemite-national-park,https://jsonify.hel1.your-objectstorage.com/screenshots/1e315e4a-67e7-49a9-992e-cecdc11cbdad.png,TRUE,https://jsonify.hel1.your-objectstorage.com/screenshots/evals/results-2026-08-11-full/bless/383_www.alltrails.com_explore_parks_us_california_yosemite-national-park.png,TRUE,https://jsonify.hel1.your-objectstorage.com/screenshots/evals/results-2026-08-11-full/bbase/383_www.alltrails.com_explore_parks_us_california_yosemite-national-park.png,FALSE,https://jsonify.hel1.your-objectstorage.com/screenshots/evals/results-2026-08-11-full/browseruse/383_www.alltrails.com_explore_parks_us_california_yosemite-national-park.png,FALSE,https://jsonify.hel1.your-objectstorage.com/screenshots/evals/results-2026-08-11-full/firecrawl_browser/383_www.alltrails.com_explore_parks_us_california_yosemite-national-park.png,FALSE,https://jsonify.hel1.your-objectstorage.com/screenshots/evals/results-2026-08-11-full/hyperbrowser/383_www.alltrails.com_explore_parks_us_california_yosemite-national-park.png,FALSE,https://jsonify.hel1.your-objectstorage.com/screenshots/evals/results-2026-08-11-full/obscura/383_www.alltrails.com_explore_parks_us_california_yosemite-national-park.png,FALSE,https://jsonify.hel1.your-objectstorage.com/screenshots/evals/results-2026-08-11-full/playwright/383_www.alltrails.com_explore_parks_us_california_yosemite-national-park.png,FALSE,https://jsonify.hel1.your-objectstorage.com/screenshots/evals/results-2026-08-11-full/selenium/383_www.alltrails.com_explore_parks_us_california_yosemite-national-park.png,FALSE,TRUE
https://www.leboncoin.fr/recherche?text=velo,https://jsonify.hel1.your-objectstorage.com/screenshots/5a194141-f729-4aa0-aec0-b75db69effe5.png,FALSE,https://jsonify.hel1.your-objectstorage.com/screenshots/evals/results-2026-08-11-full/bless/384_www.leboncoin.fr_recherche_text_velo.png,FALSE,https://jsonify.hel1.your-objectstorage.com/screenshots/evals/results-2026-08-11-full/bbase/384_www.leboncoin.fr_recherche_text_velo.png,TRUE,https://jsonify.hel1.your-objectstorage.com/screenshots/evals/results-2026-08-11-full/browseruse/384_www.leboncoin.fr_recherche_text_velo.png,FALSE,https://jsonify.hel1.your-objectstorage.com/screenshots/evals/results-2026-08-11-full/firecrawl_browser/384_www.leboncoin.fr_recherche_text_velo.png,FALSE,https://jsonify.hel1.your-objectstorage.com/screenshots/evals/results-2026-08-11-full/hyperbrowser/384_www.leboncoin.fr_recherche_text_velo.png,FALSE,https://jsonify.hel1.your-objectstorage.com/screenshots/evals/results-2026-08-11-full/obscura/384_www.leboncoin.fr_recherche_text_velo.png,FALSE,https://jsonify.hel1.your-objectstorage.com/screenshots/evals/results-2026-08-11-full/playwright/384_www.leboncoin.fr_recherche_text_velo.png,FALSE,https://jsonify.hel1.your-objectstorage.com/screenshots/evals/results-2026-08-11-full/selenium/384_www.leboncoin.fr_recherche_text_velo.png,FALSE,TRUE
https://www.hermes.com/us/en/search/?s=scarves,https://jsonify.hel1.your-objectstorage.com/screenshots/6660df57-7572-4df9-8e9b-b33d2bbb1d1d.png,FALSE,https://jsonify.hel1.your-objectstorage.com/screenshots/evals/results-2026-08-11-full/bless/385_www.hermes.com_us_en_search_s_scarves.png,TRUE,https://jsonify.hel1.your-objectstorage.com/screenshots/evals/results-2026-08-11-full/bbase/385_www.hermes.com_us_en_search_s_scarves.png,TRUE,https://jsonify.hel1.your-objectstorage.com/screenshots/evals/results-2026-08-11-full/browseruse/385_www.hermes.com_us_en_search_s_scarves.png,FALSE,https://jsonify.hel1.your-objectstorage.com/screenshots/evals/results-2026-08-11-full/firecrawl_browser/385_www.hermes.com_us_en_search_s_scarves.png,TRUE,https://jsonify.hel1.your-objectstorage.com/screenshots/evals/results-2026-08-11-full/hyperbrowser/385_www.hermes.com_us_en_search_s_scarves.png,FALSE,https://jsonify.hel1.your-objectstorage.com/screenshots/evals/results-2026-08-11-full/obscura/385_www.hermes.com_us_en_search_s_scarves.png,TRUE,https://jsonify.hel1.your-objectstorage.com/screenshots/evals/results-2026-08-11-full/playwright/385_www.hermes.com_us_en_search_s_scarves.png,FALSE,https://jsonify.hel1.your-objectstorage.com/screenshots/evals/results-2026-08-11-full/selenium/385_www.hermes.com_us_en_search_s_scarves.png,FALSE,TRUE
"https://sim.oura.com/fr/trip-planner/roadmap/d9e8c9b0-5829-4183-84ac-a53b52975abe?fi=CITY|Denic%C3%A9|46.00123,4.645956&fv=Denic%C3%A9&fst=Denic%C3%A9+(69640)&ffv=Denic%C3%A9+(69640)&fpt=city&flat=46.00123&flon=4.645956&ti=FR:63336:LMU:AUTOAL2026030517075914713:OURA&tv=Le+Sac&tst=Saint-Donat+(63680)&tfv=Le+Sac,+Saint-Donat+(63680)&tpt=stopArea&tlat=45.483679&tlon=2.72227&tt=0&dt=2026-08-08T09:59:13.796Z&criterion=FASTEST&scholarLines=EXCLUDE&walkSpeed=1&bikeSpeed=1&walkMaxTime=2700&bikeMaxRidingTime=7200&carMaxRidingTime=10800&accessible=false",https://jsonify.hel1.your-objectstorage.com/screenshots/90fc1bac-5551-476e-af8d-bb4e71c1d5db.png,TRUE,https://jsonify.hel1.your-objectstorage.com/screenshots/evals/results-2026-08-11-full/bless/386_sim.oura.com_fr_trip-planner_roadmap_d9e8c9b0-5829-4183-84ac-a53b52975abe_fi_CITY_Denic_C3_A9_46.00123_4.645956_fv_Denic_C3_A9_fst_Den.png,TRUE,https://jsonify.hel1.your-objectstorage.com/screenshots/evals/results-2026-08-11-full/bbase/386_sim.oura.com_fr_trip-planner_roadmap_d9e8c9b0-5829-4183-84ac-a53b52975abe_fi_CITY_Denic_C3_A9_46.00123_4.645956_fv_Denic_C3_A9_fst_Den.png,TRUE,https://jsonify.hel1.your-objectstorage.com/screenshots/evals/results-2026-08-11-full/browseruse/386_sim.oura.com_fr_trip-planner_roadmap_d9e8c9b0-5829-4183-84ac-a53b52975abe_fi_CITY_Denic_C3_A9_46.00123_4.645956_fv_Denic_C3_A9_fst_Den.png,TRUE,https://jsonify.hel1.your-objectstorage.com/screenshots/evals/results-2026-08-11-full/firecrawl_browser/386_sim.oura.com_fr_trip-planner_roadmap_d9e8c9b0-5829-4183-84ac-a53b52975abe_fi_CITY_Denic_C3_A9_46.00123_4.645956_fv_Denic_C3_A9_fst_Den.png,TRUE,https://jsonify.hel1.your-objectstorage.com/screenshots/evals/results-2026-08-11-full/hyperbrowser/386_sim.oura.com_fr_trip-planner_roadmap_d9e8c9b0-5829-4183-84ac-a53b52975abe_fi_CITY_Denic_C3_A9_46.00123_4.645956_fv_Denic_C3_A9_fst_Den.png,FALSE,https://jsonify.hel1.your-objectstorage.com/screenshots/evals/results-2026-08-11-full/obscura/386_sim.oura.com_fr_trip-planner_roadmap_d9e8c9b0-5829-4183-84ac-a53b52975abe_fi_CITY_Denic_C3_A9_46.00123_4.645956_fv_Denic_C3_A9_fst_Den.png,FALSE,https://jsonify.hel1.your-objectstorage.com/screenshots/evals/results-2026-08-11-full/playwright/386_sim.oura.com_fr_trip-planner_roadmap_d9e8c9b0-5829-4183-84ac-a53b52975abe_fi_CITY_Denic_C3_A9_46.00123_4.645956_fv_Denic_C3_A9_fst_Den.png,FALSE,https://jsonify.hel1.your-objectstorage.com/screenshots/evals/results-2026-08-11-full/selenium/386_sim.oura.com_fr_trip-planner_roadmap_d9e8c9b0-5829-4183-84ac-a53b52975abe_fi_CITY_Denic_C3_A9_46.00123_4.645956_fv_Denic_C3_A9_fst_Den.png,FALSE,TRUE
https://www.boots.com/sitesearch?searchTerm=sunscreen,https://jsonify.hel1.your-objectstorage.com/screenshots/21072aaa-02e0-463f-acc4-4d8d11a3d9b8.png,TRUE,https://jsonify.hel1.your-objectstorage.com/screenshots/evals/results-2026-08-11-full/bless/387_www.boots.com_sitesearch_searchTerm_sunscreen.png,TRUE,https://jsonify.hel1.your-objectstorage.com/screenshots/evals/results-2026-08-11-full/bbase/387_www.boots.com_sitesearch_searchTerm_sunscreen.png,TRUE,https://jsonify.hel1.your-objectstorage.com/screenshots/evals/results-2026-08-11-full/browseruse/387_www.boots.com_sitesearch_searchTerm_sunscreen.png,TRUE,https://jsonify.hel1.your-objectstorage.com/screenshots/evals/results-2026-08-11-full/firecrawl_browser/387_www.boots.com_sitesearch_searchTerm_sunscreen.png,TRUE,https://jsonify.hel1.your-objectstorage.com/screenshots/evals/results-2026-08-11-full/hyperbrowser/387_www.boots.com_sitesearch_searchTerm_sunscreen.png,TRUE,https://jsonify.hel1.your-objectstorage.com/screenshots/evals/results-2026-08-11-full/obscura/387_www.boots.com_sitesearch_searchTerm_sunscreen.png,FALSE,https://jsonify.hel1.your-objectstorage.com/screenshots/evals/results-2026-08-11-full/playwright/387_www.boots.com_sitesearch_searchTerm_sunscreen.png,FALSE,https://jsonify.hel1.your-objectstorage.com/screenshots/evals/results-2026-08-11-full/selenium/387_www.boots.com_sitesearch_searchTerm_sunscreen.png,FALSE,TRUE
https://www.davidjones.com/search?q=shoes,https://jsonify.hel1.your-objectstorage.com/screenshots/238cf413-d9a6-4de1-8d4f-243a68e5ed9e.png,FALSE,https://jsonify.hel1.your-objectstorage.com/screenshots/evals/results-2026-08-11-full/bless/388_www.davidjones.com_search_q_shoes.png,TRUE,https://jsonify.hel1.your-objectstorage.com/screenshots/evals/results-2026-08-11-full/bbase/388_www.davidjones.com_search_q_shoes.png,TRUE,https://jsonify.hel1.your-objectstorage.com/screenshots/evals/results-2026-08-11-full/browseruse/388_www.davidjones.com_search_q_shoes.png,TRUE,https://jsonify.hel1.your-objectstorage.com/screenshots/evals/results-2026-08-11-full/firecrawl_browser/388_www.davidjones.com_search_q_shoes.png,TRUE,https://jsonify.hel1.your-objectstorage.com/screenshots/evals/results-2026-08-11-full/hyperbrowser/388_www.davidjones.com_search_q_shoes.png,TRUE,https://jsonify.hel1.your-objectstorage.com/screenshots/evals/results-2026-08-11-full/obscura/388_www.davidjones.com_search_q_shoes.png,FALSE,https://jsonify.hel1.your-objectstorage.com/screenshots/evals/results-2026-08-11-full/playwright/388_www.davidjones.com_search_q_shoes.png,FALSE,https://jsonify.hel1.your-objectstorage.com/screenshots/evals/results-2026-08-11-full/selenium/388_www.davidjones.com_search_q_shoes.png,FALSE,TRUE
https://www.fotocasa.es/es/comprar/viviendas/madrid-provincia/todas-las-zonas/l,https://jsonify.hel1.your-objectstorage.com/screenshots/aca8d4a1-9978-42f9-b402-052a03d9b003.png,FALSE,https://jsonify.hel1.your-objectstorage.com/screenshots/evals/results-2026-08-11-full/bless/389_www.fotocasa.es_es_comprar_viviendas_madrid-provincia_todas-las-zonas_l.png,TRUE,https://jsonify.hel1.your-objectstorage.com/screenshots/evals/results-2026-08-11-full/bbase/389_www.fotocasa.es_es_comprar_viviendas_madrid-provincia_todas-las-zonas_l.png,FALSE,https://jsonify.hel1.your-objectstorage.com/screenshots/evals/results-2026-08-11-full/browseruse/389_www.fotocasa.es_es_comprar_viviendas_madrid-provincia_todas-las-zonas_l.png,TRUE,https://jsonify.hel1.your-objectstorage.com/screenshots/evals/results-2026-08-11-full/firecrawl_browser/389_www.fotocasa.es_es_comprar_viviendas_madrid-provincia_todas-las-zonas_l.png,FALSE,https://jsonify.hel1.your-objectstorage.com/screenshots/evals/results-2026-08-11-full/hyperbrowser/389_www.fotocasa.es_es_comprar_viviendas_madrid-provincia_todas-las-zonas_l.png,FALSE,https://jsonify.hel1.your-objectstorage.com/screenshots/evals/results-2026-08-11-full/obscura/389_www.fotocasa.es_es_comprar_viviendas_madrid-provincia_todas-las-zonas_l.png,FALSE,https://jsonify.hel1.your-objectstorage.com/screenshots/evals/results-2026-08-11-full/playwright/389_www.fotocasa.es_es_comprar_viviendas_madrid-provincia_todas-las-zonas_l.png,FALSE,https://jsonify.hel1.your-objectstorage.com/screenshots/evals/results-2026-08-11-full/selenium/389_www.fotocasa.es_es_comprar_viviendas_madrid-provincia_todas-las-zonas_l.png,FALSE,TRUE
https://www.smythstoys.com/uk/en-gb/search?text=lego,https://jsonify.hel1.your-objectstorage.com/screenshots/8eace3de-a588-41c4-b46b-fa285591bfb7.png,FALSE,https://jsonify.hel1.your-objectstorage.com/screenshots/evals/results-2026-08-11-full/bless/390_www.smythstoys.com_uk_en-gb_search_text_lego.png,FALSE,https://jsonify.hel1.your-objectstorage.com/screenshots/evals/results-2026-08-11-full/bbase/390_www.smythstoys.com_uk_en-gb_search_text_lego.png,FALSE,https://jsonify.hel1.your-objectstorage.com/screenshots/evals/results-2026-08-11-full/browseruse/390_www.smythstoys.com_uk_en-gb_search_text_lego.png,FALSE,https://jsonify.hel1.your-objectstorage.com/screenshots/evals/results-2026-08-11-full/firecrawl_browser/390_www.smythstoys.com_uk_en-gb_search_text_lego.png,FALSE,https://jsonify.hel1.your-objectstorage.com/screenshots/evals/results-2026-08-11-full/hyperbrowser/390_www.smythstoys.com_uk_en-gb_search_text_lego.png,FALSE,https://jsonify.hel1.your-objectstorage.com/screenshots/evals/results-2026-08-11-full/obscura/390_www.smythstoys.com_uk_en-gb_search_text_lego.png,FALSE,https://jsonify.hel1.your-objectstorage.com/screenshots/evals/results-2026-08-11-full/playwright/390_www.smythstoys.com_uk_en-gb_search_text_lego.png,FALSE,https://jsonify.hel1.your-objectstorage.com/screenshots/evals/results-2026-08-11-full/selenium/390_www.smythstoys.com_uk_en-gb_search_text_lego.png,FALSE,TRUE
https://lianjia.com/ershoufang/,https://jsonify.hel1.your-objectstorage.com/screenshots/f7310993-e342-4a50-939e-23ba13a917b7.png,FALSE,https://jsonify.hel1.your-objectstorage.com/screenshots/evals/results-2026-08-11-full/bless/391_lianjia.com_ershoufang.png,FALSE,https://jsonify.hel1.your-objectstorage.com/screenshots/evals/results-2026-08-11-full/bbase/391_lianjia.com_ershoufang.png,FALSE,https://jsonify.hel1.your-objectstorage.com/screenshots/evals/results-2026-08-11-full/browseruse/391_lianjia.com_ershoufang.png,FALSE,https://jsonify.hel1.your-objectstorage.com/screenshots/evals/results-2026-08-11-full/firecrawl_browser/391_lianjia.com_ershoufang.png,FALSE,https://jsonify.hel1.your-objectstorage.com/screenshots/evals/results-2026-08-11-full/hyperbrowser/391_lianjia.com_ershoufang.png,FALSE,https://jsonify.hel1.your-objectstorage.com/screenshots/evals/results-2026-08-11-full/obscura/391_lianjia.com_ershoufang.png,FALSE,https://jsonify.hel1.your-objectstorage.com/screenshots/evals/results-2026-08-11-full/playwright/391_lianjia.com_ershoufang.png,FALSE,https://jsonify.hel1.your-objectstorage.com/screenshots/evals/results-2026-08-11-full/selenium/391_lianjia.com_ershoufang.png,FALSE,TRUE
https://www.prologis.com/search?search=warehouse,https://jsonify.hel1.your-objectstorage.com/screenshots/2b81e42a-37be-4eea-a686-ad034dc7cac2.png,TRUE,https://jsonify.hel1.your-objectstorage.com/screenshots/evals/results-2026-08-11-full/bless/392_www.prologis.com_search_search_warehouse.png,FALSE,https://jsonify.hel1.your-objectstorage.com/screenshots/evals/results-2026-08-11-full/bbase/392_www.prologis.com_search_search_warehouse.png,FALSE,https://jsonify.hel1.your-objectstorage.com/screenshots/evals/results-2026-08-11-full/browseruse/392_www.prologis.com_search_search_warehouse.png,FALSE,https://jsonify.hel1.your-objectstorage.com/screenshots/evals/results-2026-08-11-full/firecrawl_browser/392_www.prologis.com_search_search_warehouse.png,FALSE,https://jsonify.hel1.your-objectstorage.com/screenshots/evals/results-2026-08-11-full/hyperbrowser/392_www.prologis.com_search_search_warehouse.png,TRUE,https://jsonify.hel1.your-objectstorage.com/screenshots/evals/results-2026-08-11-full/obscura/392_www.prologis.com_search_search_warehouse.png,FALSE,https://jsonify.hel1.your-objectstorage.com/screenshots/evals/results-2026-08-11-full/playwright/392_www.prologis.com_search_search_warehouse.png,FALSE,https://jsonify.hel1.your-objectstorage.com/screenshots/evals/results-2026-08-11-full/selenium/392_www.prologis.com_search_search_warehouse.png,FALSE,TRUE
https://www2.hm.com/de_de/herren/produkte/polos.html,https://jsonify.hel1.your-objectstorage.com/screenshots/dfd108c2-8f47-426e-b9f7-9410c9f29ab1.png,TRUE,https://jsonify.hel1.your-objectstorage.com/screenshots/evals/results-2026-08-11-full/bless/393_www2.hm.com_de_de_herren_produkte_polos.html.png,TRUE,https://jsonify.hel1.your-objectstorage.com/screenshots/evals/results-2026-08-11-full/bbase/393_www2.hm.com_de_de_herren_produkte_polos.html.png,TRUE,https://jsonify.hel1.your-objectstorage.com/screenshots/evals/results-2026-08-11-full/browseruse/393_www2.hm.com_de_de_herren_produkte_polos.html.png,TRUE,https://jsonify.hel1.your-objectstorage.com/screenshots/evals/results-2026-08-11-full/firecrawl_browser/393_www2.hm.com_de_de_herren_produkte_polos.html.png,TRUE,https://jsonify.hel1.your-objectstorage.com/screenshots/evals/results-2026-08-11-full/hyperbrowser/393_www2.hm.com_de_de_herren_produkte_polos.html.png,TRUE,https://jsonify.hel1.your-objectstorage.com/screenshots/evals/results-2026-08-11-full/obscura/393_www2.hm.com_de_de_herren_produkte_polos.html.png,TRUE,https://jsonify.hel1.your-objectstorage.com/screenshots/evals/results-2026-08-11-full/playwright/393_www2.hm.com_de_de_herren_produkte_polos.html.png,FALSE,https://jsonify.hel1.your-objectstorage.com/screenshots/evals/results-2026-08-11-full/selenium/393_www2.hm.com_de_de_herren_produkte_polos.html.png,FALSE,TRUE
https://www.ray-ban.com/usa?query=round%20eyeglasses,https://jsonify.hel1.your-objectstorage.com/screenshots/6eb20d62-a2fd-441f-80d4-25a4572dc7b2.png,FALSE,https://jsonify.hel1.your-objectstorage.com/screenshots/evals/results-2026-08-11-full/bless/394_www.ray-ban.com_usa_query_round_20eyeglasses.png,FALSE,https://jsonify.hel1.your-objectstorage.com/screenshots/evals/results-2026-08-11-full/bbase/394_www.ray-ban.com_usa_query_round_20eyeglasses.png,FALSE,https://jsonify.hel1.your-objectstorage.com/screenshots/evals/results-2026-08-11-full/browseruse/394_www.ray-ban.com_usa_query_round_20eyeglasses.png,FALSE,https://jsonify.hel1.your-objectstorage.com/screenshots/evals/results-2026-08-11-full/firecrawl_browser/394_www.ray-ban.com_usa_query_round_20eyeglasses.png,FALSE,https://jsonify.hel1.your-objectstorage.com/screenshots/evals/results-2026-08-11-full/hyperbrowser/394_www.ray-ban.com_usa_query_round_20eyeglasses.png,FALSE,https://jsonify.hel1.your-objectstorage.com/screenshots/evals/results-2026-08-11-full/obscura/394_www.ray-ban.com_usa_query_round_20eyeglasses.png,FALSE,https://jsonify.hel1.your-objectstorage.com/screenshots/evals/results-2026-08-11-full/playwright/394_www.ray-ban.com_usa_query_round_20eyeglasses.png,FALSE,https://jsonify.hel1.your-objectstorage.com/screenshots/evals/results-2026-08-11-full/selenium/394_www.ray-ban.com_usa_query_round_20eyeglasses.png,FALSE,TRUE
https://www.newbalance.com/search?q=550,https://jsonify.hel1.your-objectstorage.com/screenshots/75c1bbe2-1873-40f7-8ddc-771c3aa71fd4.png,FALSE,https://jsonify.hel1.your-objectstorage.com/screenshots/evals/results-2026-08-11-full/bless/395_www.newbalance.com_search_q_550.png,FALSE,https://jsonify.hel1.your-objectstorage.com/screenshots/evals/results-2026-08-11-full/bbase/395_www.newbalance.com_search_q_550.png,FALSE,https://jsonify.hel1.your-objectstorage.com/screenshots/evals/results-2026-08-11-full/browseruse/395_www.newbalance.com_search_q_550.png,TRUE,https://jsonify.hel1.your-objectstorage.com/screenshots/evals/results-2026-08-11-full/firecrawl_browser/395_www.newbalance.com_search_q_550.png,TRUE,https://jsonify.hel1.your-objectstorage.com/screenshots/evals/results-2026-08-11-full/hyperbrowser/395_www.newbalance.com_search_q_550.png,FALSE,https://jsonify.hel1.your-objectstorage.com/screenshots/evals/results-2026-08-11-full/obscura/395_www.newbalance.com_search_q_550.png,FALSE,https://jsonify.hel1.your-objectstorage.com/screenshots/evals/results-2026-08-11-full/playwright/395_www.newbalance.com_search_q_550.png,FALSE,https://jsonify.hel1.your-objectstorage.com/screenshots/evals/results-2026-08-11-full/selenium/395_www.newbalance.com_search_q_550.png,FALSE,TRUE
https://www.crocs.com/c/men/footwear/clogs,https://jsonify.hel1.your-objectstorage.com/screenshots/82529eab-2943-443a-aa41-c4c3004abbf6.png,FALSE,https://jsonify.hel1.your-objectstorage.com/screenshots/evals/results-2026-08-11-full/bless/396_www.crocs.com_c_men_footwear_clogs.png,FALSE,https://jsonify.hel1.your-objectstorage.com/screenshots/evals/results-2026-08-11-full/bbase/396_www.crocs.com_c_men_footwear_clogs.png,TRUE,https://jsonify.hel1.your-objectstorage.com/screenshots/evals/results-2026-08-11-full/browseruse/396_www.crocs.com_c_men_footwear_clogs.png,TRUE,https://jsonify.hel1.your-objectstorage.com/screenshots/evals/results-2026-08-11-full/firecrawl_browser/396_www.crocs.com_c_men_footwear_clogs.png,FALSE,https://jsonify.hel1.your-objectstorage.com/screenshots/evals/results-2026-08-11-full/hyperbrowser/396_www.crocs.com_c_men_footwear_clogs.png,FALSE,https://jsonify.hel1.your-objectstorage.com/screenshots/evals/results-2026-08-11-full/obscura/396_www.crocs.com_c_men_footwear_clogs.png,FALSE,https://jsonify.hel1.your-objectstorage.com/screenshots/evals/results-2026-08-11-full/playwright/396_www.crocs.com_c_men_footwear_clogs.png,FALSE,https://jsonify.hel1.your-objectstorage.com/screenshots/evals/results-2026-08-11-full/selenium/396_www.crocs.com_c_men_footwear_clogs.png,FALSE,TRUE
https://lululemon.com/search?Ntt=leggings,https://jsonify.hel1.your-objectstorage.com/screenshots/1830fcfd-73f4-46bc-9f9a-ba26ab9dd559.png,FALSE,https://jsonify.hel1.your-objectstorage.com/screenshots/evals/results-2026-08-11-full/bless/397_lululemon.com_search_Ntt_leggings.png,TRUE,https://jsonify.hel1.your-objectstorage.com/screenshots/evals/results-2026-08-11-full/bbase/397_lululemon.com_search_Ntt_leggings.png,FALSE,https://jsonify.hel1.your-objectstorage.com/screenshots/evals/results-2026-08-11-full/browseruse/397_lululemon.com_search_Ntt_leggings.png,FALSE,https://jsonify.hel1.your-objectstorage.com/screenshots/evals/results-2026-08-11-full/firecrawl_browser/397_lululemon.com_search_Ntt_leggings.png,FALSE,https://jsonify.hel1.your-objectstorage.com/screenshots/evals/results-2026-08-11-full/hyperbrowser/397_lululemon.com_search_Ntt_leggings.png,FALSE,https://jsonify.hel1.your-objectstorage.com/screenshots/evals/results-2026-08-11-full/obscura/397_lululemon.com_search_Ntt_leggings.png,FALSE,https://jsonify.hel1.your-objectstorage.com/screenshots/evals/results-2026-08-11-full/playwright/397_lululemon.com_search_Ntt_leggings.png,FALSE,https://jsonify.hel1.your-objectstorage.com/screenshots/evals/results-2026-08-11-full/selenium/397_lululemon.com_search_Ntt_leggings.png,FALSE,TRUE
https://www.ediblearrangements.com/top-sellers,https://jsonify.hel1.your-objectstorage.com/screenshots/3b1516b2-ff61-49be-b0d8-cc23fcd0aa48.png,TRUE,https://jsonify.hel1.your-objectstorage.com/screenshots/evals/results-2026-08-11-full/bless/398_www.ediblearrangements.com_top-sellers.png,TRUE,https://jsonify.hel1.your-objectstorage.com/screenshots/evals/results-2026-08-11-full/bbase/398_www.ediblearrangements.com_top-sellers.png,TRUE,https://jsonify.hel1.your-objectstorage.com/screenshots/evals/results-2026-08-11-full/browseruse/398_www.ediblearrangements.com_top-sellers.png,TRUE,https://jsonify.hel1.your-objectstorage.com/screenshots/evals/results-2026-08-11-full/firecrawl_browser/398_www.ediblearrangements.com_top-sellers.png,TRUE,https://jsonify.hel1.your-objectstorage.com/screenshots/evals/results-2026-08-11-full/hyperbrowser/398_www.ediblearrangements.com_top-sellers.png,TRUE,https://jsonify.hel1.your-objectstorage.com/screenshots/evals/results-2026-08-11-full/obscura/398_www.ediblearrangements.com_top-sellers.png,TRUE,https://jsonify.hel1.your-objectstorage.com/screenshots/evals/results-2026-08-11-full/playwright/398_www.ediblearrangements.com_top-sellers.png,FALSE,https://jsonify.hel1.your-objectstorage.com/screenshots/evals/results-2026-08-11-full/selenium/398_www.ediblearrangements.com_top-sellers.png,FALSE,TRUE
https://www.game.co.uk/searchresults?descriptionfilter=playstatios,https://jsonify.hel1.your-objectstorage.com/screenshots/67e34030-d3cd-4349-b654-ec9f970fb8a6.png,TRUE,https://jsonify.hel1.your-objectstorage.com/screenshots/evals/results-2026-08-11-full/bless/399_www.game.co.uk_searchresults_descriptionfilter_playstatios.png,TRUE,https://jsonify.hel1.your-objectstorage.com/screenshots/evals/results-2026-08-11-full/bbase/399_www.game.co.uk_searchresults_descriptionfilter_playstatios.png,TRUE,https://jsonify.hel1.your-objectstorage.com/screenshots/evals/results-2026-08-11-full/browseruse/399_www.game.co.uk_searchresults_descriptionfilter_playstatios.png,TRUE,https://jsonify.hel1.your-objectstorage.com/screenshots/evals/results-2026-08-11-full/firecrawl_browser/399_www.game.co.uk_searchresults_descriptionfilter_playstatios.png,TRUE,https://jsonify.hel1.your-objectstorage.com/screenshots/evals/results-2026-08-11-full/hyperbrowser/399_www.game.co.uk_searchresults_descriptionfilter_playstatios.png,TRUE,,FALSE,https://jsonify.hel1.your-objectstorage.com/screenshots/evals/results-2026-08-11-full/playwright/399_www.game.co.uk_searchresults_descriptionfilter_playstatios.png,FALSE,https://jsonify.hel1.your-objectstorage.com/screenshots/evals/results-2026-08-11-full/selenium/399_www.game.co.uk_searchresults_descriptionfilter_playstatios.png,FALSE,TRUE
https://www.douyin.com/search/travel,https://jsonify.hel1.your-objectstorage.com/screenshots/73e192c0-bc4f-428b-a185-f91044820383.png,FALSE,https://jsonify.hel1.your-objectstorage.com/screenshots/evals/results-2026-08-11-full/bless/400_www.douyin.com_search_travel.png,FALSE,https://jsonify.hel1.your-objectstorage.com/screenshots/evals/results-2026-08-11-full/bbase/400_www.douyin.com_search_travel.png,FALSE,https://jsonify.hel1.your-objectstorage.com/screenshots/evals/results-2026-08-11-full/browseruse/400_www.douyin.com_search_travel.png,FALSE,https://jsonify.hel1.your-objectstorage.com/screenshots/evals/results-2026-08-11-full/firecrawl_browser/400_www.douyin.com_search_travel.png,FALSE,https://jsonify.hel1.your-objectstorage.com/screenshots/evals/results-2026-08-11-full/hyperbrowser/400_www.douyin.com_search_travel.png,FALSE,,FALSE,https://jsonify.hel1.your-objectstorage.com/screenshots/evals/results-2026-08-11-full/playwright/400_www.douyin.com_search_travel.png,FALSE,https://jsonify.hel1.your-objectstorage.com/screenshots/evals/results-2026-08-11-full/selenium/400_www.douyin.com_search_travel.png,FALSE,TRUE